brand_name,platform_name,title,caption_text,hashtags,like_count,view_count,comment_count,upload_date,content_url
CU,인스타그램,,,,,,,2025-10-25 23:18:28,https://www.instagram.com/p/DQQBVR2k-G9/
,인스타그램,,"""CU 건강기능식품 90% 할인  CU 건기식 90% 할인?! 🤩 💊건기식 17종 5개 이상 토스페이 머니/계좌 결제시 적용  🗓️ 기간 ~ 5월 31일 → 최대 80% 할인 5/5, 5/8, 5/15 → 최대 90% 할인  🎁 포켓 CU QR 스캔 > 토스페이 머니/계좌 결제  ⚠️ 일 1회, 1회 최대 20,000원 한도 💌 대상 상품 및 재고 조회는 ‘씨유’ 댓글 남기기 🔔팔로우하시고 다양한 할인정보 빠르게 받아보세요!"".",,32,,53,2026-05-04 22:00:22,https://www.instagram.com/p/DX7shUkk8iv/
,인스타그램,,,,,,,2025-09-26 02:16:00,https://www.instagram.com/p/DPDGBlREkRY/
,인스타그램,,"""ㅤ #EVENT 다 떨어진 건강기능식품을 발견한 아침! 하루 거르는 게 찝찝한 분?  공복에는 먹기 싫은 건강기능식품! 쉽게 언제든지 섭취하고 싶은 분?  전국 6천개 CU에서 바로 고민 해결 가능합니다 :)   믿을 수 있는 동아제약이 직접 개발한 필수 건강기능식품 8종 런칭  1. 셀파렉스 비타민C #끓어올려 2. 셀파렉스 마그네슘 #에너지 3. 셀파렉스 테아닌 #괜찮아  4. 셀파렉스 루테인지아잔틴 #눈호강 5. 셀파렉스 rTG오메가3 #혈행의선순환 6. 셀파렉스 밀크씨슬 #지금이순간 7. 셀파렉스 MSM 2000 #관절해 8. 셀파렉스 칼슘마그네슘비타민D #약골탈퇴  전 제품 5,000원에 상시 1+1 행사  ㄴ 개당 2,500원!! (교차구매 가능)  9~10월 매주 월요일 ""건강기능식품데이"" 단 하루! 6개 구매 시 67% 파격할인  ㄴ 9,900원 ▶ 개당 1,650원!  💬 댓글 EVENT 💬 지금 나에게 가장 필요한 건강기능식품이 무엇인지 댓글로 남겨주세요! 추첨을 통해 선물을 드립니다!  ✅ CU 공식 인스타그램 팔로우 필수! ✅ 기간: 9/23(화)~9/30(화) ✅ 당첨자 발표: 10/10(금) *당첨자 개별 DM 발표 ✅ 경품: CU 모바일상품권 3천원권 (10명)  ※ 본 이벤트는 2건의 게시물에서 동시에 진행 됩니다.  #동아제약 #셀파렉스 #건강기능식품 #건기식 #CU건기식 #CU #씨유 #당신의_좋은친구_CU  *판매원 ㈜동아제약 *제조원 : ㈜서흥, ㈜코스맥스바이오"".","#EVENT, #끓어올려, #에너지, #괜찮아, #눈호강, #혈행의선순환, #지금이순간, #관절해, #약골탈퇴, #동아제약, #셀파렉스, #건강기능식품, #건기식, #CU건기식, #CU, #씨유, #당신의_좋은친구_CU",296,,252,2025-09-23 04:56:57,https://www.instagram.com/p/DO7V9_nDdQl/
,인스타그램,,"""다이소는 실패했는데, 이번엔 CU(@cu_official)가 건기식 시장에 다시 도전장을 냈다고?! 🧐  전국 6,000여 특화점에서 건강기능식품을 선보인다는 CU의 당당한 발표가 이달 1일에 발표되었습니다. 다이소 때와는 다르게 일부 매장만 ‘특화점’으로 지정해서 인허가까지 꼼꼼히 챙긴 점이 차별화 포인트!  제약사와의 협업으로 CU에서만 만날 수 있는 단독 제품들도 곧 등장 예정이라는 소식까지! 앞으로의 반응이 궁금해지는데요, 편의점 시장 1위의 새로운 도전. 지금 카드뉴스에서 만나보세요 💚  @labit.official ————————— #마케팅매거진 #마케팅트렌드 #트렌드매거진 #트렌드레터 #마케팅인사이트 #건기식 #건강기능식품 #CU"".","#마케팅매거진, #마케팅트렌드, #트렌드매거진, #트렌드레터, #마케팅인사이트, #건기식, #건강기능식품, #CU",9,,1,2025-07-03 13:35:25,https://www.instagram.com/p/DLpcNaPzs7P/
,인스타그램,,"""(광고) 이게 다 5,900원이라고요? 😳   월급 빼고 다 오르는 요즘, 건강기능식품 챙겨 먹고 싶어도 비싼 건 부담되고 싼 건 “이거 함량 거의 없는 거 아냐?” 한 번쯤 의심해본 적 있지 않으세요?   그래서 제가 손품·발품 팔아가며 정착한 게 바로 CJ웰케어 건강기능식품 라인업이에요.   ✔️ 전 제품 균일가 6,900원 ✔️ 커피 한 잔 값으로 한 달 건강관리 ✔️ 출시된 지 한 달도 안 된 따끈한 신상   “왜 이렇게 싸?” 싶었는데 알고 보니 기본이 1개월 분이고 ✅루테인지아잔틴은 40일분 ✅비타민D 4000IU는 60일분 ✅나머지 8종도 전부 30일분   게다가 대기업 CJ에서 만든 제품이라 제약·식품 R&D 기반 ✔️ 정확한 함량✔️ 과학적 배합✔️ 철저한 품질관리 👉 CJ웰케어 3종 품질 기준 모두 통과     비타민 C, 오메가3, 비타민 D 같은 기본템부터 비싸서 망설였던 밀크씨슬 · 비오틴 · 글루타치온 · 바나잎추출물까지 이 가격에 고를 수 있다는 게 솔직히 놀라웠어요.   “싼 게 비지떡 아니야?”라는 생각, 함량이랑 원료사 보면 바로 사라집니다.   과하지도 부족하지도 않게, 가격 · 품질 · 함량 딱 밸런스 좋은 건강기능식품 찾는다면 이 라인업 한 번은 꼭 보세요 👀💊   @cjwellcare #CJ웰케어#건강기능식품 #건강기능식품추천 #오메가3추천 비타민추천"".","#CJ웰케어, #건강기능식품, #건강기능식품추천, #오메가3추천",582,,35,2026-02-24 10:30:59,https://www.instagram.com/p/DVIyqkIklH7/
,인스타그램,,"""ㅤ #EVENT  다가오는 설날 🌤 명절 선물 고민은 이제 끝!  설 명절맞이 건강관리 선물 ᕦ(๑•̀o•́๑)ᕤ CU와 함께 준비하세요!  마음을 전하는 파격 행사 🔥 건강기능식품 5개 구매 시 10,000원!!  💚 종근당 종합건강 10정 외 8종 각 5,000원 - 종근당 시리즈 9종 상품 간 교차구매 가능  🧡 동아 에너지 10정 외 7종 각 5,000원 - 동아 시리즈 8종 상품 간 교차구매 가능  ※ 판매원 : ㈜종근당 ※ 제조원 : 코스맥스엔비티, 네추럴웨이, 메디오젠  ※ 판매원 : ㈜동아제약 ※ 제조원 : 서흥, 코스맥스바이오  💬 댓글 EVENT 💬 이번 설에는 건강관리 선물로 마음을 전해보세요♡ 친구를 태그해 건강기능식품 행사 소식을 알려주세요! 추첨을 통해 선물을 드립니다 🎁  ✔️ @cu_official 인스타그램 계정 팔로우 ✔️ 이벤트 기간: 2/9(월) ~ 2/16(월) ✔️ 당첨자 발표: 2/23(월) *DM 개별 발표 ✔️ 경품: CU 모바일상품권 5천원권 (10명)  #건강기능식품 #건기식 #CU건기식 #CU할인 #CU행사 #할인행사 #CU프로모션 #CU #씨유 #CU편의점 #당신의_좋은친구_CU"".","#EVENT, #건강기능식품, #건기식, #CU건기식, #CU할인, #CU행사, #할인행사, #CU프로모션, #CU, #씨유, #CU편의점, #당신의_좋은친구_CU",697,,773,2026-02-09 07:10:58,https://www.instagram.com/p/DUhsyHvD5uD/
,인스타그램,,,,,,,2026-03-03 04:59:44,https://www.instagram.com/p/DVaOOeOExCq/
,인스타그램,,"""#광고 물가 상승과 경기 침체 속에서도 건강 관리는 놓칠 수 없는 가운데 CJ웰케어(@cjwellcare_official)가 ‘가격 혁명’ 콘셉트의 건강기능식품 10종 라인업을 선보였습니다.💊 전 제품이 균일가 6,900원으로 구성돼 커피 한 잔 가격으로 한 달 건강 관리가 가능한데요. 기본 구성은 모두 1개월분이며 루테인지아잔틴은 40일분, 비타민D 4000IU는 60일분으로 넉넉하게 설계됐습니다.📦 비타민C는 DSM 영국산 원료에 1,000mg 함량, 오메가3는 초임계 rTG 방식에 700mg 함량, 비타민D는 4,000IU로 가성비와 품질을 함께 고려했습니다.⚖️ 기초 라인뿐 아니라 밀크씨슬, 비오틴, 글루타치온, 바나바잎추출물 등 요즘 주목받는 원료까지 포함돼 맞춤형 선택이 가능합니다. CJ그룹의 품질 기준을 적용한 제품으로 가격 부담은 낮추고 신뢰도는 높인 건강 루틴 제안입니다.✅"".",#광고,131,,0,2026-01-30 08:58:09,https://www.instagram.com/p/DUIQNQxjJmQ/
,인스타그램,,"""와... CU가 진짜 물가 때려잡으려고 작정했나 봐요! 🥳✨ 요즘 비싸서 못 사 먹던 건강기능식품 17종이 무려 90% 할인 중!  이거 실화인가 싶어서 계산해봤더니, 5개 이상 사면 개당 가격이 편의점 껌값 수준... ㄷㄷ 비타민부터 유산균, 홍삼까지 종류도 다양해서 부모님 선물이나 내 건강 챙기기에 딱이에요!  ✅ 이벤트 요약 (필독!)  내용: 건강기능식품 대상 품목 17종 90% 할인 조건: 대상 상품 5개 이상 구매 시 적용! (교차 선택 가능 여부 확인) 품목: 멀티비타민, 루테인, 밀크씨슬, 유산균 등 인기 17종  기간: 2026년 5월 한정 (재고 소진 시 종료)  자세한 링크 정보는 @humorzzip 팔로우후 댓글에 <건기식> 남기면 링크 쏴드림🚀  편의점마다 재고가 다를 수 있으니 '포켓CU' 앱으로 재고 조회하고 가세요! 품절 대란 예상되니까 보이면 일단 바구니에 담는 게 승리자입니다. 🏃‍♂️💨  ""이거 알려주면 엄마한테 칭찬받음 ㅋㅋㅋ @친구태그해서 같이 쓸어오기!"" 👇  #CU #CU신상 #CU편의점 #편의점꿀팁 #건강기능식품"".","#CU, #CU신상, #CU편의점, #편의점꿀팁, #건강기능식품",12,,1,2026-05-06 08:55:31,https://www.instagram.com/p/DX_cRAjGKy5/
,인스타그램,,"""ㅤ 몸도 혈당도 가볍게. 건강한 다이어트 필수템 CU 종근당 다이어트✨  📌 종근당)다이어트10정 / 5,000원 / 1+1증정! 📌 식후 혈당 상승 CUT 📌 체지방 & 콜레스테롤 DOUBLE CUT  지금 전국 약 6천개 CU에서 건강기능식품을 가장 가깝게 만나보세요!  오직 CU에서만! ☑ 개당 5,000원에 상시 1+1 👉 개당 2,500원 ☑ 6개 구매 시 12,000원 👉 개당 2,000원  ☑ 종근당 9종 상품 간, 교차 구매 가능!  🔍 건강기능식품 판매 점포 및 재고 조회는 포켓쳐 APP에서 확인하세요⚡  #헬CUP #헬씨업 #건강기능식품 #건기식 #CU건기식 #다이어트 #혈당컷 #CU #씨유 #당신의_좋은친구_CU   - 판매원 : ㈜종근당 - 제조원 : 코스맥스엔비티"".","#헬CUP, #헬씨업, #건강기능식품, #건기식, #CU건기식, #다이어트, #혈당컷, #CU, #씨유, #당신의_좋은친구_CU",111,,1,2025-08-07 09:30:13,https://www.instagram.com/p/DNDH993KxmX/
,인스타그램,,"""#협찬 하루 한 병으로 채우는 활력 에너지⚡ #비컴플  바쁜 현대인들을위해 간편하게 비타민과 각종 영양케어를 할 수 있는 제품💕  💙파란색 병💙은 마그네슘 180g+비타민으로 이중케어를  ❤빨간색 병❤은 아르기닌 3,000mg+비타민으로 이중케어를 도와요  만성피로와 피곤에 지쳐있는 하루😥라면 비컴플로 활력충전👍 어때요?  오직 💚CU💜에서만 판매중  ___  #마그네슘 #아르기닌 #CU #CU덕후 #CU영양제 #CU비컴플 #마그네슘영양제 #아르기닌영양제 #영양제추천 #영양제 #편의점영양제 #편의점피로회복제 #피로회복제 #비타민추천 #비타민 #편의점비타민"".","#협찬, #비컴플, #마그네슘, #아르기닌, #CU, #CU덕후, #CU영양제, #CU비컴플, #마그네슘영양제, #아르기닌영양제, #영양제추천, #영양제, #편의점영양제, #편의점피로회복제, #피로회복제, #비타민추천, #비타민, #편의점비타민",221,,107,2024-11-24 10:50:56,https://www.instagram.com/p/DCwFtaCpSbs/
,인스타그램,,"""⠀ #EVENT  내가 돈이 없지, 사랑이 없나?! 5월 가정의 달, CU에서 알뜰하게 건강 선물하기 🎁  ① 건강기능식품 정제형 17종 5개 이상 구매 시 10,000원!  ✔ 5월 한 달간 토스페이 머니/계좌로 5개 이상 구매 시 👉 최대 80% 할인! ※ 5개 미만 결제 시 미적용 / 1회 최대 할인한도 20,000원  ✔ 5월 1일/5일/8일/15일 토스페이 머니/계좌로 5개 이상 구매 시 👉 최대 90% 멤버십QR 할인! ※ 5개 미만 결제 시 미적용 / 1회 최대 할인한도 20,000원 ※ 포켓CU 멤버십QR 스캔 필수 ※ 판매원(종근당/동아제약) 간 교차 불가  ② 건강기능식품 앰플, 이중제형 등 11종 1+1  증정 or 기본 할인!  ✔ 5월 한 달간 하나/농협/우리카드 결제 시 👉 20% 추가 할인! ※ 1개 당 적용 / 박스 단위 상품 미적용 / 1회 최대 할인한도 4,000원  ✔ 5월 1일/5일/8일/15일 하나/농협/우리카드 결제 시 👉 최대 50% 멤버십QR 추가 할인! ※ 1개 당 적용 / 박스 단위 상품 미적용 / 1일 1회, 1회 최대 할인한도 8,000원 ※ 포켓CU 멤버십QR 스캔 필수  더욱 자세한 행사 내용은 포켓CU APP에서 확인해주세요!  종근당 정제형 9종 ※ 판매원 : ㈜종근당 ※ 제조원 : 코스맥스엔비티, 네추럴웨이, 메디오젠  동아제약 정제형 8종 ※ 판매원 : ㈜동아제약 ※ 제조원 : 서흥, 코스맥스바이오  유한양행 3종  ※ 판매원 : ㈜유한양행 ※ 제조원 : 서흥, 서흥헬스케어  CJ제일제당 3종  ※ 판매원 : 씨제이웰케어㈜ ※ 제조원 : 코스맥스엔비타㈜  종근당건강 2종  ※ 판매원 : 종근당건강㈜ ※ 제조원 : 네추럴웨이, 종근당건강㈜  동화약품 2종 ※ 판매원 : 동화약품㈜ ※ 제조원 : 코스맥스바이오㈜  💬 댓글 EVENT 💬 @@아 CU에서 가정의 달 선물 미리 준비하자! 친구를 태그해 5월 건강기능식품 결제행사 소식을 알려주시면 추첨을 통해 선물을 드립니다 🎁 ⠀ ✅ CU 공식 인스타그램 팔로우 필수 ✅ 이벤트 기간: 5/1(금) ~ 5/8(금) ✅ 당첨자 발표: 5/15(금) *DM 개별 발표 ✅ 경품: CU 모바일 상품권 5천원권 (10명)  #5월할인 #결제할인 #할인행사 #건강기능식품 #가정의달 #CU할인 #CU결제행사 #CU할인혜택 #5월행사 #편의점할인 #CU #씨유 #CU편의점 #당신의_좋은친구_CU"".","#EVENT, #5월할인, #결제할인, #할인행사, #건강기능식품, #가정의달, #CU할인, #CU결제행사, #CU할인혜택, #5월행사, #편의점할인, #CU, #씨유, #CU편의점, #당신의_좋은친구_CU",564,,581,2026-05-01 04:01:58,https://www.instagram.com/p/DXyCitfCCuO/
,인스타그램,,"""진짜 난리난 cu 건기식 행사입니다.  #cu #편의점 #건기식 #건강기능식품 #종근당 #동아"".","#cu, #편의점, #건기식, #건강기능식품, #종근당, #동아",186,,79,2026-05-04 22:25:07,https://www.instagram.com/p/DX7vPkEA9UC/
,인스타그램,,"""ㅤ 워어어어얼화아아아수우우모옥금 한 주간 쌓인 스트레스로 인한 피로… CU 마그랩 포 스트레스 한 샷으로 케어하자!  📌 동화)마그랩포스트레스25ml / 3,900원 / 1+1증정! 📌 흡수 빠른 액상타입 글루콘산 마그네슘 📌 스트레스로 인한 피로 개선에 도움을 줄 수 있는 홍경천추출물 함유  지금 전국 약 6천개 CU에서 건강기능식품을 가장 가깝게 만나보세요!  오직 CU에서만! ☑ 개당 3,900원에 상시 1+1  ☑ 마그랩 2종 상품 간, 교차 구매 가능!  🔍 건강기능식품 판매 점포 및 재고 조회는 포켓CU APP에서 확인하세요⚡  #헬CUP #헬씨업 #건강기능식품 #건기식 #CU건기식 #마그랩 #마그랩포스트레스 #스트레스로인한피로개선 #CU #씨유 #당신의_좋은친구_CU","#헬CUP, #헬씨업, #건강기능식품, #건기식, #CU건기식, #마그랩, #마그랩포스트레스, #스트레스로인한피로개선, #CU, #씨유, #당신의_좋은친구_CU",0,,0,2025-09-01 22:11:47,https://www.instagram.com/p/DOE2_9cE-gT/
,인스타그램,,"""식품의약품안전처가 숙취해소를 표방하는 일반식품에 대해 인체적용시험 자료 제출을 의무화하면서, 숙취해소제 시장에 변화의 바람이 불고 있습니다.  이에 따라 다수 브랜드가 임상시험 통과에 어려움을 겪는 가운데, 일본 건강기능식품 전문기업 네제스트(Nexest)가 개발한 숙취해소제 '아사이치케아'가 주목받고 있는데요.  아사이치케아는 핵심 원료인 'ACP-20'에 대한 인체적용시험을 식약처 기준에 따라 성공적으로 완료했습니다.  시험은 만 19세 이상 40세 이하의 성인 남녀를 대상으로 진행되었으며, 이중맹검·무작위배정·교차시험 설계를 통해 과학적 타당성을 확보했습니다. 그 결과, 혈중 알코올 및 아세트알데히드 농도 감소는 물론, 숙취 자각 증상 개선 효과까지 입증받았습니다.  7월 중순부터 전국 CU 편의점에서는 아사이치케아 입점을 기념해 1+1 프로모션을 진행 예정이라고 합니다.  📸 쥬퍼  #아사이치케아 #숙취해소제 #숙취 #숙취템 #숙취해소 #CU #원플러스원"".","#아사이치케아, #숙취해소제, #숙취, #숙취템, #숙취해소, #CU, #원플러스원",18,,0,2025-07-21 05:30:05,https://www.instagram.com/p/DMW6-cxT-FZ/
,인스타그램,,"""⠀ #EVENT  돌아온 5월의 결제 혜택! 바코드 찍기 전 씨유딜 확인하세요 💜  제로탄산, 에너지드링크, 해피즈 등 더워지는 날씨에 딱! 필요한 다양한 음료부터 가정의 달 선물로 좋은 건강기능식품까지! 💌  결제할수록 혜택이 쌓이는 마법  이번 달도 아묻따 CU로 가! 💨💨  5월의 시작도 CU 혜택과 함께 싹쓸이하세요 (●'◡'●)  💬 댓글 EVENT 💬 5월 결제 혜택 라인업 중 가장 구매하고 싶은 상품은 무엇인지 댓글로 남겨주시면 추첨을 통해 선물을 드립니다 🎁 ⠀ ✅ CU 공식 인스타그램 팔로우 필수 ✅ 이벤트 기간: 4/30(목) ~ 5/7(목) ✅ 당첨자 발표: 5/14(목) *DM 개별 발표 ✅ 경품: CU 모바일 상품권 5천원권 (10명)  ※ 상세한 행사 상품 및 내용은 포켓CU APP 내   혜택 아이콘을 통해 확인해주세요. ⠀ #제로탄산 #에너지드링크 #get커피 #건강기능식품 #디저트 #프라페 #과일 #샌드위치 #샐러드 #삼각김밥 #CU5월행사 #5월결제행사 #씨유딜 #CU할인 #CU #씨유 #CU편의점 #당신의_좋은친구_CU"".","#EVENT, #제로탄산, #에너지드링크, #get커피, #건강기능식품, #디저트, #프라페, #과일, #샌드위치, #샐러드, #삼각김밥, #CU5월행사, #5월결제행사, #씨유딜, #CU할인, #CU, #씨유, #CU편의점, #당신의_좋은친구_CU",912,,924,2026-04-30 02:38:06,https://www.instagram.com/p/DXvQFO0gY2v/
,인스타그램,,"""🤔 건강기능식품 컨설턴트, 어떤 자격증인가요?  Q. 건강기능식품 컨설턴트란❓ A. 건기식 제품 정보를 정확하게 전달하고 부당광고로 인한 오해를 사전에 방지하며 전문성에 기반한 홍보·판매 전략을 수립할 수 있는 건강기능식품 업계 전문가입니다. 🤓  학력/연령 제한 없이 누구나 취득할 수 있어요!  자세한 내용은 건강기능식품 자격증센터에서 확인하실 수 있습니다. 👀"".",,11,,2,2026-04-30 06:59:59,https://www.instagram.com/p/DXvyOiWlHKC/
,인스타그램,,"""#광고 비자XCU 💥CU모바일상품권(5000원)받으실 분👀  하루 종일 쉼없이 바쁘게 지내다 보면 밥도 제때 못 챙겨 먹을 때가 많고 불규칙한 생활 패턴에 무너지는 건 결국 체력이잖아요😭  모든 일의 기본은 체력💪 건강을 챙겨야 오래 버틸 수 있겠죠?  그래서 비자와 CU가 여러분의 건강을 위해 #댓글이벤트 를 준비했답니다🙉❤️  댓글에 요즘 갖고 있는 ’건강 고민‘을 남겨주세요 추첨을 통해 CU에서 건강기능식품 구매할 수 있는 모바일상품권을 드립니다😋  ✔️ 기간 : 9.15","#광고, #댓글이벤트",845,,380,2025-09-12 02:21:26,https://www.instagram.com/p/DOfDhJxEq-s/
,인스타그램,,"""ㅤ 오늘도 내일도 건강하게! 간편한 건강 습관, CU에서 시작하자✨  가장 가까운 건강 플랫폼! 전국 약 6천개 CU에서 건강기능식품을 더 손쉽게 만나보세요💜  🔍 헬C UP! 건강기능식품 판매 점포 및 재고 조회는? 포켓CU APP에서!  #헬CUP #헬씨업 #건강기능식품 #건기식 #CU건기식 #CU #씨유 #당신의_좋은친구_CU   ※ 판매원 : (주)종근당, 동화약품  ※ 제조원 : 코스맥스엔비티, 네추럴웨이, 메디오젠, 코스맥스바이오"".","#헬CUP, #헬씨업, #건강기능식품, #건기식, #CU건기식, #CU, #씨유, #당신의_좋은친구_CU",126,,0,2025-07-28 10:37:05,https://www.instagram.com/p/DMpe-nxRWtL/
,인스타그램,,,,,,,2025-10-25 23:18:28,https://www.instagram.com/p/DQQBVR2k-G9/
,인스타그램,,"""편의점 손님으로 산지 어언.. 아마 8살때부터인거같으니..20년이 넘었다 그때 낙은 비디오방에서 해리포터 빌려보구 학교안가는 일요일에 느긋하게 편의점에서 육계장작은컵을 먹는게 행복이였다 ㅋㅋ  심지어 넌 커서 뭐가될래라고 물으면 여잔 기술을 가진게 최고라서 미용고를 보내신다햇는데 난 거기 안가 슈퍼사장하거나 회사원될거야 라고한 ㅎㅎ  요즘도 편의점은 천국이다  근데 미용도 언젠가 배워둬야할거같다...^^  #CU #편의점 #그냥 연차라 글씀 ㅋ #월요일 #연차"".","#CU, #편의점, #그냥, #월요일, #연차",8,,0,2026-02-23 07:54:32,https://www.instagram.com/p/DVF7jZdkYs8/
,인스타그램,,"""제네틱스팜 신제품출시 건강기능식품 의약품 화장품 제조 및 공급 삼성의료원 임상완료 #유산균  #건강기능식품 #화장품 의약품 #kfood #cosmetics # 창고형약국"".","#유산균, #건강기능식품, #화장품, #kfood, #cosmetics",10,,0,2026-05-04 07:56:55,https://www.instagram.com/p/DX0NyNwkt4u/
,인스타그램,,"""이 포스팅은 브랜드로부터 소정의 고료를 지급받아 작성된 포스팅입니다.  친구 선물 고민될 때 카톡으로 바로 보낼 수 있는 템 찾았어요  CJ웰케어 하루한알 건강구미 선물세트인데 패키지부터 스티커 디테일까지 받는 순간 기분 좋아지는 포인트가 넘 귀여움   멀티비타민, 루테인, 비오틴, 비타민D아연 구미까지 4종을 한 세트로 즐길 수 있는 올인원 구성이라 뭘 골라줘야 하나 고민할 필요 없이  이거 하나로 끝낼 수 있어서 너무 좋더라고요  말랑쫄깃한 구미 형태라  부담 없이 맛있게 건강루틴 챙길 수 있고 15900원이라 부담 없이 선물하기도 딱 좋아요   선물세트 → 카카오 선물하기에서 구매 가능  낱개 상품 → 쿠팡에서 구매 가능  #광고 #CJ웰케어 #하루한알 #건강구미 #편의점신상"".","#광고, #CJ웰케어, #하루한알, #건강구미, #편의점신상",1058,,39,2026-05-07 11:08:23,https://www.instagram.com/p/DX6akYfk7kk/
,인스타그램,,"""#댓글event 회사에서 제 추구미요? 그저 제 눈과 뇌와 간이 건강하길 바랄 뿐입니다 🙏  더도 말고 덜도 말고 건강이 최고인 직장인들을 위한 편의점 건강기능식품의 등장! 💊  전국 CU에서 24시간 건강기능식품 1+1이니까 나에게 필요한 건강을 간편하게 챙기세요~ !  ✅ 눈건강 ✅ 간건강 ✅ 두뇌기억력 ✅ 장건강 ✅ 종합건강 ✅ 다이어트  ✅ 이너케어 ✅ 혈행건강 ✅ 뼈건강  ※  종근당 9종 상품 간, 교차 구매 가능 ※  개당 5,000원에 상시 1+1 ! 개당 2,500원 꼴이에요!  ______________________________________________ #댓글event 댓글로 “지금 나에게 가장 필요한  건기식”을 남기면 추첨을 통해 CU상품권을 드려요!  ✔️ 이벤트 기간: 9/11(목) ~ 9/18(목) ✔️ 당첨자 발표: 9/25(목) @cu_official 계정으로 개별 DM을 드릴 예정이니 메시지함을 확인해주세요 *  ✔️ 경품 * CU 모바일 상품권 3만원 (3명) * CU 모바일 상품권 1만원 (7명)  🔍 건강기능식품 판매 점포 및 재고 조회는 포켓CU APP에서 확인하세요!  - 판매원 : ㈜종근당 - 제조원 : 코스맥스엔비티  #광고 #CU #씨유 #헬CUP #헬씨업 #건강기능식품 #건기식 #CU건기식"".","#댓글event, #댓글event, #광고, #CU, #씨유, #헬CUP, #헬씨업, #건강기능식품, #건기식, #CU건기식",1115,,532,2025-09-11 09:34:09,https://www.instagram.com/p/DOdMd-YDcdD/
,인스타그램,,"""ㅤ 칼슘·마그네슘, 비타민, 아연으로 튼튼하게! CU에서 시작하세요🦴  📌 종근당)뼈건강10정 / 5,000원 / 1+1 증정! 📌 칼슘, 마그네슘 2:1 배합 📌 11중 복합 기능성  지금 전국 약 6천개 CU에서 건강기능식품을 가장 가깝게 만나보세요!  오직 CU에서만! ☑ 개당 5,000원에 상시 1+1 👉 개당 2,500원 ☑ 6개 구매시 12,000원 👉 개당 2,000원  ☑ 종근당 9종 상품 간, 교차 구매 가능!  🔍 건강기능식품 판매 점포 및 재고 조회는 포켓CU APP에서 확인하세요⚡  #헬CUP #헬씨업 #건강기능식품 #건기식 #CU건기식 #뼈건강 #칼슘 #마그네슘 #CU #씨유 #당신의_좋은친구_CU  - 판매원 : ㈜종근당 - 제조원 : 네추럴웨이"".","#헬CUP, #헬씨업, #건강기능식품, #건기식, #CU건기식, #뼈건강, #칼슘, #마그네슘, #CU, #씨유, #당신의_좋은친구_CU",101,,3,2025-08-11 09:30:12,https://www.instagram.com/p/DNNbJhWuXLL/
,인스타그램,,"""#EVENT 🎊동아동 NEW 주민 입성🎊 CU편의점에서 바로 만나는 데일리 비타민C  바쁜 일상에 빠질 수 없는 리프레시템 비타민C #즉시비타민 #셀파렉스_비타민C_1000mg 로 하루를 상큼하게 리프레시! ✨  #셀파렉스_바로 비타민C, 밀크씨슬 등 총 8종 라인업을 CU편의점에서 확인하세요🔍  🛒 셀파렉스 구매는 오직 CU에서만! 포켓CU 앱에서도 구매 가능해요 🙌  -  #댓글이벤트  🌟너는 나의 비타민🌟  힘들 때, 지칠 때 나를 리프레시 시켜주는  나만의 비타민 같은 사람이 있나요?💛  댓글로  @나의 비타민을  소환해주시면  셀파렉스 비타민을 드립니다🎁  ✅참여 방법 ① 본 계정(@donga_official) 팔로우 후 ② 댓글로 나만의 비타민 소환하기 @친구야  나의 비타민이 되어줘서 고마워🫰  📆이벤트 일정 : 9/26(금) ~ 10/2(목) 🎁경품 : 셀파렉스 비타민C 1000mg (10명) ✔발표 : 10/15(수)  DM 발표 및 댓글 공지  본 광고는 건강기능식품 광고입니다.  -제조원 : 코스맥스바이오(주) -판매원 : 동아제약㈜"".","#EVENT, #즉시비타민, #셀파렉스_비타민C_1000mg, #셀파렉스_바로, #댓글이벤트",151,,183,2025-09-26 08:04:25,https://www.instagram.com/p/DPDt5iXEWWd/
,인스타그램,,"""ㅤ #EVENT  열정이 필요한 지금. 영국산 비타민C 1000mg로 너의 열정 끓어올려↗  📌 하루 한번, 한 번에 한 알로 가볍게!  📌 DSM사 프리미엄 영국산 비타민C 1000mg 함유!  지금 전국 약 6,000개 CU에서 동아제약 건강기능식품을 만나보세요! ※ 포켓CU APP에서 판매점포 확인 및 재고 조회 필수!  ♥️ 오직 CU에서만 ♥️ 동아제약)셀파렉스비타민C1000 10정 5,000원 ✔️ 상시 1+1 행사진행(개당 2,500원) ✔️ 동아제약 8종 상품 간 교차구매 가능  💬 댓글 EVENT 💬 비타민C 뭐 먹을지 고민하는 친구들 모여! 비타민C 유목민 친구들에게 소문내주세요. 추첨을 통해 선물을 드립니다.  ✅ CU 공식 인스타그램 팔로우 필수! ✅ 이벤트 기간: 11/25(화)~12/2(화) ✅ 당첨자 발표: 12/9(화) *당첨자 개별 DM 발표 ✅ 경품: CU 모바일상품권 5천원권 (5명)  -판매원 : (주)동아제약 -제조원 : (주)서흥  #동아제약 #셀파렉스 #건강기능식품 #CU #씨유 #CU편의점 #당신의_좋은친구_CU"".","#EVENT, #동아제약, #셀파렉스, #건강기능식품, #CU, #씨유, #CU편의점, #당신의_좋은친구_CU",310,,290,2025-11-25 02:00:22,https://www.instagram.com/p/DRdj7sdjQev/
,인스타그램,,"""ㅤ 장 속이 편해야 진짜 편한 하루! CU 장건강으로 매일 가볍게 시작하세요💨  📌 종근당)장건강10정 / 5,000원 / 1+1 증정! 📌 특허 비피더스균 함유 📌 1캡슐 당 프로바이오틱스 수 20억 CFU 보장  지금 전국 약 6천개 CU에서 건강기능식품을 가장 가깝게 만나보세요!  오직 CU에서만! ☑ 개당 5,000원에 상시 1+1 👉 개당 2,500원 ☑ 6개 구매시 12,000원 👉 개당 2,000원  ☑ 종근당 9종 상품 간, 교차 구매 가능!  🔍 건강기능식품 판매 점포 및 재고 조회는 포켓CU APP에서 확인하세요⚡  #헬CUP #헬씨업 #건강기능식품 #건기식 #CU건기식 #장건강 #비피더스균 #프로바이오틱스 #CU #씨유 #당신의_좋은친구_CU  - 판매원 : ㈜종근당 - 제조원 : 메디오젠"".","#헬CUP, #헬씨업, #건강기능식품, #건기식, #CU건기식, #장건강, #비피더스균, #프로바이오틱스, #CU, #씨유, #당신의_좋은친구_CU",96,,1,2025-08-16 02:00:55,https://www.instagram.com/p/DNZftVXNApA/
,인스타그램,,,,,,,2025-09-05 08:40:16,https://www.instagram.com/p/DONtTtAkpsm/
,인스타그램,,"""【제이샵】 🎊건강기능식품 대전🎊  제이샵과 함께 건강한 여름을 𝙅𝙐𝙉𝙀비해!💪🌊 뉴트리원, 상아제약 신규 입점 기념 최대 81% 할인➕무료 배송 혜택!  #EVENT 여름과 어울리는 이모지를 댓글로 남겨주세요! 추첨을 통해 ❝BEST 체험팩❞을 선물로 보내드려요💙  ☑제이샵(@jejuair_shop) 팔로우+좋아요 누르기 ☑댓글에 친구태그, 리그램 시 당첨확률 UP!  📌이벤트 기간 : 6/12(목)~6/19(목) 📌당첨자 발표 : 6/24(화) 🎁이벤트 경품 :  ❶ 뉴트리원 루테인 지아잔틴 GR 80캡슐 1박스+ 비비랩 저분자 콜라겐 80포 1박스+카무트(R)브랜드밀 효소골드 1박스(2명) ❷ 상아제약 프로폴리스 스프레이 3병+프로바이오틱스 유산균 1박스(2명) * 당첨자 개별 DM 안내, 경품 랜덤 발송  #제주항공 #jejuair #제주항공제이샵 #제이샵 #건강기능식품 #비타민 #뉴트리원 #상아제약"".","#EVENT, #제주항공, #jejuair, #제주항공제이샵, #제이샵, #건강기능식품, #비타민, #뉴트리원, #상아제약",132,,111,2025-06-12 04:19:14,https://www.instagram.com/p/DKyKt8ozk-n/
,인스타그램,,"""#광고  요즘 친구 선물 고민될 때 나는 무조건 이거에요! 카톡으로 부담없이 보낼 수 있는 건강 루틴템!  #CJ웰케어 #하루한알 #건강구미 선물세트 입니다! 패키지부터 너무 사랑스럽고 귀엽지 않나요~🤗  선물 받는 순간 기분 좋아지는 느낌의 패키지! 언박싱하자마자 ""이거 어디서 샀어?!"" 소리 나오는 사랑스러운 비주얼! 멀티비타민 2개, 루테인 2개, 비오틴 1개, 비타민D 아연 1개  이렇게 한 세트인데, 구성까지 너무 알찬 거 있죠!  선물세트 하나로 여러가지 맛과 구성을 즐길 수 있어 넘 좋아요❣️❣️  그런데 가격이 만원 대?  🌈세트 구성은 15900원으로 카카오톡 선물하기에서만 구입할 수 있어요. 실속 있고 알찬 카카오톡선물하기 아이템~~! 👍👍👍  🌈여러 가지 맛이랑 구성을 한 번에 즐길 수 있는 게 완전 매력적~  🌈각자 자기한테 필요한 거 골라서 먹을 수 있으니까  🌈받는 사람도 진짜 좋아할 것 같아서 선물하는 마음이 더 행복해져요!  저는 우리 가족을 위해서 준비해 보았는데요!  🍒매일 열공하는 우리집 수험생은 눈건강을 위한 루테인 구미를 챙기는데  새콤달콤하고 쫀득하게 씹는 맛도 좋다며 1일 1구미 챙기고 있어요. 간편하게 멀티비타민과 미네랄을 챙기고 싶다면 멀티비타민 &미네랄 구미가 딱이죠  🍒귀여운 귤 모양의 구미가 쫄깃쫄깃!!  상큼함이 팡팡 터지면서 다양한 비타민과 미네랄을 챙길 수 있고요,   🍒저는 풍성영양 비오틴 구미와  뼈건강 비타민D& 아연구미를 주로 챙기는데요.  건강기능식품이지만 맛있게 1일 1구미 하면서 챙길 수 있어  부담이 없고 상큼한 맛 덕분에 기분까지 좋아지는 느낌이었답니다!   ⚘️직접 먹어보니 더 만족스러운 제품! ⚘️이렇게 가족들과 함께 맛있고 건강하게 나눠 먹어도 좋아요! 먹는 재미와 건강을 동시에 선물할 수 있는 핫템! 고민없이 보내는 카톡선물템, 친구 선물로 딱입니다. 👏👏👏 선물할 일이 많은 5월! 가성비 좋고 알찬 선물로 추천드립니다👏👏👏  ✅️지금 카카오선물하기로 만나보세요.  ✅️개별 제품은 쿠팡에서도 구매가능! 궁금하신 분들은 하나씩 구입해보시는 것도 추천합니다 ^-^"".","#광고, #CJ웰케어, #하루한알, #건강구미",1563,,18,2026-05-04 08:15:23,https://www.instagram.com/p/DX6OCCbEfk-/
,인스타그램,,,,,,,2026-02-24 05:09:34,https://www.instagram.com/p/DVIN66uEhz-/
,인스타그램,,"""#광고 1년차 러너가 외부강연을...? . . 알차게 듣고왔습니다!☺️   센트룸 데이에 초대받아 다양한 체험도 즐기고 맛있는 케이터링에 유익한 강연까지 들었는데요!   평소 비타민을 챙겨먹기는 하지만  자세한 내용은 알기 어려웠는데 센트룸이 얼마나 과학적 맞춤 영양  설계를 하는지 알게 되었어요   그리고 뇌과학을 재미있게 풀어주신 장동선 박사님과 달리기를 처음 시작하는 사람을 위해 이연진 코치님의 러닝 팁까지!   즐거운 시간을 선물해준 센트룸과 앞으로도 웰니스 라이프 정진해볼게요!🌿   @centrum_kr    본 포스팅은 ‘센트룸’으로부터 제품과 소정의 원고료를 지원받아 작성한 포스팅입니다.   #센트룸 #비타민 #멀티비타민 #오프라인행사     2604-PM-KR-CNT-26-00074ㅣ건강기능식품 II 센트룸 맨 더블업, 센트룸 우먼 더블업, 센트룸 실버 맨, 센트룸 실버 우먼, 센트룸 타마플렉스 올인원 관절·연골 ·근육ㅣ제조원: 콜마비앤에이치 (주)세종3공장ㅣ센트룸 원데이팩 맨 2030, 센트룸 원데이팩 우먼 2030, 센트룸 원데이팩 맨 40, 센트룸 원데이팩 우먼 40, 센트룸 원데이팩 맨 50+, 센트룸 원데이팩 우먼 50+ | 위탁의뢰 및 제조원(연질캡슐): 콜마비앤에이치 (주)음성공장 | 위탁제조원(정제): 콜마비앤에이치 (주)세종3공장ㅣ센트룸 멀티 구미ㅣMade in Germanyㅣ수입원 및 유통전문판매원: 헤일리온코리아주식회사ㅣ안전한 섭취를 위해 섭취 전 반드시 표기된 제품 정보를 확인하세요.ㅣ한국건강기능식품협회에서 광고심의 받은 광고물입니다."".","#광고, #센트룸, #비타민, #멀티비타민, #오프라인행사",123,,15,2026-05-04 09:00:47,https://www.instagram.com/p/DX6TL68u0eo/
,인스타그램,,"""ㅤ 비타민부터 미네랄까지, 한 번에! CU 종합건강 한 알로 간편하게 챙기세요☀  📌 종근당)종합건강10정 / 5,000원 / 1+1 증정! 📌 한국인 맞춤 설계 비타민&미네랄 20종 📌 비타민B군 7종 1일 영양성분기분치 300% 이상 함유  지금 전국 약 6천개 CU에서 건강기능식품을 가장 가깝게 만나보세요!  오직 CU에서만! ☑ 개당 5,000원에 상시 1+1 👉 개당 2,500원 ☑ 6개 구매시 12,000원 👉 개당 2,000원  ☑ 종근당 9종 상품 간, 교차 구매 가능!  🔍 건강기능식품 판매 점포 및 재고 조회는 포켓CU APP에서 확인하세요⚡  #헬CUP #헬씨업 #건강기능식품 #건기식 #CU건기식 #종합건강 #비타민 #미네랄 #CU #씨유 #당신의_좋은친구_CU  - 판매원 : ㈜종근당 - 제조원 : 코스맥스엔비티"".","#헬CUP, #헬씨업, #건강기능식품, #건기식, #CU건기식, #종합건강, #비타민, #미네랄, #CU, #씨유, #당신의_좋은친구_CU",103,,0,2025-08-25 01:00:55,https://www.instagram.com/p/DNwj_oJXuv8/
,인스타그램,,"""#cu"".",#cu,7,,0,2026-04-22 15:44:41,https://www.instagram.com/p/DXcH6PEk-1F/
,인스타그램,,"""ㅤ #EVENT 다 떨어진 건강기능식품을 발견한 아침! 하루 거르는 게 찝찝한 분?  공복에는 먹기 싫은 건강기능식품! 쉽게 언제든지 섭취하고 싶은 분?  전국 6천개 CU에서 바로 고민 해결 가능합니다 :)   믿을 수 있는 동아제약이 직접 개발한 필수 건강기능식품 8종 런칭  1. 셀파렉스 비타민C #끓어올려 2. 셀파렉스 마그네슘 #에너지 3. 셀파렉스 테아닌 #괜찮아  4. 셀파렉스 루테인지아잔틴 #눈호강 5. 셀파렉스 rTG오메가3 #혈행의선순환 6. 셀파렉스 밀크씨슬 #지금이순간 7. 셀파렉스 MSM 2000 #관절해 8. 셀파렉스 칼슘마그네슘비타민D #약골탈퇴  전 제품 5,000원에 상시 1+1 행사  ㄴ 개당 2,500원!! (교차구매 가능)  9~10월 매주 월요일 ""건강기능식품데이"" 단 하루! 6개 구매 시 67% 파격할인  ㄴ 9,900원 ▶ 개당 1,650원!  💬 댓글 EVENT 💬 지금 나에게 가장 필요한 건강기능식품이 무엇인지 댓글로 남겨주세요! 추첨을 통해 선물을 드립니다!  ✅ CU 공식 인스타그램 팔로우 필수! ✅ 기간: 9/23(화)~9/30(화) ✅ 당첨자 발표: 10/10(금) *당첨자 개별 DM 발표 ✅ 경품: CU 모바일상품권 3천원권 (10명)  ※ 본 이벤트는 2건의 게시물에서 동시에 진행 됩니다.  #동아제약 #셀파렉스 #건강기능식품 #건기식 #CU건기식 #CU #씨유 #당신의_좋은친구_CU  *판매원 ㈜동아제약 *제조원 : ㈜서흥, ㈜코스맥스바이오"".","#EVENT, #끓어올려, #에너지, #괜찮아, #눈호강, #혈행의선순환, #지금이순간, #관절해, #약골탈퇴, #동아제약, #셀파렉스, #건강기능식품, #건기식, #CU건기식, #CU, #씨유, #당신의_좋은친구_CU",223,,149,2025-09-23 04:56:45,https://www.instagram.com/p/DO7V7RgDS2-/
,인스타그램,,"""💬 편의점 CU가 4월 한 달 동안 50% 할인 프로모션을 진행한다.  이는 4월 30일까지 진행이 되며, 아침 시간대인 평일 오전 6시부터 10시까지 간편식 모든 상품을 50% 할인하는 행사이다.  단, 토스페이로 결제시 적용이 가능하며 1일 1회만 사용이 가능하다고 한다.  #뉴스 #이슈 #편의점 #cu #할인"".","#뉴스, #이슈, #편의점, #cu, #할인",1265,,26,2026-04-22 07:44:46,https://www.instagram.com/p/DXbQqf9kXB2/
,인스타그램,,,,,,,2026-05-06 14:30:25,https://www.instagram.com/p/DYACVNjxSH3/
,인스타그램,,"""#광고 유산균 먹여야 하는 건 알고 있었는데 잘 먹고 잘 싸니까 괜찮겠지 했거든요…🥲 근데 이유식 시작하고 간식까지 먹기 시작하니까 확실히 변 보는 걸 힘들어하더라구요ㅠㅠ 분유는 잘 안 먹는 아기라 섞기도 애매하고, 이유식에 넣자니 혹시 안 먹을까 걱정됐는데 그러다 알게 된 닥터에디션 바이오D드롭스!  ✔️ 비타민D + 유산균을 한 번에 ✔️ 논문으로 검증된 프로바이오틱스 ✔️ 이탈리아 유산균 전문기업 PROBIOTICAL S.p.A 제조 👉 장 건강 + 뼈 건강까지 같이 챙길 수 있어서 좋더라구요  무엇보다 ✔️ 액상 스포이드형이라 간편하고 ✔️ 이유식에 섞어도 OK ✔️ 그냥 입에 넣어줘도 거부감 없이 잘 먹어요 👉 입맛 예민한 아기인데도 잘 먹어서 진짜 만족…🫶🏻  그리고 더 좋았던 점👇 ✔️ 8가지 첨가물 無 ✔️ no.1 닥터에디션, 90초에 1병씩 판매될 정도로 인기 제품 👍🏻  (출처: 2025년 총 판매량 기준)  최근 유기농오일(부원료)로 변경되었대요 아기유산균 찾는 분들께 닥터에디션 바이오D드롭스 완전 추천드려요♥️  건강기능식품ㅣ 판매원 ㈜에프앤디넷 ㅣ 제조원 Italy/Probiotical S.p.A 한국건강기능식품협회에서 광고심의를 받은 광고물입니다. 심의번호: 260420232  #닥터에디션 #유산균추천 #아기유산균 #아기건강기능식품"".","#광고, #닥터에디션, #유산균추천, #아기유산균, #아기건강기능식품",803,,15,2026-05-09 06:56:21,https://www.instagram.com/p/DYG85mpP9gd/
,인스타그램,,,,,,,2026-04-24 00:08:21,https://www.instagram.com/p/DXfmCr8knIL/
,인스타그램,,"""안녕하세요 인친님들 갓독자님들 😀😀  오늘은 피부건강에 가장 검증된 영양제 3대장을 추천드립니다👍  제가 약국 10년차에 피부 미백 화이트닝 주름 개선 속건조 개선을 위해 잘 활용한 조합입니다 😄  그럼 알아볼까요?  1️⃣글루타치온 하루에 400-500mg 정도 섭취하시면 피부의 멜라닌 색소 농도가 줄어서 미백 작용 강력한 항산화작용으로 피부 노화 방지 강력한 항 염증 작용으로 저로 피부속 노화방지  그리고 다른 항산화 성분과 시너지가 나는 강력하고 검증된 성분이 글루타치온 입니다  경구 섭취시 흡수가 안된다라는 주장도 있지만 효과가 있다는 임상 데이터도 많이 있습니다  피부 건강을 위해서 콜라겐과 더불어서 가장 먼저 선택할 영양제 성분이라고 보면 좋습니다🥹  2️⃣ 비타민c 비타민c도 글루타치온과 더불어서 전통적인 피부 미백에 강자죠 멜라닌 색소 줄이고 항산화작용으로 피부 건강에 도움을 줍니다  글루타치온과 더불어서  봄 여름 자외선을 인한 피부 노화를 개선 시킬 수 있어요  3️⃣ 콜라겐 콜라겐도 흡수가 되냐 안되냐 놀란이 많지만 효과가 있다는 임상 데이타들이 속속 등장하고 있죠  피부 보습 자외선으로 인한 피부 손상을 예방하고 피부 속 건조를 개선시켜 주는 가장 핵심이 되는 보충제 성분이 콜라겐 입니다  콜라겐은 건강기능 식품 콜라겐을 추천 드리고 식약처 인증 마크 확인 해 주시구요  물론 일반 식품 콜라겐도 나쁘지 않지만 건강기능 식품 콜라겐이 품질이 좀 더 우수 합니다  위에서 말씀드린 이 세 가지를 같이 드시면 시너지가 날 수 있는 조합 입니다  그외에  비오틴도 마케팅이 많이 되고 있는데 메인이 아니구요 엘라스틴도 그렇습니다   올 봄 여름 건강한 피부 미인 미남 되시길 기원 하면서 가장 중요한 건 썬크림 잘 사용하는거죠😀😀😀  감사합니다😄😄  컨텐츠가 도움 되셨으면  좋아요👍 팔로우✅  부탁드립니다  감사합니다😊😊  #피부 #속건조 #미백 #주름개선 #피부미백 #영양제#피부영양제 #약들약 #고약사 #약사가들려주는약이야기"".","#피부, #속건조, #미백, #주름개선, #피부미백, #영양제, #피부영양제, #약들약, #고약사, #약사가들려주는약이야기",4474,,209,2023-02-27 12:28:59,https://www.instagram.com/p/CpKmPAVjEcK/
,인스타그램,,"""#EVENT 메리트C, 당신의 PICK은?! 비타민도 내 취향대로 고르는 시대!  에너지 충전이 필요할 때, 스트레스가 많은 날, 혹은 피곤함을 달래고 싶을 때… 다양한 메리트C 라인업 중, 지금 당신에게 가장 필요한 제품은 무엇인가요? 1. 메리트C산 2,000mg 2. 메리트C산 3,000mg 3. 메리트C&D 메가 4. 메리트C&B 5. 리포좀 비타민C 트리플샷 6. 멀티 비타민 미네랄 구미  📌 이벤트 참여 방법 1️⃣ @huonsn_official 팔로우 & 게시물 좋아요 2️⃣ ‘나에게 필요한 메리트C는 OOO!’ 댓글 남기기 추첨을 통해 10분께 건강한 선물을 드려요! 🎁✨  📅 이벤트 기간: 6/24(화) ~ 6/30(월) 📢 당첨자 발표: 7/4(금) (개별 DM) 🎁 이벤트 경품: 메리트C PICK 제품 (10인 추첨)"".",#EVENT,263,,303,2025-06-24 05:16:53,https://www.instagram.com/p/DLRX6lVtplm/
,인스타그램,,"""광고 브리저튼 보셨죠? 샬럿 여왕역의 인디아 아마르테이피오도 먹는다는 영국 왕실상 받은 유산균이 있어요!  #옵티박 에브리데이 !  요즘 폭식에 야식까지 먹으니 장건강이 무너져서 컨디션도 떨어지더라고요. 면역세포의 약 70% 이상이 장에 분포하고 있어서 장건강이 떨어지면 면역력도 떨어지거든요.  그래서 영국을 대표하는 프로바이오틱스로 대다수 약국판매 건강기능식품 코너 매대에서 판매하고 있을 정도로 핫한 #프리미엄유산균 을 1일 1회 1정씩 간편하게 챙겨요.  저처럼 장이 민감할수록 나에게 맞는 유산균을 선택하는게 중요하거든요.  요건 #프로바이오틱스 수 50억 CFU를 보장하며, 세계 3대 유산균 원료사로 꼽히는 Lallemand균주만 사용한 유산균이라 확실히 꾸준히 섭취하니 달라요.   요즘은 장이 편안해지니 피부 컨디션도 좋아지고 있어요.  엄격한 기준의 영국에서도 인정받은 #영국유산균 , 지금 스마트스토어에서 할인중이니 득템하세요."".","#옵티박, #프리미엄유산균, #프로바이오틱스, #영국유산균",1058,,44,2026-04-06 01:35:56,https://www.instagram.com/p/DWxZ6ATk_QV/
,인스타그램,,"""#뉴트리코어 #하이퍼셀코엔자임q10 #코엔자임큐텐 #건강기능식품"".","#뉴트리코어, #하이퍼셀코엔자임q10, #코엔자임큐텐, #건강기능식품",3,,0,2026-04-21 04:31:51,https://www.instagram.com/p/DXYWHyGlGhC/
,인스타그램,,"""💬고려은단 '멀티비타민 올인원' 요오드 216% 과다 검출  - 건강기능식품 업체 고려은단 헬스케어의 '멀티비타민 올인원 60정' 제품이 판매 중단 및 회수 조치 중  - 일부 제품의 요오드 함량이 60㎍ (1일 섭취 권장량의 40%)으로 표시됐으나 검사 결과 2배 이상인 129.6㎍ (1일 섭취 권장량의 86%)이 검출  - 이는 표시 기준 허용 범위 (표시량의 80~150%)를 넘어선 216%에 해당하는 수치이며 요오드를 과잉 섭취 시 갑상선 기능 이상 등 부작용이 발생  📷식약처  👀당장 주목해야 할 사회•경제 소식 구독하기 @attention.point"".",,341,,11,2025-04-24 02:23:53,https://www.instagram.com/p/DIz_t2ESdfz/
,인스타그램,,"""한국바이오협회 | 바이오➕ ‘커리어’ 🏭 GMP 취업, 실무 중심으로 제대로 준비하고 싶다면?  바이오의약·건강기능식품 분야 생산·품질 직무 취업희망자를 위한 GMP 집중 과정(2026-2차)을 소개합니다.  📌 어떤 교육인가요? 「2026-2차 바이오의약 및 건강기능식품 GMP 과정」은 생산·품질관리·품질분석 기술인력 양성을 목표로 한 12주 과정입니다. 공통 이론교육 4주와 실무교육 8주로 구성되며, 바이오의약 GMP, 건강기능식품 GMP, 바이오의약품 품질분석까지 현장 중심 커리큘럼으로 운영됩니다. 2014년부터 약 2,272명이 수료했으며, 전년도 취업률 80%를 기록한 실무형 교육입니다.  🗓️ 일정 2026. 7. 6 ~ 9. 30 (총 12주) 교육비 무료(교재 제공) ※ 일정 기준 이상 출석 시 월 30~50만원 지원금 지급  🎯 이런 분께 추천드립니다 -이공계 전공 전문대·학사 졸업(예정)자 -바이오의약·건강기능식품 생산·품질 직무 취업 희망자 -GMP 기반 현장 실무 역량을 체계적으로 갖추고 싶은 분  👥 모집인원: 76명  📝 지원기간 -1그룹: ~ 2026. 5. 25(월) -2그룹: ~ 2026. 6. 7(일)  👉 지원방법: 사람인 온라인 접수 🔗 프로필 링크 한국바이오협회 홈페이지 공지사항 확인하기!"".",,71,,2,2026-05-11 06:43:44,https://www.instagram.com/p/DYMFHIdk84k/
,인스타그램,,,,,,,2026-02-25 18:13:19,https://www.instagram.com/p/DVLbgB1AdgN/
,인스타그램,,"""#협찬   건강검진 할 때가 되면 괜히 더 긴장하는 신랑 😅 평소에도 자기관리 차원에서 홍삼은 꾸준히 챙겨 먹는 편인데,  이번에는 더 세심하게 관리해보도록  ✔️더루트알지쓰리올인원을 챙겨주고 있어요.  이 제품은 [혈] + [기] 구성으로 되어 있는데  각기 다른 원료라너 함께 섭취해야 되는 점이  특징이더라고요!   하루에 한 번 [혈] 1포 + [기] 1포  간편하게 챙기면 되는 거라  바쁜 일상중에도 부담없이 챙기기 좋은데요.   📍[혈] 제품에는  홍삼추출효소처리분말이 들어 있는데,  국내 최초로 혈압조절 기능성을 식약처에서 인정받은  개별인정형 원료라고 해서 더 챙겨주고 싶었어요.  평소 높은 혈압 관리가 신경 쓰이는 분들에게  도움을 줄 수 있답니다.  📍[기] 제품은  홍삼 기능성에 대해 잘 알려진 면역력 증진,  피로 개선, 혈행 개선, 기억력 개선, 항산화, 갱년기 관련 기능성까지  도움을 줄 수 있다고 알려져 있으니  평소 건강관리를 꾸준히 신경 쓰는 신랑도  맘에 들어해서 뿌둣 ^^   무엇보다 하루 한 번이니까  챙겨먹기도 편해서  하루 루틴처럼 잘 이어가고 있고요.   건강을 생각하는 마음까지 함께 전할 수 있어서  5월 가정의달 선물로도 좋겠습니다~*  #건강기능식품 #혈압관리 #면역력증진 #일상루틴"".","#협찬, #건강기능식품, #혈압관리, #면역력증진, #일상루틴",1233,,16,2026-04-23 12:04:27,https://www.instagram.com/p/DXeTgHAjxaf/
,인스타그램,,"""이번 주 F&B 트렌드, 한 눈에 정리했어요! 실무에 바로 쓰이는 뉴스만 담았습니다 👀✨  👇 지금 확인해보세요!  🚩점심값 가장 비싼 동네는 ‘분당’ 🚩CU, 건강기능식품 전국 유통 🚩배민이 꼽은 외식업 3대 키워드 🚩13조 소비쿠폰, 외식업에도 훈풍? 🚩외식업, 이제는 육각형 전략이 답!  📩 매주 금요일, 뉴스레터로 받아보고 싶다면? 👉 프로필 링크에서 구독 신청하세요! @insight_platform   #인사이트플랫폼 #외식업트렌드 #식자재이슈 #FNB업계 #배달앱이슈 #프랜차이즈뉴스 #소상공인지원 #브랜드전략 #실무인사이트 #외식업마케팅"".","#인사이트플랫폼, #외식업트렌드, #식자재이슈, #FNB업계, #배달앱이슈, #프랜차이즈뉴스, #소상공인지원, #브랜드전략, #실무인사이트, #외식업마케팅",70,,0,2025-07-04 01:12:02,https://www.instagram.com/p/DLqrfBxzMAQ/
,인스타그램,,"""ㅤ 혈액순환이 살아야 하루가 산다! CU 혈행건강으로 하루의 흐름을 시작하세요💧  📌 종근당)혈행건강10정 / 5,000원 / 1+1 증정! 📌 EPA 및 DHA 함유 유지 📌 비타민E 1일 영양성분기준치 대비 100%  지금 전국 약 6천개 CU에서 건강기능식품을 가장 가깝게 만나보세요!  오직 CU에서만! ☑ 개당 5,000원에 상시 1+1 👉 개당 2,500원 ☑ 6개 구매시 12,000원 👉 개당 2,000원  ☑ 종근당 9종 상품 간, 교차 구매 가능!  🔍 건강기능식품 판매 점포 및 재고 조회는 포켓CU APP에서 확인하세요⚡  #헬CUP #헬씨업 #건강기능식품 #건기식 #CU건기식 #혈행건강 #비타민E #CU #씨유 #당신의_좋은친구_CU  - 판매원 : ㈜종근당 - 제조원 : 코스맥스엔비티"".","#헬CUP, #헬씨업, #건강기능식품, #건기식, #CU건기식, #혈행건강, #비타민E, #CU, #씨유, #당신의_좋은친구_CU",102,,0,2025-08-28 12:02:22,https://www.instagram.com/p/DN5eE0RjJQW/
,인스타그램,,""". [zgm 농카 들고 편의점: 5월 편] 이 달 농카 편의점 혜택 GREENGREEN 💚  5월 편의점 혜택 𝐂𝐡𝐞𝐜𝐤! 야구 러버라면 놓칠 수 없는 아이템부터 텅장을 막아 줄 식료품 할인 혜택까지 ෆ  혜택 받으러 바~로 편의점으로 출발٩(๑>∀<๑)۶  💳 NH농협카드 5월 편의점 결제 혜택 - 대상 카드: NH농협 개인카드 (BC, 선불, 기프트카드 제외) - 행사 기간: 2026.05.01 ~ 2026.05.31  🌹 GS25 ① 카네이션 4종 구매 시 1+1 ② 이달의 도시락 1종 50% QR 할인 ※ 1회 결제 시, 최대 3개까지  🥪 CU ① 물가방어전 대상 상품 10% 할인 ※ 포켓CU 멤버십QR 스캔 시, 물가방어전 대상 상품 25% 할인 일1회, 1회 최대 6,000원 할인 ※ 10% 할인 시 1회 최대 3,000원 할인 ② get핫아메리카노L & 페어링상품 동반구매 시, 1,500원 추가 할인 ※ CU Pay 결제 시 1회 최대 6,000원 ③ 두산베어스 콜라보 상품 최대 30% 할인 ※ (일반)1회 최대 5,000원, (기획) 1회 최대 20,000원 ④ 건강기능식품 20% 할인 ※ (5/1, 5, 8, 15)포켓CU 멤버십QR 스캔 후 결제 시, 최대 50%할인 ※ (20%) 1회 4,000원, (50%) 일1회, 1회 최대 8,000원 ⑤ 봉주르빵집 콜라보 상품 1종 40% 할인 ※ 1일1회 최대 4,000원  ⚾ 7-ELEVEN ① 한도초과 포함 도시락 4종 20% 할인 ※ 1회 5,000원 한도 ② 봄맞이 의류 20% 할인 ※ 1회 20,000원 한도 ③ 야구 유니폼&모자 50% 할인 ※ 1회 50,000원 한도  🍭 이마트24 ① 물가안정 상품 1만원 이상 구매 시, 30% 할인 ※ 1인1회 4,000원 한도 ② 차별화 아이스크림/커피/스무디 5천원 이상 구매 시, 30% 할인 ※ 1인1회 3,000원 한도 ③ 손종원 디저트 구매 시, 이프레소 또는 레쓰비 증정 ※ 디저트 1개 당 1개 증정  #NH농협카드 #CU #세븐일레븐 #이마트24 #GS25  <공통 유의사항> - 복합결제(모바일상품권, 편의점 포인트 사용 등) 및 간편결제(카카오페이, 페이코 등)는 혜택 제공이 불가합니다. (단, 이마트24는 카카오페이, 페이코, 쓱페이, 토스페이에 등록된 카드 정상 적용) - 입점 및 특별 점포 등 일부 점포는 행사에서 제외됩니다. - 당사 및 제휴사의 사정으로 예고 없이 내용이 변경되거나 조기 종료될 수 있습니다. - 프로모션 관련 문의사항은 제휴사 고객센터로 연락바랍니다. - (주류 유의사항) 지나친 음주는 뇌졸중, 기억력 손상이나 치매를 유발합니다. 임신 중 음주는 기형아 출생 위험을 높입니다.  ○ 이 광고는 2026.05.18~2026.12.31까지 광고성으로 게시하며, 유효기간 이후에는 게시물 기록 관리 목적으로 유지됩니다. ○ 기타 자세한 내용은 카드고객상담센터(1644-4000)로 문의하시기 바랍니다. ○ 계약 체결 전 상품설명서와 약관을 확인하시기 바랍니다. ○ 신용카드 발급이 부적정한 경우(연체금 보유, 신용점수 낮음 등) 카드발급이 제한 될 수 있습니다. ○ 카드이용대금과 이에 수반되는 모든 수수료를 지정된 대금 결제일에 상환합니다. ○ 금융소비자는 금소법 제19조제1항에 따라 해당상품 또는 서비스에 대하여 설명을 받을 권리가 있습니다. ※ 상환능력에 비해 신용카드사용액이 과도할 경우 개인신용평점이 하락할 수 있습니다. ※ 개인신용평점 하락 시 금융거래 관련 불이익 발생할 수 있습니다. ※ 일정기간 원리금 연체 시, 모든 원리금 변제할 의무 발생할 수 있습니다. ※ 연체이자율 : 회원별, 이용상품별 약정금리+최대 3%(p), 법정 최고금리(20%) 이내 단, 연체 발생 시점에 약정금리가 없는 경우는 아래와 같이 적용함 - 일시불 거래 연체 시, 「거래발생 시점의 최소기간(2개월)」, 무이자할부 거래 연체 시, 「거래발생 시점의 동일한 할부 계약기간」의 유이자 할부 금리 적용 - 그 외의 경우 약정금리는 상법상 상사법정이율과 상호금융 가계자금대출금리* 중 높은 금리적용 * 한국은행에서 매월 발표하는 가장 최근의 비은행 금융기관 가중평균대출금리(신규대출 기준) [준법감시인 심의필 2026-3073 (2026.05.18~2026.12.31)]"".","#NH농협카드, #CU, #세븐일레븐, #이마트24, #GS25",22,,0,2026-05-18 08:20:57,https://www.instagram.com/p/DYeRgcITflg/
,인스타그램,,"""•광고 지만 30일분에 6,900원 ..? 가격 혁명 자기관리 꿀조합템 직접 가져왔어..🫶🏻🪽   사람들이 잘 모르는 조합인데,  오메가 3*+다이어트&혈당케어 이렇게 같이 먹어주면 혈당이랑 체지방이랑 혈행개선이전부 다 가능하거든? (*혈행개선은 말그래도 혈액이 잘 돌게 해주는거!! 우리몸은 다 이어져있어서 순환이 진짜 중요함!! 혈액은 산소, 영양분 이걸 온몸에 전달해주는 역할 👉기름진거 많이 먹고, 식습관 안좋고, 배달 많이 시키는 사람들한테 딱 좋겠지?  *EPA 및 DHA 함유 유지  내가 제품 스펙 다 알아와서 지피티랑 분석도 했는데 6,900에 이 품질?...  요즘 이런 건기식 넘 비싸서 나도 잘 안먹거든?.. 근데 요건 두개에 만원대니까 가볍게 관리 시작하는 사람들이 챙겨먹기 진짜 좋을거같애요!! (심지어 브랜드가 CJ잔하.......)  근데 굶는거 진짜 하지말자ㅜ 난 반대고 밥도 건강식으로 잘 챙겨먹고, 운동도 열심히하면서 건강기능식품  챙겨먹기!! 약속 !!🫶🏻   #가격혁명 #올리브영오메가3 #올리브영추천템 #오메가3 #가성비"".","#가격혁명, #올리브영오메가3, #올리브영추천템, #오메가3, #가성비",133,,11,2026-04-25 09:58:36,https://www.instagram.com/p/DXjOXYuk_mk/
,인스타그램,,"""ㅤ #EVENT  일본 편의점 필수 간식 진짜 과일이 들어간 리얼 스무디 4종 CU BGF사옥점 선출시! 🧊✨  바로 갈아먹어 입안 가득 과일 풍미 UP 더 신선하게, 더 건강하게!  📍지금 CU BGF사옥점에서 만나보세요🥤 (서울 강남구 테헤란로63길 9)  🎇 6월부터 수도권 60개 점포에서 전격 판매 예정  ❤오직 CU에서만❤ 스무디)망고바나나 3,000원 스무디)딸기바나나 3,000원 스무디)믹스베리 3,000원 스무디)수박스무디 3,000원  💬 댓글 EVENT 💬 진짜 리얼 스무디 4종 중 더 먹고 싶은 맛을 댓글로 공유해주세요! 추첨을 통해 선물을 드려요🎁  ✅ CU 공식 인스타그램 팔로우 필수! ✅ 기간: 5/27(화) ~ 6/3(화) ✅ 당첨자 발표: 6/9(월) *DM 개별 발표 ✅ 경품: CU 모바일 상품권 3천원권 (10명)  @아, 이 맛이 바로 과일 그 자체🍓🍌🥭  #진짜리얼스무디 #스무디 #편의점신상 #편의점간편식 #CU신상 #CU #씨유 #당신의_좋은친구_CU"".","#EVENT, #진짜리얼스무디, #스무디, #편의점신상, #편의점간편식, #CU신상, #CU, #씨유, #당신의_좋은친구_CU",886,,751,2025-05-27 08:02:41,https://www.instagram.com/p/DKJkl0Sv-Du/
,인스타그램,,"""⠀ #EVENT  어라.. 이거.. 난가..? 이제는 건강도 미리미리 챙겨야 할 때! ꒰ง'̀꒳'́꒱ง ✧  4월 나의 건강 루틴 CU와 함께 START!  🍀 건강기능식품 정제형 17종 ① 5개 이상 구매 시 10,000원 ② 토스페이 머니/계좌 결제 시 추가 50% 할인! ㄴ 5개 이상 결제할인 구매 시 개당 1,000원! ※ 교차할인 대상 : 종근당 9종 / 동아제약 8종  ※ 5개 미만 결제 시 미적용 ※ 1회 최대 할인한도  20,000원  🗓 행사기간 ① 5개 10,000원 행사 : 별도 안내시까지 ② 토스페이 결제 할인 행사 : 4/1(수) ~ 4/30(목)  ※ 판매원 : ㈜종근당 ※ 제조원 : 코스맥스엔비티, 네추럴웨이, 메디오젠  ※ 판매원 : ㈜동아제약 ※ 제조원 : 서흥, 코스맥스바이오  💬 댓글 EVENT 💬 건강 충전이 필요한 설늙은이 친구를 태그해 건강기능식품 할인 행사 소식을 알려주세요! 추첨을 통해 선물을 드립니다 🎁  ✅ CU 공식 인스타그램 팔로우 필수 ✅ 이벤트 기간: 4/3(금) ~ 4/10(금) ✅ 당첨자 발표: 4/17(금) *DM 개별 발표 ✅ 경품: CU 모바일 상품권 5천원권 (10명)  #건강기능식품 #건기식 #CU건기식 #CU할인 #CU행사 #할인행사 #CU프로모션 #CU #씨유 #CU편의점 #당신의_좋은친구_CU"".","#EVENT, #건강기능식품, #건기식, #CU건기식, #CU할인, #CU행사, #할인행사, #CU프로모션, #CU, #씨유, #CU편의점, #당신의_좋은친구_CU",579,,606,2026-04-03 03:31:42,https://www.instagram.com/p/DWp4wVDEcRO/
,인스타그램,,"""<혈당 컷 프로>도 필수로 챙기기!  사이즈도 작아서 파우치에 쏙- 오늘도 잊지 않고 챙겨왔어요 💚  식품유형 : 건강기능식품 제품명 : 혈당 컷 프로 제조원 : (주)메디오젠 충주공장, 판매원 : 대상웰라이프(주)"".",,13,,2,2026-05-07 07:00:12,https://www.instagram.com/p/DYBz0IUgenD/
,인스타그램,,"""ㅤ 오늘도 내일도 건강하게! 간편한 건강 습관, CU에서 시작하자✨  가장 가까운 건강 플랫폼! 전국 약 6천개 CU에서 건강기능식품을 더 손쉽게 만나보세요💜  🔍 헬C UP! 건강기능식품 판매 점포 및 재고 조회는? 포켓CU APP에서!  #헬CUP #헬씨업 #건강기능식품 #건기식 #CU건기식 #CU #씨유 #당신의_좋은친구_CU   ※ 판매원 : (주)종근당, 동화약품  ※ 제조원 : 코스맥스엔비티, 네추럴웨이, 메디오젠, 코스맥스바이오"".","#헬CUP, #헬씨업, #건강기능식품, #건기식, #CU건기식, #CU, #씨유, #당신의_좋은친구_CU",107,,0,2025-07-28 10:37:26,https://www.instagram.com/p/DMpftvEzOE3/
,인스타그램,,"""영양제 황금 복용시간! 저장해두고 참고하시면 좋겠죠? 예전에 올렸던 영상 반응이 좋아서 많이들 정리해달라고 요청해주셨는데 이제 올려드리네요😂  쭉 읽어보시고 참고하세요~ 간단한 문의사항 있으면 댓글이나 DM 남겨주시고요!^^  건강 상태나 본인 상황에 따른 긴 글은 건기남닷컴 상담게시판에 남겨주시면 자세히 봐드릴게요👍🏻 (아시다시피 DM은 창이 작아 문의도 답변도 글이 길어지면 화면을 계속 넘어가버려서 가독성이 상담게시판보다 떨어지는 이슈가 있기 때문에~)  정보가 유용하셨다면 팔로우~ 잊지마세요!😁  #건강스타그램 #건강기능식품 #영양제추천 #영양제 #건기남"".","#건강스타그램, #건강기능식품, #영양제추천, #영양제, #건기남",236,,4,2026-05-01 06:20:24,https://www.instagram.com/p/DXySfjNj-3X/
,인스타그램,,"""ㅤ #EVENT  ""진짜 이거... 팔아도 될까?”🤔  CU 신상의 운명을 결정지을 역대급 솔직 리뷰 콘텐츠가 온다!🤫  프로 팩폭리뷰어 맛상무와 먹방꿈나무 이송경이 만나 톡 까놓고 다~ 리뷰합니다!  <톡! 까놓고 신상리뷰> 2026년 2월 2일(월) 씨유튜브 커밍-쑨! ✨  💬 댓글 EVENT 💬 본격 CU 신상 리뷰 시리즈 <톡! 까놓고 신상리뷰> 기대평을 적어주세요! 추첨을 통해 선물을 드립니다.  ✅ CU 공식 인스타그램 팔로우 필수 ✅ 이벤트 기간: 1/29(목) ~ 2/2(월) ✅ 당첨자 발표: 2/9(월) *DM 개별 발표 ✅ 경품: CU 모바일 상품권 5천 원권 (10명)  ※ 본 이벤트는 3건의 게시물에서 동시에 진행 됩니다.  #톡까놓고신상리뷰 #맛상무 #송경 #편의점리뷰 #리얼리뷰 #팔아도될까 #CU신상 #편의점신상 #CU #씨유 #CU편의점 #당신의_좋은친구_CU"".","#EVENT, #톡까놓고신상리뷰, #맛상무, #송경, #편의점리뷰, #리얼리뷰, #팔아도될까, #CU신상, #편의점신상, #CU, #씨유, #CU편의점, #당신의_좋은친구_CU",330,,209,2026-01-29 10:18:59,https://www.instagram.com/p/DUF0qbMD75K/
,인스타그램,,"""#광고  6년 만에 출시한 새로운 제형, #오쏘몰 이뮨 ODP✨ 입에 닿자마자 부드럽게 녹는  구강용해타입으로 물 없이 간편하게 가능해요!   기존 오쏘몰 이뮨과 동일한 18종 성분 그대로✔️   국내 최다 미량영양소 파우더*로 꽉 채운 영양 밸런스 (*국내 판매 분말 제형 비타민 제품 기능성분 개수 비교, 2026년 3월 기준)   상큼한 오렌지맛으로 가볍게,  바쁜 일상 속 컨디션 관리까지🍊   독일에서 생산된 #프리미엄멀티비타민  국내 판매 1위 멀티비타민* 의 신뢰까지. (*유로모니터 인터내셔널, 건강기능식품 2026 에디션, 멀티비타민 2025년 전 유통채널 소매 판매액 기준)   지금 올리브영,카카오톡 선물하기 혜택까지 놓치지 마세요 🎁   #오쏘몰이뮨ODP #오쏘몰신제품"".","#광고, #오쏘몰, #프리미엄멀티비타민, #오쏘몰이뮨ODP, #오쏘몰신제품",452,,49,2026-05-11 07:34:21,https://www.instagram.com/p/DYMKzKuz4oa/
,인스타그램,,"""우연히 종각에서 발견한 옵티마 웰니스! 💊  💁‍♀️ 일반 약국이 아닌  건강 측정, 약사 상담, 영양제 소분 서비스부터 더마 화장품까지 모두 갖춰져있는 큐레이션 웰니스 약국  ☑️ 건강 측정 기계로 혈압, 스트레스, 체성분 등 기본적인 건강 상태를 확인할 수 있고,  약사 상담을 통해 개인 컨디션에 맞는 영양제 추천과 소분 서비스도 누릴 수 있음!  ☑️ 2,500여 종 이상의 의약품, 건강기능식품, 더마 코스메틱도 있고, 국내외 인기 약국 화장품을 비교하고 체험할 수 있는 공간까지!!   종각역 · 광화문역 도보 약 5분 거리라 접근성도 쵝오..👍 시간 여유로울때 한번 쓱- 둘러보시길…!!   📍 Optima Wellness Museum Pharmacy Jonggak 서울 종로구 청계천로 41 (영풍문고 빌딩 내 지하 2층 위치) - 1호선 종각역 5번,6번 출구 지하차도 이용하여 방문 가능 / 5호선 광화문역에서 도보 5분“  @owm.pharm.official  @23yearsold.official #23yearsold #OptimaWellnessMuseum #koreanpharmacy"".","#23yearsold, #OptimaWellnessMuseum, #koreanpharmacy",45,,6,2026-05-12 07:13:46,https://www.instagram.com/p/DYOtPC4TJ0J/
,인스타그램,,"""구리는 화학 기호 Cu(라틴어: Cuprum)와 원자 번호 29를 가진 화학 원소입니다.   원래 많은 분들이 구리는 금속으로 알고 있죠. 전이 금속에 속하며, 특히 전기 전도성과 열 전도성이 매우 뛰어난 것으로 잘 알려져 있습니다.  ​그러나, 우리가 중요하게 다룰 것은 '영양소' 구리입니다. 영양소로서의 구리는 인체에 필수적인 미량 미네랄입니다.   인체 내에서 구리는 여러 중요한 생리적 과정에 관여하는데, 특히 효소의 활성화에 필수적인 역할을 합니다.   ​아래에서 그 역할을 자세히 다루겠지만, 잘 모르셨을 법한 점은 '콜라겐과 엘라스틴의 생산을 돕는 효소의 활성에 중요한 역할을 한다'라는 것입니다.  - 구리의 역할 (효능, 효과) (1) 효소의 활성화 (2) 에너지 생산 (3) 철분 대사 (4) 결합 조직 형성 및 유지 (5) 항산화 기능 (6) 신경계 건강 유지 (7) 면역 체계 강화  - 구리가 부족하면? (결핍) (1) 빈혈 (2) 뼈와 결합 조직의 문제 (3) 신경계 문제 (감각 이상, 운동 장애 등) (4) 면역 체계 약화 (5) 심혈관 건강 문제 (혈관 관련) (6) 콜레스테롤 수치 변화  - 구리가 넘치면? (과잉) (1) 위장 장애 (구역, 구토, 복통, 설사 등) (2) 간 손상, 간 기능 장애 (3) 두통, 현기증, 기억 상실, 우울증 등 (4) 피부 반점 (초록색 혹은 푸른색) (5) 신장 손상 (6) 적혈구 손상으로 용혈성 빈혈 (7) 심혈관 문제  - 윌슨병 (Wilson's disease) 체내에서 구리 대사가 제대로 이루어지지 않아 과도하게 축적되는 유전적 장애입니다.   주요 증상  (1) 간 질환 : 간염, 간경화, 간부전 등  (2) 신경계 증상 : 발음 장애, 손 떨림, 근육 경직, 이상한 움직임 등  (3) 정신적 변화 : 우울증, 변덕, 성격 변화 등  (4) 기타 증상 : 키저-플레이셔 고리(눈 주위에 나타나는 구리 침착으로 인한 갈색 또는 회색 고리), 신장 문제, 빈혈 등  - 구리 권장 섭취량은 하루 800㎍ 입니다.  - 구리가 많이 든 음식 (1) 해산물 : 굴, 랍스터, 새우, 연어, 게 등 (2) 견과류 : 캐슈넛, 호두, 아몬드 등 (3) 곡류 : 퀴노아, 통밀, 보리, 기장 등 (4) 채소 : 시금치, 칼레, 브로콜리, 감자 등 (5) 과일 : 아보카도, 망고, 바나나, 파인애플 (6) 육류 : 소간, 돼지 간, 양고기, 소고기 등  - 구리 섭취 주의사항 (1) 약물 상호작용 ex. 페니실라민, 티아민, 알로푸리놀 등 (2) 아연과의 상호작용 (적정량) 주의 (3) 특정 건강 문제, 유전적 조건 주의 . . . 본 포스팅에서는 축약하여 올린 것이고, 자세한 내용과 건강, 라이프스타일을 다루는 정보들은 블로그에 있습니다. . . . . . #구리 #무기질 #비타민 #미네랄 #빈혈 #윌슨병 #건강 #필수영양소 #건강정보 #건강스타그램 #건기식 #건강기능식품 #영양제 #큐티랩 #세이치"".","#구리, #무기질, #비타민, #미네랄, #빈혈, #윌슨병, #건강, #필수영양소, #건강정보, #건강스타그램, #건기식, #건강기능식품, #영양제, #큐티랩, #세이치",0,,0,2024-04-13 10:40:40,https://www.instagram.com/p/C5stsgKhnNU/
,인스타그램,,"""대부분의 사람들은 인스타를 하면 돈이 벌릴 거라고 생각합니다.  근데 그렇지 않습니다.  조회수는 관심일 뿐이고  수익은 구조에서 나옵니다.  내 상품이 없으면 남의 상품이라도 있어야 합니다.  근데 그마저도 명확하지 않아요.  그래서 사람은 모이는데 돈은 안 됩니다.   돈은 노동으로만 버는 게 아니에요.  관계로도 벌고 신뢰로도 벌고 정보로도 벌어요.  그래서 인스타 성장기는 팔로워 늘리는 기술이 아니라 돈이 들어오는 방향을 보는 연습이에요.  기술은 ‘제나 킴’이 알려줘요. 방향은 제가 잡아줘요.  돈 버는 방법은 생각보다 많습니다.  모르면 못 벌고 보이면 벌어요.  인스타로 돈 버는 방법(수익화) 7가지, 조금 더 자세히 정리해드릴게요.  인스타로 돈 버는 방법 (수익화) 7가지  ⸻  1️⃣ 광고 협찬 (브랜드 협업)  📌 구조 브랜드가 제품 홍보를 맡기고 광고비를 지급하는 구조  📌 예시  * 화장품 게시물 1개 20만 원 * 건강기능식품 릴스 1편 150만 원  ✔ 장점: 빠른 현금화 ✔ 단점: 광고 끊기면 수익 종료  ⸻  2️⃣ 공구 (공동구매)  📌 구조 기존 제품을 대신 판매하고 마진을 받는 구조  📌 예시  * 5만 원 운동기구 * 마진 20% → 1개당 1만 원 * 100개 판매 → 100만 원  ✔ 장점: 현실적인 수익 모델 ✔ 단점: 신뢰 없으면 안 팔림  ⸻  3️⃣ 내 상품 판매 (자체 브랜드)  📌 구조 내가 직접 만든 실물 상품을 판매하는 구조  📌 예시  * 나만의 노트 제작 * 굿즈, 키트, 도구 * 브랜드 상품 런칭  ✔ 장점: 브랜드 자산이 쌓임 ✔ 단점: 제작·재고·운영 필요  👉 이 영역은 “구조 + 제품 세팅”이 핵심  ⸻  4️⃣ 디지털 상품 판매  📌 구조 내 경험·지식을 디지털로 상품화  📌 예시  * 강의 VOD 29만 원 * 전자책 1만9천 원 * PDF 템플릿 3만 원  ✔ 장점: 마진 거의 100% ✔ 단점: 전문성 필요  ⸻  5️⃣ 코칭 / 컨설팅  📌 구조 시간과 경험을 직접 판매  📌 예시  * 1:1 상담 1시간 30만 원 * 4주 그룹 코칭 99만 원  ✔ 장점: 단가 높음 ✔ 단점: 시간의 한계  ⸻  6️⃣ 컨설팅 / 대행 (운영 대행)  📌 구조 계정 성장, 콘텐츠 제작, 마케팅을 대신 해주고 비용을 받는 구조  📌 예시  * 인스타 계정 운영 대행 월 100만~500만 원 * 릴스 제작 대행 건당 10만~50만 원 * 브랜딩 세팅 패키지 300만 원  ✔ 장점: 👉 바로 높은 수익 가능 (현금흐름 빠름) 👉 실력 쌓이면 단가 계속 상승  ✔ 단점: 👉 노동 강도 높음 👉 시스템 없으면 ‘프리랜서 노동’에 머무름  👉 그래서 결국 “대행 → 시스템화 → 팀 구조”로 가야 진짜 돈이 됨  ⸻  7️⃣ 제휴 / 파트너십 구조  📌 구조 링크 수수료 또는 팀 기반 보상  📌 예시  * 쿠팡·네이버 파트너스 * 책 링크 수익 * 제품 추천 후 파트너 구조  ✔ 장점: 레버리지 가능 ✔ 단점: 신뢰 필수"".",,211,,5,2026-04-24 05:41:06,https://www.instagram.com/p/DXgLXLdk6NW/
,인스타그램,,"""📌처방연쇄📌라는 말을 들어 보셨나요? 우리는 병원에서 처방받은 약은  다 안전하다고 믿는 경향이 있지요ㅜㅜ 어떤분들은 거의 맹신에 가까우리만큼 약💊을 생명줄처럼  여기시는 분도 있습니다.  예를들어 어떤분이 관절이 나뻐져 관절약을 드셨다고 할게요  관절약의 부작용은 혈압이 올라갑니다. 그럼 이제 늙어서 그런가보다 하고 혈압약을 처방받아요 혈압약의 부작용은 몸이 붓는다고 해요 환자는 몸이 부으니 또 병원을 갑니다. 그리고 붓기가 빠지는 이뇨제를 처방 받지요  이뇨제는 또다른 부작용으로 요산을 배출해 통풍을 유발 통풍약을 먹으니  간수치가 나빠져 간약까지 처방을 받게됩니다 이렇게 연쇄적으로 약을 하나씩 추가하며 처방 받는걸  📌연쇄처방📌이라고 하고  현재 의사들도 위기 의식을 느낄만큼  생각보다 많은 환자들이 연쇄처방으로 멀쩡하던 사람이 병원에 눕는 신세가 된다고 해요  🔴의사가 말합니다  누군가 혈압이 올라가는 단계에서  혈압약을 처방 할게 아니라 원인을 찾아서  관절약을 줄이고 관절을 위해 다른 행동을 취했다면.. 과연 어땠을까요⁉️  이제 환자의 인식수준이 바뀔때 입니다. 하나의 질병에 하나의 약물이 아니라  질병의 원인이 되는 세포와 혈관 저산소 저체온등의  문제부터 개선 하세요 흡수 잘되는 자연식품으로 된 건강식품 드세요  영양만 잘 섭취되도 웬만한 질병은 치유됩니다.  #연쇄처방 #환자혁명 #인식개선 #건강 #영양 #약처방 #영양학 #비타민 #미네랄 #독일피엠 #건강기능식품 #흡수력 #독일피엠 #피엠인터내셔날 #핏라인 #fitline #자연주의 #독일영양제 #건강상식 #건강"".","#연쇄처방, #환자혁명, #인식개선, #건강, #영양, #약처방, #영양학, #비타민, #미네랄, #독일피엠, #건강기능식품, #흡수력, #독일피엠, #피엠인터내셔날, #핏라인, #fitline, #자연주의, #독일영양제, #건강상식, #건강",18,,1,2024-04-23 10:10:00,https://www.instagram.com/p/C6EQI_PSsbR/
,인스타그램,,"""#광고  혹시, 영양제 고를 때 이런 실수 하고 있지 않으세요?  요즘 건강을 위해 영양제 챙기는 분들 정말 많아졌죠  하지만 아무거나 고르면 오히려 내 몸에 독이 될 수도 있다는 사실, 알고 계셨나요?  저도 예전엔 그냥 유명하다는 제품만 골랐다가, 한 번 크게 후회한 적이 있었어요 그래서 오늘은 영양제 고를 때 꼭 체크해야 할 포인트를 정리해봤어요  ✅ 영양제 고를 때 주의해야 할 5가지!  1️⃣ 흡수율은 어떤 형태인지? 원료가 아무리 좋아도 체내 흡수가 되지 않으면 의미 없어요. 같은 성분이라도 ‘파이토좀’, ‘말레이트’ 같은 고흡수 설계를 먼저 살펴보세요.  2️⃣ 단순 조합이 아닌, 최적의 과학적인 성분 비율인지? 이거저거 넣는다고 다 좋은 게 아니에요. 성분 간 ‘상호작용’과 '비율'이 핵심입니다.  3️⃣ 원료의 출처가 투명한지? 원료를 보지 않으면 오히려 관리에 방해만 될 수 있어요. 같은 성분이라도 프리미엄 원료인지, 어떤 공정을 거쳤는지도 중요해요.  4️⃣ 단순하게 ‘좋다’는 후기만 많은 제품은 피하세요 광고성 후기가 많은 제품보다는 전문기관에서 테스트되었거나 실사용자들이 구체적으로 말하는 후기가 많은 제품을 고르세요.  5️⃣ 오래 섭취할 수 있는 신뢰도 있는 브랜드인가?  하루 이틀 좋고 말 것이 아니라 몇 달, 몇 년 꾸준히 먹어도 성분과 품질이 안정적인 브랜드여야 해요.  💬 그래서, 제가 선택한 브랜드는 쏜리서치 미국 내에서 의료기관과 전문가들이 실제로 추천하는 브랜드예요. 식물성 기반 원료와 고흡수 설계가 기반이 되어 몸에 잘 흡수되는 형태를 연구해 만드는 곳이에요.  실제로 해외 직구 영양제 중 가장 좋은 성분이 들어있는 영양제 브랜드로 손꼽히는 제품이라는것을 알 수 있어요.  그 중 제가 실제로 3년째 구매해서 섭취중인 2가지 제품을 추천합니다.  ✔️ 쏜리서치 S.A.T 실리마린, 아티초크, 커큐민이 1:1:1 과학적으로 배합된 프리미엄 간 케어 캡슐인데요. Indena사의 파이토좀 원료를 사용해 흡수율부터 남다르게 설계되었어요.  ✔️ 쏜리서치 칼슘-마그네슘 말레이트 기존 칼슘, 마그네슘보다 흡수율이 좋은 말산염 형태의 칼슘 마그네슘인데요. 1:1의 이상적인 비율로 골밀도와 근육 밸런스까지 고려했어요.  이제부터는 막연한 건강 걱정보다는 내 몸이 진짜 받아들이는 제품을 구분해서 고르는 것부터 시작해보세요.  📌 제품 링크는 프로필 @pharis00  📌 쿠팡 쏜리서치 직구 시 정품 체크 필수인 거 알고 계시죠? 영상으로 가품 구별법도 꼭 확인해보세요. (*YouTube",#광고,1027,,49,2025-08-08 04:10:16,https://www.instagram.com/p/DNFHyvVJoQJ/
,인스타그램,,"""BP뉴스 | 롭스 부활!?!?! 주인장 2022년 철수한 롭스(LOHB’s) 마주쳤어요!!   알고보니 사업 종료 뒤, 롭스 플러스(LOHB‘s PLUS)라는 새로운 이름으로 돌아온 것인데요.  📍 어떻게 달라졌을까?  단독 매장 대신 롯데마트 내 숍인숍(Shop-in-shop) 형태로 입점해 가성비 중심의 전략을 펼치고 있어요. 장을 보러 온 김에 뷰티 쇼핑까지 한 번에 끝내는 시너지 효과를 노린 겁니다.  📍 공략 포인트는?  가족 건강을 생각하는 4050세대를 메인 타겟으로 안티에이징과 건강기능식품 라인업을 대폭 강화했습니다. 제가 방문한 서울역점은 지리적 특성상 외국인 관광객을 겨냥한 핫한 K-뷰티 템들도 가득하더라고요.   K-뷰티의 위상이 높아지는 요즘, 롭스 플러스의 새로운 도약이 더욱 기대됩니다. (롭스 부활…도 뷰팝이 기대할게요…!🩵) - 𝗙𝗼𝗹𝗹𝗼𝘄 @beautypopup_news 📸 @beautypopup_news"".",,126,,6,2026-04-23 12:15:47,https://www.instagram.com/p/DXZQAykjyPz/
,인스타그램,,,,,,,2023-02-08 00:46:18,https://www.instagram.com/p/CoXnWUDDpqX/
,인스타그램,,"""#협찬 30대 이후에는 뭐든 더 좋은걸로 잘 챙겨먹어야하는데요 국내 최초로 🌟SCI급 논문 등재된🌟 원료로 만든 프리미엄 리포좀 멀티비타민 제품이에요 이건!!  체내 흡수율이 일반적인 멀티비타민보다 더 높다는 점이 데이터로 입증된 하루틴 멀티비타민&미네랄 제품   ""하루틴X손흥민 포토카드 이벤트"" 손흥민 포토카드랑 ""꽝없는 스크래치쿠폰 이벤트"" 참여로 다양한 경품 받아가실 수 있으니 꼭 참여해보세요  🌟국내 최초 특허받은 리포좀 제형기술을 적용된 멀티비타민  [리포좀 제형] 친수성(물에 잘 녹는 성질)과 친유성(기름에 잘 녹는 성질)의 특징을 모두 지닌 인지질로 감싼 비타민을   리포좀비타민이라고 하며, 이는 생체 인지질과 같은 구조로 되어 있어 비타민의 체내 흡수율을 높이는 기술  [리포좀 AB:MAX 인증] 리포좀 제형 기술 적용이 제대로 된 원료에만 부착하는 인증마크    하루틴 리포좀 멀티비타민 알파 제품은 특허받은 리포좀 제형기술을 적용하여 리포좀 제형의 안정성을 높였을 뿐만 아니라   비타민의 체내 흡수율을 높인 프리미엄 제품으로 식약처에서 기능성과 안전성을 인정받은 건강기능식품   🌟기능성 원료 멀티비타민&미네랄의 인체적용시험 결과, 다음과 같이 12시간 이내 체내 흡수율이 증가   V 비타민C 흡수율 3.15배 증가   V 철분 흡수율 3.51배 증가   V 나이아신 2.72배 증가   V 아연 흡수율 2.09배 증가  🌟단 1정! 비타민&미네랄 20종 100% 충족   하루틴 리포좀 멀티비타민 알파 제품은 비타민 12종과 미네랄 8종 총 20종의 비타민&미네랄을 100% 충족한 제품   특히 총 29중 기능성을 단 1정에 모두 담은 프리미엄 제품  #일상 #손흥민비타민 #하루틴 #리포좀"".","#협찬, #일상, #손흥민비타민, #하루틴, #리포좀",18,,6,2026-05-15 02:27:35,https://www.instagram.com/p/DYV6nu1p092/
,인스타그램,,"""#광고 @centrum_kr  4월 14일 센트룸 데이에 초대받았답니다! 🌈 건강한 삶을 응원하는 30년 연속 세계 판매 1등* 브랜드 센트룸답게 엄청난 프로그램과 이벤트를 준비해주셨더라구요 !  특히 흥미로웠던건 뇌과학자 장동선 박사님의 강연이에요. 에너지 정말 가득하시고, 활력이 넘치시는 박사님의 강의도 듣고 진심을 담아 강의하시는 모습이 인상깊었습니다.  다양한 프로그램도 참여해서 즐겁고 알찬시간을 보냈던 센트룸 데이 🩵 항상 선물을 고를때면 저는 센트룸을 준비하곤 했는데, 언제나 환영받는 선물이지요. 오늘도 엄마,아빠를 위한 제품도 준비했답니다.  올 한해, 앞으로의 5년, 10년, 30년, 50년 조금 더 달라지길 기대하며 오늘의 활력도 센트룸과 응원할게요!  #센트룸 #센트룸데이 #멀티비타민 #센트룸멀티비타민  *니콜라스홀 Global CHC database, DB6, 1996 ~ 2025  2604-PM-KR-CNT-26-00074ㅣ건강기능식품 II 센트룸 맨 더블업, 센트룸 우먼 더블업, 센트룸 실버 맨, 센트룸 실버 우먼, 센트룸 타마플렉스 올인원 관절·연골 ·근육ㅣ제조원: 콜마비앤에이치 (주)세종3공장ㅣ센트룸 원데이팩 맨 2030, 센트룸 원데이팩 우먼 2030, 센트룸 원데이팩 맨 40, 센트룸 원데이팩 우먼 40, 센트룸 원데이팩 맨 50+, 센트룸 원데이팩 우먼 50+ | 위탁의뢰 및 제조원(연질캡슐): 콜마비앤에이치 (주)음성공장 | 위탁제조원(정제): 콜마비앤에이치 (주)세종3공장ㅣ센트룸 멀티 구미ㅣMade in Germanyㅣ수입원 및 유통전문판매원: 헤일리온코리아주식회사ㅣ안전한 섭취를 위해 섭취 전 반드시 표기된 제품 정보를 확인하세요.ㅣ한국건강기능식품협회에서 광고심의 받은 광고물입니다."".","#광고, #센트룸, #센트룸데이, #멀티비타민, #센트룸멀티비타민",262,,16,2026-05-04 09:47:30,https://www.instagram.com/p/DX6YS8VRcMP/
,인스타그램,,,,,,,2025-08-09 13:23:08,https://www.instagram.com/p/DNIsNrERfTt/
,인스타그램,,"""#EVENT 항산화 집중 관리부터 뼈 건강과 에너지 관리까지! 오늘 나에게 필요한 비타민, 메리트C에서 골라보세요🍋  하루 중 비타민C가 필요한 순간이 있나요? 휴온스엔이 비타민을 채워드릴게요✨💬  📌 이벤트 참여 방법 1️⃣ @huonsn_official 팔로우 & 게시물 좋아요 2️⃣ ‘하루 중 비타민C가 필요한 순간’을 댓글로 남기기 추첨을 통해 10분께 리포좀 메리트C 트리플샷을 선물로 드려요! 🎁✨  📆 이벤트 일정 - 이벤트 기간 : 2/20(금) ~ 2/26(목) - 이벤트 발표 : 3/6(금) *개별 DM 발송 - 이벤트 경품 : 리포좀 메리트C 트리플샷 30개입 (10인)"".",#EVENT,401,,428,2026-02-20 08:00:12,https://www.instagram.com/p/DU-ORDlgYZc/
,인스타그램,,"""📌건강기능식품 vs 건강식품, 차이점은?  ✅건강기능식품: 식약처가 인정한 기능성 원료로 집중 케어! ✅건강식품: 일반 식품 범주로 일상의 건강한 에너지 보충!  선택이 고민될 땐?🤔  기능성과 원료 구성을 모두 잡은 금흑본🌿 흑삼과 바나바잎, 구아바잎의 조화로운 배합으로 완성한 진짜 건강기능식품입니다.  #금흑 #금흑본 #건강기능식품 #흑삼 #바나바잎 #건강상식 #자기관리 #식약처인증"".","#금흑, #금흑본, #건강기능식품, #흑삼, #바나바잎, #건강상식, #자기관리, #식약처인증",105,,0,2026-04-24 00:33:58,https://www.instagram.com/p/DXfpR5ombJ0/
,인스타그램,,"""💊 영양제, 잘 고르면 효과는 UP, 가격은 DOWN! 막상 고르려면 다 좋아보이는데… 전문가가 보는 핵심 기준, 지금부터 알려드릴게요🧡  ☀️ 비타민D ✔ D3(콜레칼시페롤) 형태는 D2보다 활성도와 지속시간이 우수 ✔ 연질캡슐 제형은 산화 방지 및 흡수율 측면에서 유리 ✔ ‘천연 비타민D’는 마케팅일 뿐이라고 생각해주세요  ⠀ 🦠 유산균 ✔ 정확한 균주명(예: LGG, B.lactis)이 있는 제품이어야 해요 ✔ 보장균수는 50~100억 CFU가 적절 (지나치게 많다고 무조건 좋은 건 아님)  ⠀ 🐟 오메가3 ✔ rTG형은 다른 형태보다 흡수율, 부작용 측면에서 가장 좋아요 ✔ EPA+DHA 합산 900mg 이상이어야 효과볼 수 있어요 ✔ 순도 80% 제품이 가장 품질이 좋아요 (순도 90%는 기술적으로 나올 수 없다고 합니다!)  ⠀ 💊 마그네슘 ✔ 마그네슘 형태에 따라 효과와 부작용 등이 달라서 원하는 효과에 맞춰 고르세요😍  ⠀ 🔋 비타민B군 ✔ 활성형 B1(푸르설티아민, 벤포티아민)이 피로 회복에 제일 중요한 성분이에요💪 ✔ 8종 모두 포함된 제품이(B1~B12) 우리 몸에서 제대로 작용할 수 있어요 ✔ B3, B6 고함량은 간·신경계 부담올 수 있어요  ⠀ 🧪 공통 체크리스트 ✅ GMP 인증 / 건강기능식품 마크 확인 ✅ 착향료·색소·이산화티타늄 등 불필요한 첨가물 적은 제품 선택  ⠀ “많이”보다 “정확히” 고르는 게 진짜 실속💡 기능성과 안전성, 모두 챙긴 현명한 선택 하세요!  ✅ 우리 가족&육아 동지들에게 공유하기🫶🏻 📌 건강정보 가득한 마미약사 팔로우🧸 📩 궁금한 건 언제든 DM 주세요 💌  @mommy_yaksa @mommy_yaksa  #약사추천 #영양제고르는법 #건강기능식품 #한장정리 #비타민D #유산균추천 #오메가3 #마그네슘 #비타민B군"".","#약사추천, #영양제고르는법, #건강기능식품, #한장정리, #비타민D, #유산균추천, #오메가3, #마그네슘, #비타민B군",131,,3,2025-05-18 15:16:46,https://www.instagram.com/p/DJzLPncTJqe/
,인스타그램,,"""ㅤ #EVENT 💙 국내 판매 1위 멀티비타민, 오쏘몰 이뮨이 드디어 CU에 상륙! 💙  독일 Orthomol의 미량영양소 연구 기술로 탄생한 오쏘몰! 우리 몸에 필요한 영양소를 액상 + 정제 이중 제형으로 밸런스 있게 채우는 프리미엄 포뮬러!  이번 CU 입점으로, 바쁜 일상 속에서도 오쏘몰을 가장 빠르고 간편하게 만나보세요!  💡 이럴 때, 특히 오쏘몰이 필요해요! 새벽 골프 전에 몸이 축날 것 같을 때! 회식 자리에서 분위기 업! 팀 케어가 필요할 때! 야근 다음 날, 체력이 바닥나는 느낌일 때!  💬 댓글 EVENT 💬 오쏘몰이 지금 꼭 필요한 친구를 태그하고 CU 출시 소식을 알려주세요! 추첨을 통해 선물을 드립니다🎁  ✔ CU 공식 인스타그램 팔로우 필수 ✔ 이벤트 기간: 11/27(목) ~ 12/4(목) ✔ 당첨자 발표: 12/11(목) — DM 개별 안내 ✔ 경품: CU 모바일상품권 5천원권 (10명)  편의점에서 바로 챙기고, 회식 자리에서도 센스 있게 케어하는 순간💙  •1위 근거: 유로모니터 인터내셔널, 건강기능식품 2025 에디션, 멀티비타민 2024년 전 유통채널 소매 판매액 기준(오쏘몰 브랜드 기준) •제조원: Orthomol(독일) | 판매원: 동아제약㈜ | 건강기능식품 •본 제품은 동아제약의 건강기능식품입니다.  #오쏘몰 #이중제형비타민 #국내판매1위 #오쏘몰이뮨 #CU신상 #CU건강기능식품 #편의점신상 #CU #씨유 #CU편의점 #당신의_좋은친구_CU"".","#EVENT, #오쏘몰, #이중제형비타민, #국내판매1위, #오쏘몰이뮨, #CU신상, #CU건강기능식품, #편의점신상, #CU, #씨유, #CU편의점, #당신의_좋은친구_CU",346,,281,2025-11-27 03:52:41,https://www.instagram.com/p/DRi0XQTD5_4/
,인스타그램,,"""ㅤ 요즘 자꾸 깜빡깜빡 한다면? 지금 CU에서 두뇌기억력을 챙겨보세요🧠  📌 종근당)두뇌기억력10정 / 5,000원 / 1+1증정! 📌 은행잎추출물로 기억력 및 혈행개선 더블케어 📌 플라보놀배당체 식약처 1일 섭취량 기준 최대함량 함유  지금 전국 약 6천개 CU에서 건강기능식품을 가장 가깝게 만나보세요!  오직 CU에서만! ☑ 개당 5,000원에 상시 1+1 👉 개당 2,500원 ☑ 6개 구매시 12,000원 👉 개당 2,000원  ☑ 종근당 9종 상품 간, 교차 구매 가능!  🔍 건강기능식품 판매 점포 및 재고 조회는 포켓CU APP에서 확인하세요⚡  #헬CUP #헬씨업 #건강기능식품 #건기식 #CU건기식 #두뇌기억력 #비타민E #은행잎추출물 #플라보놀배당체 #CU #씨유 #당신의_좋은친구_CU  - 판매원 : ㈜종근당 - 제조원 : 코스맥스엔비티"".","#헬CUP, #헬씨업, #건강기능식품, #건기식, #CU건기식, #두뇌기억력, #비타민E, #은행잎추출물, #플라보놀배당체, #CU, #씨유, #당신의_좋은친구_CU",108,,0,2025-08-22 08:05:05,https://www.instagram.com/p/DNpmJt-S0-T/
,인스타그램,,"""💚국내 1위 편의점 CU 보유기업! BGF리테일 최신 합격자 인터뷰  by. 콘텐츠에디터 23기 이예원 다른 합격자료 보러가기 👉 #링커리어합격후기  💙더 많은 대학생활, 취업 정보는 프로필 링크에서💙  #링커리어 #대학생 #취준생 #신입 #BGF리테일 #신입채용 #합격후기 #CU #씨유 #CU편의점 #합격스펙 #합격자소서 #링커리어합격후기"".","#링커리어합격후기, #링커리어, #대학생, #취준생, #신입, #BGF리테일, #신입채용, #합격후기, #CU, #씨유, #CU편의점, #합격스펙, #합격자소서, #링커리어합격후기",60,,0,2026-04-26 08:00:33,https://www.instagram.com/p/DXll-jbARcS/
,인스타그램,,""". 안녕하세요 “CU 덕후” 합격해 버렸습니다 — ! 53기로 <2개월> 간 활동 할 예정이니 많은 관심 부탁드려요 (많.관.부) 🛒🪽 같이 합격하신 분들도 축하드립니다! 함께 재밌게 활동해봐요 이제 시작이다~ 해 보는거야~ ☀︎  #대외활동계정 #대외활동맞팔 #대외활동 #대외활동추천 #cu #cu덕후"".","#대외활동계정, #대외활동맞팔, #대외활동, #대외활동추천, #cu, #cu덕후",169,,4,2025-09-24 12:13:14,https://www.instagram.com/p/DO_Ao5YkXU0/
,인스타그램,,,,,,,2026-04-29 13:32:26,https://www.instagram.com/p/DXt6U8ikU12/
,인스타그램,,"""ㅤ #EVENT  지금 스트레스 만땅이신가요? 테아닌 한 정으로 스트레스로 인한 긴장감을 릴렉스~  📌 하루 한번, 한 번에 한 알로 가볍게!  📌 각종 환경에서 받는 스트레스로 인한 긴장감을 싹~ 다운!  지금 전국 약 6,000개 CU에서 동아제약 건강기능식품을 만나보세요! ※ 포켓CU APP에서 판매점포 확인 및 재고 조회 필수!  ♥️ 오직 CU에서만 ♥️ 동아제약)셀파렉스테아닌 10정 5,000원 ✔️ 상시 1+1 행사진행(개당 2,500원) ✔️ 동아제약 8종 상품 간 교차구매 가능  ⭐특별할인 행사⭐ ① 11/1(일)~16(토) 16일간! ② 6개 구매시 67% 할인→개당 825원  💬 댓글 EVENT 💬 스트레스에 갇힌 친구들 모여! 스트레스를 풀어주고 싶은 친구들에게 소문내주세요. 추첨을 통해 선물을 드립니다.  ✅ CU 공식 인스타그램 팔로우 필수! ✅ 이벤트 기간: 11/14(금)~11/21(금) ✅ 당첨자 발표: 11/28(금) *당첨자 개별 DM 발표 ✅ 경품: CU 모바일상품권 5천원권 (5명)  -판매원 : (주)동아제약 -제조원 : (주)서흥  #동아제약 #셀파렉스 #건강기능식품 #CU #씨유 #CU편의점 #당신의_좋은친구_CU"".","#EVENT, #동아제약, #셀파렉스, #건강기능식품, #CU, #씨유, #CU편의점, #당신의_좋은친구_CU",308,,272,2025-11-14 02:00:15,https://www.instagram.com/p/DRBPLFVDVXZ/
,인스타그램,,"""#협찬 #고려은단오메가3  믿음이 가는 고려은단에서 만드는 오메가3 식물성으로 만들어져서 찾는 분들 많으실텐데요 식물성 퓨어 알티지 오메가3는 3중 기능성 제품이에요 혈행개선, 혈중 중성지질 개선 그리고 건조한 눈 개선까지!  그리고 식물성 퓨어 알티지 오메가3 기억력+은 무려 4중 기능성 제품이라는 점! 기억력 개선까지 도움을 받을 수 있어서 좋아요  온가족이 함께! 고려은단 오메가3와 함께 해요~!  #고려은단식물성퓨어오메가3 #고려은단식물성오메가3 #고려은단  @koreaeundan_official  건강기능식품 I [제조원] (주)서흥 및 [판매원] 고려은단헬스케어"".","#협찬, #고려은단오메가3, #고려은단식물성퓨어오메가3, #고려은단식물성오메가3, #고려은단",263,,4,2026-05-01 05:47:36,https://www.instagram.com/p/DXyN-JTTvUl/
,인스타그램,,"""ㅤ 회식, 야근 잦은 직장인을 위한 필수 건강기능식품 밀크씨슬도 CU에서는 1+1✨  📌 종근당)간건강10정 / 5,000원 / 1+1증정! 📌 간 건강 실리마린 식약처 1일 섭취 기준 100% 함유  지금 전국 약 6천개 CU에서 건강기능식품을 가장 가깝게 만나보세요!  오직 CU에서만! ☑ 개당 5,000원에 상시 1+1 👉 개당 2,500원 ☑ 6개 구매 시 12,000원 👉 개당 2,000원  ☑ 종근당 9종 상품 간, 교차 구매 가능!  🔍 건강기능식품 판매 점포 및 재고 조회는 포켓CU APP에서 확인하세요⚡  #헬CUP #헬씨업 #건강기능식품 #건기식 #CU건기식 #간건강 #밀크씨슬  #CU #씨유 #당신의_좋은친구_CU   - 판매원 : ㈜종근당 - 제조원 : 코스맥스엔비티"".","#헬CUP, #헬씨업, #건강기능식품, #건기식, #CU건기식, #간건강, #밀크씨슬, #CU, #씨유, #당신의_좋은친구_CU",95,,0,2025-08-06 01:00:54,https://www.instagram.com/p/DM_o4vUCULP/
,인스타그램,,"""#광고    우리 아기, 유산균 따로 챙기고 계세요? 첫째 둘째 태어나고부터 하루도 거르지 않고 유산균, 비타민D 챙겨주고 있는데요   아기 배변 활동에 도움을 줄 수 있고 뼈 건강까지 더블케어 할 수 있어서 저는 닥터에디션 바이오D드롭스를 선택했습니다!   ✔ 스포이드 눈금선 만큼 먹여주면 간편하게 섭취 끝 ✔ 따로 섞거나 준비할 필요 없이 바로 먹일 수 있고 ✔ 맛이나 향이 안나서 아기도 거부감 없이 잘 먹는 편이라 꾸준히 챙기기 좋아요   아기 건강기능식품은 결국 “좋은 성분”도 중요하지만 “매일 빠지지 않고 챙길 수 있느냐”가 더 중요한 것 같더라구요. 그 점에서 이건 부담이 없어서 손이 자주 가요.   게다가 2025년 총 판매량 기준, 90초에 1병씩 판매될 만큼 많은 엄마들이 선택하는 이유가 있구나 싶었어요.   유산균과 비타민 D 어떻게 챙겨야 할지 고민이셨다면 주변에서 쉽게 찾아볼 수 있는 국민템 닥터에디션 바이오D드롭스로 챙겨주세요!      건강기능식품ㅣ 판매원 (주)에프앤디넷 ㅣ 제조원 Italy/Probiotical S.p.A 한국건강기능식품협회에서 광고심의를 받은 광고물입니다. 심의번호: 260520008   #닥터에디션 #비타민D드롭스 #아기건강기능식품 #아기유산균"".","#광고, #닥터에디션, #비타민D드롭스, #아기건강기능식품, #아기유산균",22,,0,2026-05-15 04:04:10,https://www.instagram.com/p/DYWF_b-Phsk/
,인스타그램,,"""▫️광고 센트룸 데이에 초대받아 다녀왔어요 평소에도 센트룸 비타민을 챙겨먹고 있었는데  이렇게 직접 강연까지 듣고 나니까  단순히 먹는다‘는 느낌이 아니라  왜 챙겨야 하는지에 대한 기준이 조금 더 또렷해지더라고요  이렇게 알고 나서 챙겨보니까그냥 먹을 때랑은  확실히 다르게 느껴지는 부분도 있었어요  그리고 센트룸이 30년 연속 세계 판매 1위* 멀티비타민 브랜드라는 점도 이런 연구와 방향성이 쌓여온 결과라는 생각이 들었어요  나에게 맞는 영양을 꾸준히 채워주는 것 생각보다 더 기본인데 그래서  더 중요한 부분이라는 걸 다시 느꼈던 시간이었어요  여기에 뇌과학자 장동선 박사님 강연과  이연진 코치님의 러닝 강연도 듣고  다양한 체험 프로그램도 있어서 재밌게 즐기고 왔어요  @centrum_kr   #센트룸 #센트룸데이 #멀티비타민 #센트룸멀티비타민 #센트룸우먼더블업  *니콜라스홀 Global CHC database, DB6, 1996~ 2025 2604-PM-KR-CNT-26-00074 | 건강기능식품 II 센트룸 맨 더블업, 센트룸 우먼 더블업, 센트룸 실버 맨, 센트룸 실버 우먼, 센트룸 타마플렉스 올인원 관절•연골 •근육 | 제조원: 콜마비앤에이치 (주)세종3공장 | 센트룸 원데이 맨 2030, 센트룸 원데이 우먼 2030, 센트룸 원데이팩 맨 40, 센트룸 원데이팩 우먼 40, 센트룸 원데이 맨 50+, 센트룸 원데이팩 우먼 50+ | 위탁의 및 제조원(연질캡슐): 콜마비앤에이치 (주)성공장 | 위탁제조원(정제): 콜마비앤에이치 (주)세종3공장 | 센트룸 멀티 구미 1 Made in Germany | 수입원 및 유통전문판매원: 헤일리온코리아주식회사 | 안전한 섭취를 위해 섭취 전 반드시 표기된 제품 정보를 확인하세요. | 한국건강기능식품협회 에서 광고심의 받은 광고물입니다."".","#센트룸, #센트룸데이, #멀티비타민, #센트룸멀티비타민, #센트룸우먼더블업",308,,23,2026-05-07 03:44:18,https://www.instagram.com/p/DYBdWIjTApp/
,인스타그램,,,,,,,2026-05-18 05:14:33,https://www.instagram.com/p/DYd8UmipnrK/
,인스타그램,,"""#협찬  우리 아이 영양 이거 하나면 끝!!  간편하게 먹는 방법 알려드릴게요~❤️  비타민 11종과 엽산, 아연이  한 포에 담아있는  키즈텐 ""종합비타민 미네랄""  아이들 눈높이 맞춤 설계로 더 맛있게 먹을 수 있게!!  아이들 입맛을 사로잡은 사과맛이라서 입에서 사르르 녹는 분말 타입이어도  거부감 없이 먹기 좋아요❤️  더욱 깐깐하게 만든 불필요한 성분은 빼고!!  식약처 기능성, 안정성 인정받은 어린이 건강기능식품:)  무엇보다 하루 한 포로 우리 아이 영양루틴이 생겼어요♡  우리아이 종합 영양 챙기고싶다면 네이버에 ""키즈텐 종합비타민"" 검색해보세요💗  @kids10_official  #키즈텐 #종합비타민 #맛있는비타민 #어린이비타민"".","#협찬, #키즈텐, #종합비타민, #맛있는비타민, #어린이비타민",765,,85,2026-05-06 11:36:03,https://www.instagram.com/p/DX_G_92xqOb/
,인스타그램,,"""#제품제공   요즘 하루 종일 핸드폰 + 컴퓨터 보는 시간 많아지면서 눈이 뻑뻑하고 피로감이 확 올라오더라고요 🥲 그래서 가볍게 챙겨보려고 시작한 다이소 건강기능식품 오브맘(Ofmom) 눈건강 루테인 하루구미 👀✨  ✔ 구미 타입이라 물 없이도 간편하게 ✔ 하루 한 번, 쏙 꺼내 먹기만 하면 끝 ✔ 휴대성 좋아서 가방에 넣어두고 틈틈이 챙기기 좋아요  특히 맛이 부담 없어서 영양제 느낌보다 그냥 간식처럼 먹기 편한 게 장점 👍 마리골드꽃추출물(루테인) 들어있어서 눈 건강 관리용으로 꾸준히 챙겨보려고요!  요즘처럼 바쁜 일상 속에서 👉 간편하게 챙길 수 있는 가성비 영양제 찾는다면 이런 제품도 괜찮은 선택인 것 같아요^^  합리적인 가격에 부담 없이 시작하는 다이소 영양제 확실히 접근성이 좋아서 더 손이 가는 듯!!*,*  #다이소건강기능식품 #다이소영양제 #가성비영양제 #오브맘 눈건강루테인"".","#제품제공, #다이소건강기능식품, #다이소영양제, #가성비영양제, #오브맘",0,,0,2026-05-03 02:47:54,https://www.instagram.com/p/DX3Dw2Wj7Ad/
,인스타그램,,,,,,,2026-05-11 10:51:16,https://www.instagram.com/p/DYMhIVzA_01/
,인스타그램,,"""#협찬  눈 건강, 확실하게 챙기고 계신가요? 👀✨  저는 요즘 미국 아이뷰 아스타잔틴 루테인으로 매일 눈 건강을 지키고 있어요.  ✔ 식품의약품안전처 인증 건강기능식품이라 안심하고 섭취할 수 있고, ✔ 루테인 1일 권장량 100% 함유라 부족할 걱정이 없어요. ✔ 아스타잔틴이 풍부한 헤마토코쿠스 추출물 덕분에 눈 피로 완화에도 도움! ✔ 게다가 연질 캡슐이라 목 넘김이 부드럽고, 가족 모두 편하게 먹을 수 있어요.  저는 하루에 한 알, 아침 식사 후에 챙겨 먹는데요, 꾸준히 먹으니 모니터 오래 봐도 눈이 덜 뻑뻑하고 확실히 편안해진 느낌이에요. 🌿  📸 제품 사진은 브랜드가 잘 보이도록 깔끔한 배경에서 찍고, 👩‍👩‍👧‍👦 실제 섭취하는 모습도 함께 담아보았어요.  👉 하루 한 알, 간단한 습관으로 눈 건강 루틴 완성! 저처럼 눈 피로와 건조함이 신경 쓰이는 분들께 추천합니다.  #루테인#눈영양제#루테인지아잔틴아스타잔틴#눈에좋은식품#루테인추천#눈건강#루테인지아잔틴#아스타잔틴추천#루테인아스타잔틴#건강기능식품#부모님선물#어르신선물#에프디랩@fdlab_official"".","#협찬, #루테인, #눈영양제, #루테인지아잔틴아스타잔틴, #눈에좋은식품, #루테인추천, #눈건강, #루테인지아잔틴, #아스타잔틴추천, #루테인아스타잔틴, #건강기능식품, #부모님선물, #어르신선물, #에프디랩",131,,10,2025-09-21 04:19:18,https://www.instagram.com/p/DO2cKRHk27N/
,인스타그램,,"""귀여운 에너지 충전템⚡️  오후만 되면 체력 떨어지는 사람들을 위한 호빵맨 에너지 충전템이 등장했어요 !  ✅카카오톡 선물하기 단독판매 ☑️런칭기념 호빵맨 스티커 증정  호빵맨 트위스트샷 에너지인데 호빵맨얼굴이 들어있어서 너무 귀여워요🥹  가방에 키링으로 달고다니다가 에너지가 필요할때 호빵맨 얼굴을 돌려주면 촤르륵 비타민이 떨어져요.  상콤달콤 살구맛에 비타민&미네랄 10종이 들어간 식약처 인증 건강기능식품!  나를 위한 셀프선물로도 너무 좋은데요!?💝  💌호빵맨 트위스트샷 에너지 📍카카오톡 선물하기  #호빵맨 #트위스트샷에너지 #호빵맨트위스트샷 #에너지샷 #유한건강생활"".","#호빵맨, #트위스트샷에너지, #호빵맨트위스트샷, #에너지샷, #유한건강생활",1128,,26,2026-05-18 03:20:38,https://www.instagram.com/p/DYdvTUnz08p/
,인스타그램,,"""수원역 근처라면 무조건 저장해야 할 핫플 발견! 눈치 안 보고 카트 끌면서 맘편히 쇼핑하는 초대형 창고형 약국 #케이약국 💊  ​✅ 여기가 좋은 이유! 1️⃣ 전문 약사님이 직접 추천해주는 친절한 상담 2️⃣ 어마어마한 종류의 영양제 & 건강기능식품 3️⃣ 넓고 쾌적한 매장에서 즐기는 갓성비 쇼핑  ​주차도 편해서 부모님 모시고 가거나 온 가족 영양제 털어오기 너무 좋아요! 🚗💨   #창고형약국 #대형약국 #수팝츄"".","#케이약국, #창고형약국, #대형약국, #수팝츄",339,,25,2026-04-17 21:33:32,https://www.instagram.com/p/DXP121ME4Ox/
,인스타그램,,"""💚 건강한 가정의 달 5월 💚 리얼닥터가 현대백화점 목동점에 찾아왔어요!  📍 리얼닥터 X 현대백화점 목동점 팝업스토어 🗓 2026.05.08 ~ 05.14 📌 현대백화점 목동점 식품관 B2  건강한 가정의 달을 맞이해 리얼닥터가 준비한 특별한 혜택✨  ✔ 초임계 장용성 rTG 오메가3 ✔ 비오틴 ✔ 유산균 ✔ 멀티비타민  지금 팝업에서만 만날 수 있는 특별 할인 혜택으로 찾아갑니다!  가족과 나를 위한 건강 선물🎁 이번 기회 놓치지 마세요 :)  #리얼닥터 #현대백화점목동점 #팝업스토어 #가정의달 #건강기능식품 #오메가3 #비오틴 #유산균 #멀티비타민 #건강선물"".","#리얼닥터, #현대백화점목동점, #팝업스토어, #가정의달, #건강기능식품, #오메가3, #비오틴, #유산균, #멀티비타민, #건강선물",8,,0,2026-05-06 07:52:44,https://www.instagram.com/p/DX_VCHAmhBT/
,인스타그램,,,,,,,2026-05-19 02:09:54,https://www.instagram.com/p/DYWSlHXyqjN/
,인스타그램,,"""#광고 이제 가까운 CU에서 건강을 챙긴다!? 바쁘고 정신 없는 우리를 위한 꿀팁 등장이요💊  CU에서만 가능한 1+1 Crazy한 혜택🔥 눈 건강, 장 건강, 뼈 건강… 내 몸 상태 보고 골라 담자!  게다가 종근당 9종 전부 교차 구매까지 된다니 이건 ㄹㅇ 효율 갑🎯  오직 CU에서만! ☑ 개당 5,000원에 상시 1+1 👉 개당 2,500원 ☑ 20일치에 2,500원 꼴!! 그냥 갓성비 💯  @@집 앞 CU에서 함께 건강 챙길 친구 태그 ㄱㄱ  #EVENT CU에서 건강 루틴 함께 시작하고 싶은 친구를 댓글로 태그하고 CU 건강기능식품 판매 소식을 알려주세요!  ✔이벤트 기간: 8/20(수) ~ 8/27(수) ✔당첨자 발표: 9/3(수) *개별 DM으로 발표 예정입니다 ✔경품: CU모바일상품권 3,000원 (20명)  #CU #씨유 #헬CUP #헬씨업 #건강기능식품 #건기식 #CU건기식 #종근당  - 판매원 : (주)종근당 - 제조원 : 코스맥스엔비티, 네추얼웨이, 메디오젠  ※ 해당 게시물 재업로드 되었습니다. ※ 이전 기존 게시물을 통해 댓글 이벤트 참여해주신 분들 모두 이벤트 참여 정상 인정되는 점 안내 드립니다."".","#광고, #EVENT, #CU, #씨유, #헬CUP, #헬씨업, #건강기능식품, #건기식, #CU건기식, #종근당",523,,14,2025-08-21 09:03:15,https://www.instagram.com/p/DNke146xQg6/
,인스타그램,,"""[제작지원] 가정의 달 선물 1위 건강기능식품! 🎁 '건강기능식품'과 '일반식품'의 차이, 정확히 알고 있어?  선물 준비중인 K효녀, K효자들 필수 시청! 무분별한 선택은 오남용의 원인!  합리적이고 안전한 소비를 위해 식약처가 알려주는 5가지 기준  1️⃣ 일반식품과 건강기능식품 구별 방법 2️⃣ 제품 전면 '건강기능식품' 마크 확인 3️⃣ 질병 치료를 장담하는 과대광고 경계 4️⃣ 복용 중인 약이 있다면 전문가 상담 필수 5️⃣ 맞춤형건강기능식품 활용하기  사랑하는 사람들을 위한 선물! 이제 잘 판단해서 구매 잘 할 수 있지?  * 식품의약품안전처와 함께 유익한 정보를 전달하기 위해 제작한 영상입니다.  #식품의약품안전처 #건강기능식품 #어버이날 #선물 #맞춤형건강기능식품"".","#식품의약품안전처, #건강기능식품, #어버이날, #선물, #맞춤형건강기능식품",303,,38,2026-05-19 07:46:55,https://www.instagram.com/p/DYB6ZMdS3sc/
,인스타그램,,"""기다리시던 혈당컷이 옵니다😝  한살 한살 늘어갈 때마다 이것저것 신경 써야할 것들이 어쩜 그리도 많은지 때론 귀찮을 때도 있지만 스스로를 사랑해주는 방법 중 하나이기도 하겠죠!!  혈당스파이크가 단순히 당뇨 문제라고 생각할 수 있겠지만 가속노화를 촉발하는 요인이라고 하더라구요. 거의 모든 질병과 노화, 다이어트는 결국 혈당 관리를  어떻게 하느냐에요✅  혈당스파이크를 예방하는 방법은 어쩌면 간단해요!  간단하게라도 아침 챙기기 빵, 떡, 면으로 끼니 떼우지 않기 식후 바로 눕지 않기 액상과당 가득한 간식 줄이기  하지만 가끔 바쁜 현대인들은 아침을 거르기도 하고 맛있는 빵이나 떡, 면을 안 먹을 수 없으니 먹으면서 관리하는 방법으로 해볼까요?  ✔ 무색/무미/무취 어떤 음식에도 활용 가능 ✔ 100% 옥수수 식이섬유 성분 ✔ 3중 기능성 건강기능식품  식후 혈당 상승 억제에 도움 혈중 중성지질 개선에 도움 배변활동 원활에 도움  이미 너무나 많은분들이 항상 함께 하시는 현대인 필수품 마이해빗 혈당컷!! 월요일날 만나요💋"".",,387,,23,2026-05-12 12:11:59,https://www.instagram.com/p/DYPPctIzUZy/
,인스타그램,,"""📢동국제약 건강기능식품 가정의 달 대첩 빅세일 🎊 가정의 달 동국제약 할인 혜택 받고 미리 준비하세요🥰   📌5/8 (수)까지 최대 60% 할인 📌4/23 (화) 19시~20시 라이브 방송   고함량* 멀티 비타민 하루 1병으로 fit하게💙  #마이핏V멀티비타이뮨128  한국인의 식습관을 고려한 역가수치와 영양 가득 원료들로 건강하고 맛있는 효소🩷 #마이핏S고소한카무트효소 #마이핏S달콤한카무트효소  선명하고 건강하게! 두뇌를 위한 습관💛 #마이핏V스마트포스파티딜세린PS   *1일성분기준치대비｜건강기능식품"".","#마이핏V멀티비타이뮨128, #마이핏S고소한카무트효소, #마이핏S달콤한카무트효소, #마이핏V스마트포스파티딜세린PS",67,,5,2024-04-23 00:15:54,https://www.instagram.com/p/C6FWINzvHQT/
,인스타그램,,"""일반식품 아니구요❌ 건강기능식품🅾️  ✔ 피부 보습 ✔ 자외선에 의한 피부손상으로부터  피부 건강 유지  이렇게 쓸수 있다는건 식약처에서 기능성을 인정받았다 이 말이예오!!  여기에 홍반(홍조) 개선 지표까지 있는 기능성을 인정받아서  요즘 난리난 [건강기능식품]  포샤인 콜라겐입니다.  가격 엄청 착하게 #오픈완료 1만원대예요🔥🔥🔥  얘 가루로 먹어도 1도 안비려요. 500달톤으로 흡수율 높아서 혈중농도증가까지 데이터로 확인된 제대로 된 놈이예요."".",#오픈완료,37,,2,2026-05-03 01:00:50,https://www.instagram.com/p/DX23dbSTulV/
,인스타그램,,"""ㅤ #EVENT  벌써 하나 둘 가득해지는 연말 일정, 다가오는 송년회가 두려우신가요?! 👀  잦은 회식으로 더부룩해진 속을 뻥 뚫어줄 육식파 키위효소를 CU에서 만나보세요! 🥝  📌 그린 키위의 액티니딘과 파인애플의 브로멜라인 효소로 단백질을 동시에 소화! 📌 탄수화물 분해효소 아밀라아제로 탄수화물까지 동시에! 📌 효소 특유의 쿰쿰한 맛 NO! 맛있게 새콤달콤한 키위맛으로 입까지 시원하게!  지금 전국 약 6,000개 CU에서 동아제약 건강기능식품을 만나보세요! ※ 포켓CU APP에서 판매점포 확인 및 재고 조회 필수!  💜오직 CU에서만💜 동아)육식파키위효소3g 2,000원 ✔ 12월 1+1 행사 진행! -식품유형 : 효소식품 -유통전문판매원 : (주)동아제약 -제조원 : 코스맥스바이오(주)   💬 댓글 EVENT 💬 다가오는 연말 송년회, 육식파 키위효소가 가장 필요할 것 같은 친구를 태그해주세요! 추첨을 통해 선물을 드립니다🎁  ✅ CU 공식 인스타그램 팔로우 필수! ✅ 기간: 11/21(금)~11/28(금) ✅ 당첨자 발표: 12/5(금) *당첨자 개별 DM 발표 ✅ 경품: CU 모바일상품권 5천원권 (10명)  #동아제약 #육식파 #육식파키위효소 #송년회 #연말회식 #건강기능식품 #CU #씨유 #CU편의점 #당신의_좋은친구_CU"".","#EVENT, #동아제약, #육식파, #육식파키위효소, #송년회, #연말회식, #건강기능식품, #CU, #씨유, #CU편의점, #당신의_좋은친구_CU",422,,318,2025-11-25 06:00:22,https://www.instagram.com/p/DRUEQOdEcav/
,인스타그램,,"""ㅤ #EVENT  유독 금방 지쳐버린 오늘. 밀크씨슬 한 정으로 지금이순'간' 케어 !  📌 하루 한번, 한 번에 한 알로 가볍게!  📌 간건강 대표성분 밀크씨슬로 간피로 집중 케어!  지금 전국 약 6,000개 CU에서 동아제약 건강기능식품을 만나보세요! ※ 포켓CU APP에서 판매점포 확인 및 재고 조회 필수!  ♥️ 오직 CU에서만 ♥️ 동아제약)셀파렉스밀크씨슬 10정 5,000원 ✔️ 상시 1+1 행사진행(개당 2,500원) ✔️ 동아제약 8종 상품 간 교차구매 가능  💬 댓글 EVENT 💬 스트레스에 갇힌 친구들 모여! 스트레스를 풀어주고 싶은 친구들에게 소문내주세요. 추첨을 통해 선물을 드립니다.  ✅ CU 공식 인스타그램 팔로우 필수! ✅ 이벤트 기간: 11/18(화)~11/25(화) ✅ 당첨자 발표: 12/2(화) *DM 개별 발표 ✅ 경품: CU 모바일상품권 5천원권 (5명)  -판매원 : (주)동아제약 -제조원 : (주)서흥  #동아제약 #셀파렉스 #건강기능식품 #CU #씨유 #CU편의점 #당신의_좋은친구_CU"".","#EVENT, #동아제약, #셀파렉스, #건강기능식품, #CU, #씨유, #CU편의점, #당신의_좋은친구_CU",299,,274,2025-11-18 02:00:21,https://www.instagram.com/p/DRLiXO0jRuL/
,인스타그램,,"""#광고 다들 비타민 어디꺼 드세요? 👀 저는 센트룸 먹고 있는데요—  이번에 센트룸 데이 다녀와봤어요!  @centrum_kr   4월 14일 커뮤니티하우스 마실에서 진행된 행사였는데, 입구부터 동선이 잘 짜여 있어서 시작 전부터 기대감이 올라가더라구요🔥  현장에는 총 4가지 체험 프로그램이 있었는데,  방명록 작성부터 키캡 키링 만들기, 포토부스, 짝맞추기 게임까지 하나씩 참여하면서 브랜드를 직접 경험해볼 수 있었어요🙋🏻   이후에 진행된 브랜드 세션도 인상 깊었는데요,  센트룸이 어떤 기준으로 제품을 만드는지 직접 들을 수 있었고 특히 과학적인 근거와 연구 데이터들을 보면서  왜 세계적으로 많이 찾는 브랜드인지 다시 한 번 느껴지더라구요🧬  장동선 박사님의 뇌과학 강연과  이연진 코치님의 러닝과 몸 관리에 대한 이야기까지 평소 쉽게 접하기 어려운 내용이라 흥미롭게 들을 수 있었어요‼️  중간중간 쉴 수 있는 공간과 케이터링도 잘 준비되어 있어서  전체적으로 여유 있게 즐길 수 있었던 행사였고, 마지막에는 센트룸 제품이 담긴 짐색도 받았는데  하루 한 번 섭취로 기초 영양을 챙길 수 있는  센트룸 우먼 더블업 등 제품들이 다양하게 구성되어 있더라구요✨  직접 체험하면서 브랜드를 이해할 수 있어서  더 기억에 남았던 ‘센트룸 데이’였습니다🌿  *본 포스팅은 ‘센트룸’으로부터 제품과 소정의 원고료를 지원받아 작성한 포스팅입니다.  2604-PM-KR-CNT-26-00074ㅣ건강기능식품 II 센트룸 맨 더블업, 센트룸 우먼 더블업, 센트룸 실버 맨, 센트룸 실버 우먼, 센트룸 타마플렉스 올인원 관절·연골 ·근육ㅣ제조원 : 콜마비앤에이치(주) 세종3공장ㅣ센트룸 원데이팩 맨 2030, 센트룸 원데이팩 우먼 2030, 센트룸 원데이팩 맨 40, 센트룸 원데이팩 우먼 40, 센트룸 원데이팩 맨 50+, 센트룸 원데이팩 우먼 50+ | 위탁의뢰 및 제조원(연질캡슐): 콜마비앤에이치(주) 음성공장 | 위탁제조원(정제): 콜마비앤에이치(주) 세종3공장ㅣ센트룸 멀티 구미ㅣMade in Germany ㅣ수입원 및 유통전문판매원 : 헤일리온코리아주식회사ㅣ안전한 섭취를 위해 섭취 전 반드시 표기된 제품 정보를 확인하세요.ㅣ한국건강기능식품협회에서 광고심의 받은 광고물입니다.  -  #센트룸 #센트룸데이 #멀티비타민 #센트룸멀티비타민"".","#광고, #센트룸, #센트룸데이, #멀티비타민, #센트룸멀티비타민",173,,24,2026-05-07 00:43:56,https://www.instagram.com/p/DX508r-P8fY/
,인스타그램,,,,,,,2026-05-09 01:25:25,https://www.instagram.com/p/DYGXBQHz8Yc/
,인스타그램,,"""ㅤ 몸도 혈당도 가볍게. 건강한 다이어트 필수템 CU 종근당 다이어트✨  📌 종근당)다이어트10정 / 5,000원 / 1+1증정! 📌 식후 혈당 상승 CUT 📌 체지방 & 콜레스테롤 DOUBLE CUT  지금 전국 약 6천개 CU에서 건강기능식품을 가장 가깝게 만나보세요!  오직 CU에서만! ☑ 개당 5,000원에 상시 1+1 👉 개당 2,500원 ☑ 6개 구매 시 12,000원 👉 개당 2,000원  ☑ 종근당 9종 상품 간, 교차 구매 가능!  🔍 건강기능식품 판매 점포 및 재고 조회는 포켓쳐 APP에서 확인하세요⚡  #헬CUP #헬씨업 #건강기능식품 #건기식 #CU건기식 #다이어트 #혈당컷 #CU #씨유 #당신의_좋은친구_CU   - 판매원 : ㈜종근당 - 제조원 : 코스맥스엔비티"".","#헬CUP, #헬씨업, #건강기능식품, #건기식, #CU건기식, #다이어트, #혈당컷, #CU, #씨유, #당신의_좋은친구_CU",111,,1,2025-08-07 09:30:13,https://www.instagram.com/p/DNDH993KxmX/
,인스타그램,,"""#광고 이제 가까운 CU에서 건강을 챙긴다!? 바쁘고 정신 없는 우리를 위한 꿀팁 등장이요💊  CU에서만 가능한 1+1 Crazy한 혜택🔥 눈 건강, 장 건강, 뼈 건강… 내 몸 상태 보고 골라 담자!  게다가 종근당 9종 전부 교차 구매까지 된다니 이건 ㄹㅇ 효율 갑🎯  오직 CU에서만! ☑ 개당 5,000원에 상시 1+1 👉 개당 2,500원 ☑ 20일치에 2,500원 꼴!! 그냥 갓성비 💯  @@집 앞 CU에서 함께 건강 챙길 친구 태그 ㄱㄱ  #EVENT CU에서 건강 루틴 함께 시작하고 싶은 친구를 댓글로 태그하고 CU 건강기능식품 판매 소식을 알려주세요!  ✔이벤트 기간: 8/20(수) ~ 8/27(수) ✔당첨자 발표: 9/3(수) *개별 DM으로 발표 예정입니다 ✔경품: CU모바일상품권 3,000원 (20명)  #CU #씨유 #헬CUP #헬씨업 #건강기능식품 #건기식 #CU건기식 #종근당  - 판매원 : (주)종근당 - 제조원 : 코스맥스엔비티, 네추얼웨이, 메디오젠  ※ 해당 게시물 재업로드 되었습니다. ※ 이전 기존 게시물을 통해 댓글 이벤트 참여해주신 분들 모두 이벤트 참여 정상 인정되는 점 안내 드립니다."".","#광고, #EVENT, #CU, #씨유, #헬CUP, #헬씨업, #건강기능식품, #건기식, #CU건기식, #종근당",523,,14,2025-08-21 09:03:15,https://www.instagram.com/p/DNke146xQg6/
,인스타그램,,"""#광고 비자XCU 💥CU모바일상품권(5000원)받으실 분👀  하루 종일 쉼없이 바쁘게 지내다 보면 밥도 제때 못 챙겨 먹을 때가 많고 불규칙한 생활 패턴에 무너지는 건 결국 체력이잖아요😭  모든 일의 기본은 체력💪 건강을 챙겨야 오래 버틸 수 있겠죠?  그래서 비자와 CU가 여러분의 건강을 위해 #댓글이벤트 를 준비했답니다🙉❤️  댓글에 요즘 갖고 있는 ’건강 고민‘을 남겨주세요 추첨을 통해 CU에서 건강기능식품 구매할 수 있는 모바일상품권을 드립니다😋  ✔️ 기간 : 9.15","#광고, #댓글이벤트",845,,380,2025-09-12 02:21:26,https://www.instagram.com/p/DOfDhJxEq-s/
,인스타그램,,"""📌제 가족이 먹는다면.. 절대 NO❌추천해주기 힘든 영양제 세가지!  1.가르시니아 가르시니아 캄보지아에 들어있는 HCA성분이 체지방합성을 억제하고 식욕을 감소에 도움을 줄수있는 성분으로 기능성을 인증받아서 다이어트 영양제로 많이 쓰이는데요,  하지만 안전성 문제, 특히 간독성이 보고된 사례들이 꽤 있어서 약사기준에서는 추천하기가 어려운 영양제 중 하나입니다.  식약처나 해외 FDA에서 간손상 사례가 많이 보고되었는데 HCA가 간의 지질대사 및 산화 스트레스를 증가시켜서 간세포 손상을 유발할 수 있습니다.  ✔️간질환을 가지고 있거나  ✔️음주가 잦은 사람 ✔️다른 약물을 복용중인 사람은 추천하지 않고  ✔️일반 사람들의 경우도 추천하진 않지만 만약 복용한다면 2-3개월 복용 후 1개월정도 휴약기를 가지는 것이 좋습니다.  👉🏻대신 추천할만것들 ✔️알긴산과 CMC성분이 들어있어서 위의 포만감을 높여 식사량을 자연스럽게 줄여주는 보조제(o룬정)=>약국템입니다  ✔️곤약 식물의 뿌리에서 추출한 수용성 식이섬유인 글루코만난도 포만감을 증가시켜줘서 추천드립니다.  --  2.원료사가 안써있는 오메가3 “정제어유 1000mg” 캐나다산, 노르웨이산 이렇게만 써 있고,  KD Pharma, ALASKA같은 원료사명이 전혀 없는 제품  👉🏻원료 출처를 숨기는 경우,  산패도, 정제 수준, 중금속 관리가 불투명할 가능성이 높아요.  -----  3.EPA, DHA 함량이 낮은 ‘허수 1000mg’ 제품 ✔️️오메가3 1000mg이라고 써있어도 =>실제 EPA+DHA가 300mg 이하인 경우도 많아요.  ⚠️EPA+DHA 합산 900mg 이상인지 꼭 확인하세요.  ---  4.비린내 나는 오메가3 비린내 난다는건 =썪었을 가능성이 매우 큽니다. 산패된 오메가3는 썪은기름이라 오히려 염증을 키우는 역효과가 나요. 건강 챙긴다고 먹었는데 몸속 산화 스트레스만 늘리는 꼴이됩니다.  ----   5.변비 있다고 둘O락스 먹는것 변비가 있을 때 흔히 사용하는 비사코딜 성분의 변비약은 단기적으로는 도움이 될 수 있지만 약사입장에서 장기 복용은 권장하지 않습니다.   👉🏻비사코딜은 대장 점막을 직접 자극해 장 연동운동을 인위적으로 촉진시키는 약입니다. 그래서 급성변비 등 단기 사용에는 효과가 빠르지만 장기 복용시 장이 약의 자극에 의존하게 되서 습관성 변비로 악화될 수 있습니다.   👉🏻응급성 변비일 때 3-5일 이내 단기로만 사용하는 것이 좋습니다.  👉🏻차전자피도 변비에 자주 사용되는 성분인데 일반 변비에는 괜찮지만 과민성대장인 경우에는 주의가 필요합니다.    장이 예민한 경우 부피가 늘어난 대변이 오히려 복부팽만, 통증, 가스를 유발할 수 있고 충분한 수분섭취가 동반되지 않으면 오히려 변이 더 단단해지거나 장폐색 위험까지도 있습니다.   과민성대장의 경우에는 단순히 변이 딱딱해서 변비가 되는 것이 아니고 장내 세균 불균형으로 인한 장내 신경의 과민성이 원인이라 유산균 복용이 제일 우선입니다. 특히 장운동성에 도움이 되는 연구결과가 있는 유산균주로 복용하면 더 좋습니다.  💙더 궁금한 점은 디엠이나 댓글 주시구요!"".",,1319,,574,2025-11-25 11:14:55,https://www.instagram.com/p/DRei07Sj3f1/
,인스타그램,,"""직구용 커큐민 영양제 점수표💯  ✅ 원료에 따라 사지 말아야 할 커큐민도 있는데요!  직구용 커큐민 점수 매겨볼게요!  1️⃣ 쏜리서치 커큐민 파이토솜 (8/10)  메리바 원료 커큐민  임상데이터가 가장 많고  관절, 혈관 심혈관 연구가 잘 되어있습니다  2️⃣ 나우푸드 커큐브레인 (9/10)  롱비다 원료 커큐민이고  뇌쪽에 가장 잘 도달하는데요  염증, 관절에도 도움되고  치매, 기억력에 특화되어 있습니다  3️⃣ 네이처스플러스 프로 롱비다 (10/10)  앞선 커큐민과 같은 롱비다 원료 인데요  1알 함량이 500mg로 더 높습니다  4️⃣ 닥터베스트 고흡수 커큐민 (2/10)  흡수율 높이도록 바이오페린 = 흑후추 추출물이 들어갔는데  고용량 장기 섭취 시, 간독성 이슈 있어 비추천합니다  5️⃣ 스완슨 강황 흑후추 (0/10)  흑후추 추출물도 아닌 그냥 흑후추로 큰 의미가 없는 커큐민 입니다  6️⃣ 닥터머레이 테라큐민 슈퍼 (10/10)  가장 최신화된 나노화 커큐민으로 순수 커큐민 150mg로 높습니다  나노화 커큐민은 기름으로 코팅한게 아니라서  물과 열에 안정적이고요  혈관, 간기능 개선, 숙취해소 데이터 있고  생체 분포되는 정도를 보면 가장 높은 등급입니다  많은 도움 되시길 바랍니다🤗"".",,2010,,807,2026-05-10 01:16:44,https://www.instagram.com/p/DYI63yLzvXN/
,인스타그램,,,,,,,2026-05-18 12:23:43,https://www.instagram.com/p/DYesqs-hoeS/
