brand_name,platform_name,title,caption_text,hashtags,like_count,view_count,comment_count,upload_date,content_url,is_valid
올리브영,인스타그램,,"""#광고 준비한대로 나오면 얼마나 좋게요  [CJ웰케어x취준정병] 고된 취준으로 텅장된 여러분들의 건강을 위해 멀티비타민을 드리려고해용💕  - 댓글로 ”가성비+감상평“ 작성  - 추첨을 통해 10분께 멀티비타민+인기 SKU 2종 *총 3종 제공  - 이벤트 기간 : ~3/19일 (업로드 후 1주일)  - 당첨자 공지 : 3/23일  - 제품 발송 : 3/30일 제품 발송   #올리브영비타민 #올리브영건기식 #가성비"".","#광고, #올리브영비타민, #올리브영건기식, #가성비",2324,,30,2026-03-12 7:30,https://www.instagram.com/p/DVxuQUSAXnb/,TRUE
올리브영,인스타그램,,"""#광고 올해 여행을 자주 다녔더니  건강 관리의 중요성을 절실히 느끼게 되더라구요.   저는 건기식 구매할 때 올리브영 헬스+에 들어가는데 이번에 헬스 스테이지가 눈에 들어 왔어요! 💚  올리브영 헬스+에서 선정한 1개 브랜드를 대상으로 5일동안 파워풀한 혜택을 제공하는 행사인데 이번에는 세노비스에서 기획전을 한다네요!   ✨️세노비스 BEST 아이템 한정✨️ 9/23 ~ 9/27 까지(5일 동안) 진행하는 오특가 찬스!  ✔️세노비스 트리플러스 맨&우먼 오특가 49,000원 > 27,900원 (43% 할인) ✔️세노비스 콜라겐 비타민 젤리 오특가 19,000원 > 10,900원 (42%할인) ✔️세노비스 밀크씨슬+ 오특가 50,000원 > 25,900원 (48%할인) ✔️세노비스 피부촉촉 히알루론산 오특가 54,700원 > 29,500원 (46%할인)  거기다, 매일 새로운 쿠폰 증정! 🎫 오특 + 새로운 쿠폰도 매일 준다고 하니 이번이 완전 절호의 찬스! 9/24 화요일 저녁8시에 진행하는 올리브영 자체 라이브도 놓치지 마세요! 🙌  저는 이번에 거의 모든 제품들 쟁여 놓을 예정이에요  가족들이랑 친구들 선물로도 주려고요! 🎁  #올리브영헬스+ #헬스+건기식 #올리브영건기식 #올영헬스 #헬스스테이지 #세노비스 #세노비스트리플러스 #트리플러스 #트리플러스맨 #트리플러스우먼 #비타민 #멀티비타민 #종합비타민 #콜라겐 #콜라겐비타민젤리 #밀크씨슬 #밀크씨슬+ #간건강 #피부촉촉히알루론산 #히알루론산 #피부촉촉 #건강기능식품추천 #오메가3 (EPA 및 DHA 함유유지)"".","#광고, #올리브영헬스, #헬스, #올리브영건기식, #올영헬스, #헬스스테이지, #세노비스, #세노비스트리플러스, #트리플러스, #트리플러스맨, #트리플러스우먼, #비타민, #멀티비타민, #종합비타민, #콜라겐, #콜라겐비타민젤리, #밀크씨슬, #밀크씨슬, #간건강, #피부촉촉히알루론산, #히알루론산, #피부촉촉, #건강기능식품추천, #오메가3",2352,,22,2024-09-23 13:06,https://www.instagram.com/p/DAQrzfsSh1c/,TRUE
올리브영,인스타그램,,"""요즘 올영 건기식 코너에서 자꾸 눈에 띄는 락토페린 🥛  알고 보니 초유·모유에 든 귀한 단백질이더라고요. 철분이랑 짝꿍처럼 붙어 다니면서 흡수를 도와주는 성분이에요. 연구에서는 장내 유익균 균형과 체지방 관리에 도움 가능성이 보고되기도 했고요 (출처: Nutrients 2023).  20~30대 여성은 철분이 부족하기 쉬운 편이라(국민건강영양조사 제9기, 2024), 아침마다 붓고 장도 예민한 분들이라면 아침 공복에 2~3개월 꾸준히 섭취해보는 거 어때요? 💫"".",,6,,2,2026-04-24 9:45,https://www.instagram.com/p/DXgoXsfk32b/,TRUE
올리브영,인스타그램,,"""#광고 지만 꿀정보공유!  평소 건강관리에 관심이 많아서  하루에 최소 8~10가지의 건강기능식품을 챙기는 저! 아마 자기관리에 철저하신 분들이라면 공감하는 분들 많으실텐데요.  그런 분들에게 꼭 공유하고 싶은  혜자로운 정보가 있으니 바로 올리브영 헬스 스테이지!  올리브영 헬스+에서 선정한 1개 브랜드를 대상으로  5일 동안 혜자로운 혜택을 제공하는 행사인데  첫 번째로 선정된 브랜드가 제가 애정하는 세노비스거든요~   세노비스는 무려 86년의 헤리티지를 이어오고 있는  호주 건강기능식품 기업이라 저도 믿고 선택하는 브랜드인데요. 성별, 연령에 따라 기초 건강부터 특수 건강까지  챙길 수 있는 라인업을 보유하고 있어서 올리브영 갈 때마다  꼭 구경하는 브랜드인데…  올영 헬스 스테이지 첫 주차라니요!! 👍  찐애정자로써 추천드리고 싶은 List 정리해보자면  ✅ 세노비스 트리플러스 맨&우먼 오특가 49,000원 > 27,900원 (43% 할인) ✅ 세노비스 콜라겐 비타민 젤리 오특가 19,000원 > 10,900원 (42%할인) ✅ 세노비스 밀크씨슬+ 오특가 50,000원 > 25,900원 (48%할인) ✅ 세노비스 피부촉촉 히알루론산 오특가 54,700원 > 29,500원 (46%할인)  게다가 매일 새로운 쿠폰을 증정해주고  오특+ 쿠폰도 매일 준다고 하니 놓치지 말자구요!   #올리브영헬스+ #헬스+건기식 #올리브영건기식 #올영헬스 #헬스스테이지 #세노비스 #세노비스트리플러스 #트리플러스 #트리플러스맨 #트리플러스우먼 #비타민 #멀티비타민 #종합비타민 #콜라겐 #콜라겐비타민젤리 #밀크씨슬 #밀크씨슬+ #간건강 #피부촉촉히알루론산 #히알루론산 #피부촉촉 #건강기능식품추천 #오메가3(EPA 및 DHA 함유유지)"".","#광고, #올리브영헬스, #헬스, #올리브영건기식, #올영헬스, #헬스스테이지, #세노비스, #세노비스트리플러스, #트리플러스, #트리플러스맨, #트리플러스우먼, #비타민, #멀티비타민, #종합비타민, #콜라겐, #콜라겐비타민젤리, #밀크씨슬, #밀크씨슬, #간건강, #피부촉촉히알루론산, #히알루론산, #피부촉촉, #건강기능식품추천, #오메가3",920,,10,2024-09-23 10:04,https://www.instagram.com/p/DAQXIc5zZ1j/,TRUE
올리브영,인스타그램,,"""올리브영 영양제 인기순위에서 여러분의 소중한 선택이 헛되지 않도록,  영양제 직접 만드는 약사가 대신 분석했습니다 📋  매일 챙겨 먹는 영양제,  제대로 된 효과를 보고 계신가요? 많은 분이 질문 주셨던 올리브영 영양제들을  카테고리별로 꼼꼼하게 살펴보았습니다^^;  약사가 매긴 0점에서 10점까지의 점수에는  성분 함량과 원료사까지 고려한 깊은 고민이 담겨 있습니다. (제품 광고/협찬 없는 100% 개인적인 의견입니다.)  오늘 영상이 여러분의 건강한 쇼핑에 작은 이정표가 되길 바랍니다.  자세한 제품별 코멘트는 영상 자막을 통해 확인해 주세요! ✨  💝영양제 만드는 약사의 건강정보가 궁금하시다면 @little_yaksa 팔로우하고 함께 건강해요 ⋆◡̎⋆  #약사 #영양제 #올리브영 #올리브영영양제 #올리브영세일"".","#약사, #영양제, #올리브영, #올리브영영양제, #올리브영세일",9182,,200,2026-03-25 2:29,https://www.instagram.com/p/DWSmVytyJX2/,TRUE
올리브영,인스타그램,,"""#광고 영양제 어떻게 먹어야 할지 잘 모르겠어?💊  나이대 별 영양제 추천 조합 알려줄게!⭐ 저장&공유 해두고 영양제 살때 참고하자!  지금 올리브영에서 국민영양제 10종을 8,900원에 살 수 있대! 영양박사 여에스더가 만든 [국민영양제]라 믿고 먹을수 있다구~👍  @@올영 세일하던데 사볼까?  #여에스더 #여에스더영양제 #국민영양제 #올리브영세일 #올영세일 #올리브영추천템 #올리브영꿀템 #영양제추천 #가성비영양제 #올리브영영양제 #영양제"".","#광고, #여에스더, #여에스더영양제, #국민영양제, #올리브영세일, #올영세일, #올리브영추천템, #올리브영꿀템, #영양제추천, #가성비영양제, #올리브영영양제, #영양제",87,,7,2025-05-30 8:00,https://www.instagram.com/p/DKRS4TQN4CT/,TRUE
올리브영,인스타그램,,"""💥💥나만아는 올리브영 꿀템푼다💥💥 남들 다 아는거 말고 진~짜 숨은 꿀템들 알려줌 제품력 갑에 실제 효능있는 애들로만 선별했음!! 올영갔을 때 안사면 후회할껄 ㅋㅋ @@야 너 이 제품 알고 있었어??  #올리브영 #올리브영꿀템 #올영세일 #올리브영추천템 #올리브영세일 #여드름케어 #여드름피부 #올영세일추천 #여드름기초템 #여드름팩 #여드름없애는법 #여드름관리 #성인여드름 #올리브영바디로션 #바디로션추천 #올리브영토이카메라 #올리브영손톱영양 #손톱영양제 #손톱영양제추천 #머드마스크추천 #올리브영머드팩 #올리브영머드마스크 #올리브영영양제 #올리브영프로폴리스"".","#올리브영, #올리브영꿀템, #올영세일, #올리브영추천템, #올리브영세일, #여드름케어, #여드름피부, #올영세일추천, #여드름기초템, #여드름팩, #여드름없애는법, #여드름관리, #성인여드름, #올리브영바디로션, #바디로션추천, #올리브영토이카메라, #올리브영손톱영양, #손톱영양제, #손톱영양제추천, #머드마스크추천, #올리브영머드팩, #올리브영머드마스크, #올리브영영양제, #올리브영프로폴리스",1149,,32,2022-05-20 11:00,https://www.instagram.com/p/CdxwPtoML3R/,TRUE
올리브영,인스타그램,,"""영양제 꿀팁 모음  #올리브영비타민 #올리브영오메가 #올리브영영양제 #건강관리 #꿀팁"".","#올리브영비타민, #올리브영오메가, #올리브영영양제, #건강관리, #꿀팁",61,,0,2026-02-27 8:53,https://www.instagram.com/p/DVQV6WSAqs-/,TRUE
올리브영,인스타그램,,"""#광고  다들 영양제 쟁이세요~~~ 영양제 10종이 올리브영에서 8,900원~!  영양 대통령 여에스더 박사님이 국민 건강을 위해 만든, 단돈 1만원도 안되는 가격인 [국민영양제]  올리브영에서 영양제 1통이 무려 8,900원이라 가성비가 미쳤으니까 할인 끝나기 전에 얼른 달려가자!  영양제 입문자를 위한 성분 총 정리!!  @@ 너 이거 먹어야겠다  #여에스더 #여에스더영양제 #국민영양제 #올리브영세일 #올영세일 #올리브영추천템 #올리브영꿀템 #영양제추천 #가성비영양제 #올리브영영양제 #영양제"".","#광고, #여에스더, #여에스더영양제, #국민영양제, #올리브영세일, #올영세일, #올리브영추천템, #올리브영꿀템, #영양제추천, #가성비영양제, #올리브영영양제, #영양제",15,,1,2025-06-04 10:01,https://www.instagram.com/p/DKeYon_Mqzt/,TRUE
올리브영,인스타그램,,"""#제품제공 커피 한잔 가격으로 건강관리 시작해볼 수 있는 CJ웰케어 데일리 건강루틴✨ 6,900원에 한 달 구성이라 부담 없이 하나씩 챙기기 괜찮더라고요.  CJ웰케어의 3중 품질 기준을 거친 제품들, 단일 성분 중심이라 필요한 성분만 부담없이 챙기기 좋아요!  오메가3, 유산균, 비타민D처럼 저에게 필요한 성분만 고를 수 있어서 요즘 제 건강 루틴 이렇게 시작해보고 있어요:)  #올리브영 #올리브영영양제 #CJ웰케어 #건강루틴 #멀티비타민 #유산균 #오메가3 #비타민D #건강관리"".","#제품제공, #올리브영, #올리브영영양제, #CJ웰케어, #건강루틴, #멀티비타민, #유산균, #오메가3, #비타민D, #건강관리",12,,0,2026-04-20 15:46,https://www.instagram.com/p/DXW-hToEx-g/,TRUE
올리브영,인스타그램,,"""#광고  올해 목표는 갓생☀️ 일도 취미도 열심히 하고 싶지만 체력적인 한계에 부딪힐 때가 있죠!  그럴 때 치트키로 사용하는 포션(?)이 있는데요 종근당건강의 #아임비타이뮨샷 이에요🍋 가방 속에 하나씩 챙겨다니다가 에너지가 필요할 때 먹으면 한병으로 에너지가 빵빵하게 채워져요 에너지 충전을 도와주는 비타민B가 고함량으로 들어있는 캡슐과 아연, 요오드, 망간 성분이 들어있는 액상 타입이 한병으로 나와서 정말 간편하게 섭취할 수 있어요!  올리브영에서도 #이뮨샷 12개입 피키지를 만나볼 수 있는데요 가족들이나 친구들에게 가볍게 선물하기에도 너무 좋은 제품이에요! 요 노란통 비타민 꼭 기억해두세요🐥  #아임비타#노란통비타민 #올영런칭 #올리브영추천 #올리브영비타민 #올리브영영양제 #비타민추천 #영양제추천 #갓생템 #종근당건강"".","#광고, #아임비타이뮨샷, #이뮨샷, #아임비타, #노란통비타민, #올영런칭, #올리브영추천, #올리브영비타민, #올리브영영양제, #비타민추천, #영양제추천, #갓생템, #종근당건강",159,,2,2023-01-13 7:50,https://www.instagram.com/p/CnWPt1mPo_5/,TRUE
올리브영,인스타그램,,"""100% #전원 마스카라증정 리뷰이벤트👩🏼‍❤️‍👨🏾  올영 후기 쓰신분들을 보며 좋은후기도 많고 아쉬운점 말씀해주신 것들도 있어서 당장 개선해서 바를 수 있는 방법들을 답변으로 달아봤어요! 추가적으로 지금부터 후기 써주신 모든 분들께  🫶🏻100%🫶🏻 클리어블랙 픽서를 드립니다. (물론 배송비까지도 무료!!)  후기를 써주시고 프로필링크 구글폼에 주소를 남겨주시면 2월 중 안전하게 배송이 시작됩니다 💜  궁금하신점 있다면 언제든 말해주세요… 가끔 속상한 후기가 있지만, 더 열심히 고민해서 제품 만들어 보겠습니다!👍🏻 모든 후기는 저에게 큰 힘이 됩니다!!!!!  #블랙영양제 #올리브영영양제"".","#전원, #블랙영양제, #올리브영영양제",723,,47,2025-02-09 15:50,https://www.instagram.com/p/DF2lnRGzJ-i/,TRUE
올리브영,인스타그램,,"""#협찬 #올리브영영양제 #올리브영영양제추천  요즘 꼭 필요한 영양제, 이제는 올리브영 국민영양제로 시작해요! 👏 서울대 의학박사 여에스더 박사님이 직접 배합하고 제조사 네고까지 해서 만든 프리미엄 영양제가 한 박스 8,900원이라니…✨  저는 2030 여성들에게 진짜 추천하고 싶은 ✔ 멀티비타민(비타민B 고함량) ✔ 어린콜라겐 레티놀A(국내 3.4% 기능성 콜라겐) ✔ 유산균 화이트(건강한 한국 여성 질 유래 유산균) 이 세 가지를 선택했어요.  영양제는 꼭 먹어야 하는데, 가격 때문에 망설였던 분들! 이번엔 무조건 국민영양제로 가야 해요. 믿을 수 있는 에스더포뮬러 + 올리브영 = 조합 끝났죠   구매처 [올리브영] https://www.oliveyoung.co.kr/store/display/getBrandShopDetail.do?onlBrndCd=A003257&t_brand_name=에스더포뮬러  #올리브영영양제선물 #국민영양제 #국민영양프로젝트 #여에스더 #에스더포뮬러"".","#협찬, #올리브영영양제, #올리브영영양제추천, #올리브영영양제선물, #국민영양제, #국민영양프로젝트, #여에스더, #에스더포뮬러",207,,3,2025-06-01 14:30,https://www.instagram.com/p/DKXJE1tvCBz/,TRUE
올리브영,인스타그램,,"""*광고 오늘도 #비타민 호로록~! 챙겨 마시고 활력있고 에너지 넘치는 하루 스타뚜~!!💪🔥 액상형으로 물 없이도 언제든지 맛있게 섭취 가능한 #비타바움 #고함량비타민 이에요.  국내 최초 Vegan(비건) 인증 건강기능식품에  부형제 등 12가지 무첨가! 핵심적인 기능성 원료에만 집중한 DSM사 Quali 인증 받은 원료를 사용한 독일 프리미엄 직수입 프리미엄 제품이라 안심하고 뇸뇸합니다~  주스같은 새콤 달콤한 맛이 나는 맛있는 비타민이라 마시관면 기분도 좋아져용 힛 에너지 대사 및 체내 에너지 생성에 필요한 비타민B군 8종 모두 함유라 에너지도 뿜뿜~! 오늘도 해피데이~!😆🙌  #올리브영비타민 #올리브영추천템  #올리브영영양제 #올리브영세일 #올리브영선물 #마시는비타민 #독일비타민 #설날선물 #비건 #독일비건비타민 #건강이최고  #에너지뿜뿜 #올리브영 #올영세일 #올리브영과함께"".","#비타민, #비타바움, #고함량비타민, #올리브영비타민, #올리브영추천템, #올리브영영양제, #올리브영세일, #올리브영선물, #마시는비타민, #독일비타민, #설날선물, #비건, #독일비건비타민, #건강이최고, #에너지뿜뿜, #올리브영, #올영세일, #올리브영과함께",1049,,16,2023-03-02 2:43,https://www.instagram.com/p/CpRSnC4Ppcl/,TRUE
올리브영,인스타그램,,"""#광고 @neworigin_official  먹는 레티놀 + 콜라겐, 하루 한 포로 완성!💙  30대가 되면서 피부 탄력과 미백이 고민이던 찰나, 무첨가 원칙의 유한 이너플로라 레티놀콜라겐ABC를 만나봤어요.  평소 바르는 레티놀만으론 부족하다고 느꼈던  저에게 딱 맞는 먹는레티놀·먹는콜라겐 제품!  유한 천연물 연구소에서 개발된 제품으로 비타민 A·B·C,  콜라겐, 모링가잎 추출물까지 하루 한 포로 섭취 가능! 상큼한 레몬&애사비맛이라 물 없이도  부담 없이 즐길 수 있었어요🍋  병풀추출물·세라마이드·엘라스틴·히알루론산 등 피부탄력·미백을 돕는 부원료까지 꽉 들어있어 슬로우에이징 케어에 딱이에요🙌  꾸준히 섭취하니 피부가 한층 탄력 있고 촉촉해진 느낌🫧 종합비타민+콜라겐을 한 번에 챙길 수 있어 합리적이에요!  올리브영 온라인몰에서 새로 출시된 신제품, 이너플로라 레티놀콜라겐ABC로 피부 영양 관리 시작해보세요!  유한건강생활로부터 지원을 받고 솔직하게 작성한 포스팅입니다.  #먹는콜라겐 #먹는레티놀 #올리브영영양제 #피부영양제 #올리브영레티놀 #레티놀효능 #항산화영양제 #모링가 #애사비 #피쉬콜라겐 #이너플로라 #이너플로라레티놀콜라겐ABC #피부탄력 #피부미백 #안티에이징 #슬로우에이징 #유한천연물연구소 #무첨가원칙"".","#광고, #먹는콜라겐, #먹는레티놀, #올리브영영양제, #피부영양제, #올리브영레티놀, #레티놀효능, #항산화영양제, #모링가, #애사비, #피쉬콜라겐, #이너플로라, #이너플로라레티놀콜라겐ABC, #피부탄력, #피부미백, #안티에이징, #슬로우에이징, #유한천연물연구소, #무첨가원칙",779,,24,2025-10-20 5:03,https://www.instagram.com/p/DQBMHGDiVXp/,TRUE
올리브영,인스타그램,,"""#협찬 #국민영양제   요즘 따라 피곤하고 집중력도 뚝 떨어져서 “아, 나도 영양제 하나 챙겨야 하나…” 싶었믄데 서울대 의학박사 여에스더 박사님이 직접 만든 프리미엄 퀄리티 영양제를 8,900원에 살 수 있다는 사실에 저도 한번 먹어봤어요!  원래 이런건 3~4만원은 기본 아닌가요…? 그런데 1만원도 안하는 가격에 이 퀄리티라니 안먹을 수가 없더라구요🥹❤️ 제조사랑 직접 네고까지 해서 부담 없는 가격으로 만들었다고 하더라고요. 진짜 국민건강 생각한 진정한 영양대통령👏  요즘에 영양제 문제도 이슈인데 여에스더 박사님이라 믿음이 가고, 또 올리브영에서 직접 판매하니까 더 안심되니 제 건강 한번 챙겨 볼게요🤍 . . . . . . . #올리브영영양제 #올리브영영양제추천 #올리브영영양제선물 #국민영양제 #국민영양프로젝트 #여에스더 #에스더포뮬러 #맞팔 #먹팔 #food #foodlover #instafood #instalike #followforfollow #f"".","#협찬, #국민영양제, #올리브영영양제, #올리브영영양제추천, #올리브영영양제선물, #국민영양제, #국민영양프로젝트, #여에스더, #에스더포뮬러, #맞팔, #먹팔, #food, #foodlover, #instafood, #instalike, #followforfollow, #f",2,,0,2025-06-02 14:04,https://www.instagram.com/p/DKZq3zWyqQz/,TRUE
올리브영,인스타그램,,"""#광고 물없이 마시는 독일 프리미엄 비타민 비타바움 비타민B12 플러스 브이 컴플렉스8  요즘 피로가 쌓이면 잘 안풀려서 그런지 체력도 없고 하루종일 피곤한 상태인 저인데요🥱 제 주변에도 늘 피곤하다고 하시는 분들 많은데 저처럼 육아맘들 공감하시나요? 그런데 저 요즘 비타바움 마시고 활력을 얻었어요🥰  한 병 마시는 고함량 에너지 비타민 비타바움은 비타민B군 8종 모두 함유되어있는데 비타민B12는 무려 36,667% 함유 되어있답니다!!🤩 12가지 무첨가로 특히 4가지 부형제 무첨가되어  몸에 안좋은 성분 걱정도 없어요! 게다가 칼로리 zero! 당류 zero🩵  새콤 달콤 맛있는 맛이고 목넘김이 쉽고 체내 흡수가 빠른 액상형이라 기존 알약 제형과 다르게 먹기도 편해 좋더라구요!  DSM사 Quili 인증 받은 원료를 사용한 독일 프리미엄 직수입 제품인 비타바움 비타민B12으로 개운하고 에너지 넘치는 생활 해보세요✨   #올리브영비타민 #올리브영추천템 #올리브영영양제 #올리브영선물 #비타민챌린지 #비타바움 #마시는비타민 #독일비타민 #어버이날선물 #비타바움챌린지"".","#광고, #올리브영비타민, #올리브영추천템, #올리브영영양제, #올리브영선물, #비타민챌린지, #비타바움, #마시는비타민, #독일비타민, #어버이날선물, #비타바움챌린지",122,,29,2023-05-05 11:00,https://www.instagram.com/p/Cr2-J6Cp4Bd/,TRUE
올리브영,인스타그램,,"""원을 따라 손가락을 움직여보세요👆  파워퍼프걸과 함께한 다양한 제품들, 지금 바로 올리브영 온라인에서 만나보세요🤗  1️⃣여에스더 글루타치온 필름 2️⃣올인원 이뮨 비타민 샷 3️⃣리포좀 비타민C 4️⃣멀티비타민 & 미네랄 5️⃣초임계 알티지 오메가3 6️⃣밀크씨슬"".",,9,,2,2025-10-16 10:10,https://www.instagram.com/p/DP3bqH0DwnK/,TRUE
올리브영,인스타그램,,"""#제품제공 따뜻하고 향기로운 티세트🍵  벌써 가정의 달 5월이 되었어요. 올해는 유독 더 빨리 가는 것 같은 느낌이에요🥲  여기까지 달려오느라 고생한 가족, 지인들과 한 숨 돌리며 향긋한 차 한 잔 할 수 있는 시간이 필요한 시간인 것 같아요🫧🌼  #오설록티세트 에는 향을 즐기며 휴식을 취하기 좋은 6가지 종류의 차가 있었어요. 달콤한 과일향이 나는 티를 마시며 친구와 오랜만에 얘기도 하고, 서로 격려도 해주는 시간이 좋더라구요.  일 때문에 바빠서 수면 시간이 충분하지 않은 친구인데 차를 마시니 몸이 따뜻해지고 기분이 편해진다고 해서 뿌듯했어요. 깊은 수면을 도와주는 굿슬립가바에 대한 이야기도 나왔는데, 수면영양제에 대해 처음 들어봤다며 푹 잘 수 있게 도와주는 점이 좋은 것 같다고 하더라구요.  #굿슬립가바365 #꿀잠캠프트래블러   벌써 50일 동안 트래블러로서 활동했네요. 수면에 대해 너무 중요하게 생각하고 있었는데, 얼마 전 깊은 잠을 자는 시간이 줄어들면 치매에 걸릴 위험이  높아진다는 얘기를 들어서 더 중요하게 생각하게 됐어요~  매일 캘린더에 스티커를 붙이는 것도 재밌어서 포도송이를 채워가며 느꼈던 뿌듯함을 느끼며 꾸준히  수면영양제 굿슬립가바 섭취해왔구요,  깊은 잠을 자는 시간이 조금씩 늘어가면서 일어나서 더 개운해지고 오후에도 덜 피곤한 현상이 있더라구요 :) 잘 자는 게 너무 중요하다는 걸 매일 느끼고있어요!  #꿀잠캠프 #꿀잠트래블러 #수면영양제 #수면건강기능식품 #수면장애 #굿슬립가바 #직장인영양제 #가바영양제 #영양제추천 #올리브영영양제 #코스트코영양제 #꿀잠템 #숙면템 #꿀잠티타임  @vitalbeautie_official"".","#제품제공, #오설록티세트, #굿슬립가바365, #꿀잠캠프트래블러, #꿀잠캠프, #꿀잠트래블러, #수면영양제, #수면건강기능식품, #수면장애, #굿슬립가바, #직장인영양제, #가바영양제, #영양제추천, #올리브영영양제, #코스트코영양제, #꿀잠템, #숙면템, #꿀잠티타임",48,,5,2024-05-11 3:29,https://www.instagram.com/p/C60CVtrLdDh/,TRUE
올리브영,인스타그램,,"""#광고 X @oliveyoung_official  물 없이 마시는 종합비타민 앰플 #비타바움  🌿국내최초로 비건 인증을 받은 멀티비타민이에요. #독일비건비타민  12가지 무첨가, 특히 부형제 무첨가 된게 맘에 쏙 들더라구요.  비타민 10종+미네랄 5종이 함유된 프리미엄 종합 멀티비타민 #고함량비타민  알약보다 체내 흡수가 빠른 액상타입에 새콤달콤한 주스맛이라 자꾸 손이 가네요ㅎㅎ🧃  #마시는비타민  면역기능/눈•피부 건강/항산화/뼈 건강등 온 가족 종합 비타민으로 강강추합니다👍     #올리브영 #올리브영비타민 #올리브영추천템 #올리브영영양제 #올리브영세일 #올리브영선물 #비타민 #독일비타민 #설날선물 #비건"".","#광고, #비타바움, #독일비건비타민, #고함량비타민, #마시는비타민, #올리브영, #올리브영비타민, #올리브영추천템, #올리브영영양제, #올리브영세일, #올리브영선물, #비타민, #독일비타민, #설날선물, #비건",504,,6,2023-01-14 11:41,https://www.instagram.com/p/CnZO-PjPEHp/,TRUE
올리브영,인스타그램,,"""#광고 국내최초 비건 인증 건강기능식품 #비타바움  비타민B 12플러스 브이 컴플렉스8💛 새해부터 비타민 충전 든든하게 했어요ㅎㅎ 특히 요 비타민은 Quali 인증 받은 원료를 사용한 독일 직수입 프리미엄 직수입 제품이에요! 넘 귀엽게 생겼는데 먹는법도 간편하고 하나씩 챙겨다니기도 좋아요ㅎㅎ 새콤달콤한 맛으로 거부감이 없고 체내 흡수가 빠른 액상형 비타민이라 빠르게 비타민 충전 가능🤍💛   비타민은 에너지 대사와 체내 에너지 생성에 꼭 필요한 영양소라서 지치고 바쁜 현대인들에게 필수인 영양제인데, 비타바움 비타민12플러스 브이 컴플렉스8에는 비타민B군 8종 모두 들어있고 비타민B12는 36.667% 나 들어있다고 해욤👀 프리미엄 원료를 사용하고, 합성향료, 착색료 등 기타 12가지 무첨가, 특히 부형제가 첨가되지 않은 리얼 비타민💛   투명한 액상 형태인데 시계 방향으로 돌리면 비타민 분말이 떨어지는데 요때 흔들어서 잘 섞어서 드시면 됩니당! 새콤달콤해서 식욕 살아남...♡ ㅋㅋㅋㅋㅋㅋㅋㅋㅋ 올리브영가니까 행사중이던데 #올리브영비타민 찾는 분들께도 추천드려요!   #올리브영추천템 #올리브영영양제 #올리브영세일 #올리브영선물 #비타민 #고함량비타민 #마시는비타민 #독일비타민 #설날선물 #비건 #독일비건비타민"".","#광고, #비타바움, #올리브영비타민, #올리브영추천템, #올리브영영양제, #올리브영세일, #올리브영선물, #비타민, #고함량비타민, #마시는비타민, #독일비타민, #설날선물, #비건, #독일비건비타민",411,,3,2023-01-13 9:59,https://www.instagram.com/p/CnWebgTLglb/,TRUE
올리브영,인스타그램,,"""#광고 @neworigin_official   💛 먹는 레티놀 + 콜라겐, 하루 한 포로 완성!  최근 피부 탄력과 미백 관리가 고민이 되던 찰나,  올리브영에서 새로 출시한  이너플로라 레티놀콜라겐ABC를 만나보았어요😀  평소 바르는 레티놀만으로는 부족하다고 느꼈던 저에게  딱 맞는 제품이었답니다😍  이 제품은 유한 천연물 연구소의 전문가들이 개발한  신뢰 있는 여성 토탈 이너케어 브랜드  이너플로라의 신제품이에요!!!  무첨가 원칙을 고수하면서, 하루 한 포만으로  비타민 A, B, C, 콜라겐, 모링가잎 추출물까지  섭취 가능하다는 점이 마음에 쏙 들었어요🙌  🍋 상큼한 레몬&애사비 맛 덕분에 물 없이도 입 안에서 빠르게 녹아 부담 없이 섭취 가능하고,  병풀 추출물, 세라마이드, 히알루론산, 엘라스틴,  화이트토마토 등 다양한 부원료가 피부 건강을 돕습니다😁  저는 섭취 후 피부가 전보다 한층 탄력 있고  촉촉해진 느낌이 들었어요❣️  특히, 슬로우에이징과 안티에이징에 관심 있는 분들께  강력 추천!   종합비타민과 콜라겐을 따로 챙길 필요 없이,  하루 한 포로 피부영양제를 간편하게 해결할 수 있어  정말 합리적이에요!  저처럼 피부 미백과 탄력 관리, 체내 영양까지  한번에 챙기고 싶은 분들은 올리브영에서 새로 만나보세요💚  #먹는콜라겐 #먹는레티놀 #올리브영영양제 #피부영양제 #올리브영레티놀 #레티놀효능 #항산화영양제 #모링가  #애사비 #피쉬콜라겐 #이너플로라 #이너플로라레티놀콜라겐ABC"".","#광고, #먹는콜라겐, #먹는레티놀, #올리브영영양제, #피부영양제, #올리브영레티놀, #레티놀효능, #항산화영양제, #모링가, #애사비, #피쉬콜라겐, #이너플로라, #이너플로라레티놀콜라겐ABC",865,,6,2025-10-09 20:29,https://www.instagram.com/p/DPmhSNxE7kM/,TRUE
올리브영,인스타그램,,"""#제품제공 힐링타임을 선물 받았습니다  @vitalbeautie_official   지난 주말, 성수 닷노트에 다녀왔답니다 :) 꿀잠캠프 트래블러가 누릴 수 있는 힐링타임🫧 🤍나만의 향수 만들기🤍 만들어내길 좋아하는 창작자의 열정이 타올랐습니다 은근히❤️‍🔥🧯  성수향수공방 닷노트(.NOTE) @dotnote.perfume   너무 예쁜 공간이었구요, 향수 만드는 과정도 이렇게 알게 돼서 좋았고 무엇보다 숙면에 좋은 향 (라벤더, 버가못, 일랑일랑 등)도 마음대로 조합하여 향수를 만들 수 있어서 꿀잠캠프가 지향하는 바도 충족시킬 수 있는 체험이었어요.  🤓다음번 꿀잠캠프 트래블러가 되어서 조향 체험 해보세요 :)  #향수공방 저는 숙면에 도움을 주는 향으로 추천해주신 원료 중에 버가못(시트러스)과 일랑일랑(플로럴)을 사용했답니다.  - 버가못 혹은 베르가못이라는 향은 많은 향수에 들어있는 원료인 것 같은데, 다양한 향을 조화롭게 만드는 조화제라고 해요! 향에 상큼함을 더하기 위해 사용했고요,  - 일랑일랑은 제가 좋아하는 #ck one 향수에 사용한 향으로 향수공방 가기 전부터 염두해두었던 원료였어요😉  #향과숙면  🌙 꿀잠키트에도 피톤치드 스프레이와 롤온 향수가  포함되어 있을 정도로 정서적 안정을 주는 향이 있는 것 같아요. 나에게 잘 맞는 향을 잠들기 전 뿌려서 편안한 호흡으로 향을 맡고 있으면 어느새 잠들어있곤 하는데요,  제가 만든 향수(향수명 Fall In Forest)는 청량하면서 포근한 향으로 우디, 프루티, 플로럴, 시트러스의 조합이라 맡고 있으면 기분이 편안해지는 것 같아요 🛌🫧  주말에도 일하면서 잠을 잘 못자고 있는 고등학교 동창이 있는데, 굿슬립가바와 이 향을 선물하고 싶네요.  굿슬립가바 365 + 폴인포레스트 향의 조합으로 꿀잠 청해봅니다🤍  - 𝙁𝙖𝙡𝙡 𝙄𝙣 𝙁𝙤𝙧𝙚𝙨𝙩 .NOTE  탑노트 : 버가못, 페어 (𝘾𝙞𝙩𝙧𝙪𝙨, 𝙁𝙧𝙪𝙞𝙩𝙮) 미들노트 : 일랑일랑, 바이올렛 리브즈 (𝙁𝙡𝙤𝙧𝙖𝙡) 베이스노트 : 파츌리, 블랙머스크 (𝙒𝙤𝙤𝙙𝙮, 𝘼𝙣𝙞𝙢𝙖𝙡𝙞𝙘)  제조일 2024. 04. 27. sat 오 드 퍼퓸 50ml, 롤온 5ml -  #굿슬립가바365 #꿀잠캠프 #꿀잠트래블러 #수면영양제 #수면건강기능식품 #수면장애 #굿슬립가바#직장인영양제 #가바영양제 #영양제추천 #올리브영영양제 #코스트코영양제 #꿀잠템 #숙면템 #향수공방체험 #향수공방원데이클래스"".","#제품제공, #향수공방, #ck, #향과숙면, #굿슬립가바365, #꿀잠캠프, #꿀잠트래블러, #수면영양제, #수면건강기능식품, #수면장애, #굿슬립가바, #직장인영양제, #가바영양제, #영양제추천, #올리브영영양제, #코스트코영양제, #꿀잠템, #숙면템, #향수공방체험, #향수공방원데이클래스",47,,13,2024-04-29 6:44,https://www.instagram.com/p/C6U5qNkSog6/,TRUE
올리브영,인스타그램,,"""#협찬 #제품제공 @estherformula_official  영양대통령 여에스더 박사가 국민 건강을 위해 1만원 이하로 직접 배합에 참여해 프리미엄 [국민영양제]를 만들었어요 서울대학교 의학박사 여에스더가 직접 배합해서 제품 퀄리티는 말할 것도 없고, 누구나 부담없이 먹을 수 있도록 가격을 낮추기 위해 제조사 네고까지 직접 했다고 하니 대단하시네요 특히 올리브영에서 쉽게 만날수 있어 약국이나 다른곳에서 괜히 추천받고 설명듣고 사야하는 번거로움없이 편하게 사올수 있어 너무 좋더라구여 현대인이 필수로 먹어야하는 유산균, 멀티비타마,콜라게 레티놀을 3~4만원은 줘야 먹을 수 있었는데 프리미엄 영양제를 8,900원에 먹을 수 있으니 올리브영에서 국민영양제를 안 살 이유가 없지요 꾸준히 먹어야하기에 비용이 부담되면 좀 망설여지는데 비용은 줄이고 기능은 떨어짐이 없으니 온가족영양제로 함께 시작했어요 최근 쿠팡의 가짜 영양제 사건으로 불안했는데, 여에스더는 믿을 수 있고, 올리브영이 보장해주는 것 같아 더 믿음이 가네요  하루1정 물과 함께 먹는 유산균과 13종의 비타마과 미네랄을 한번에 캡슐로 챙겨먹을수 있으니 신랑은 간편해 특히 좋아하고 하루3정 물과 함께 먹는 콜라겐과 레티놀로 탄력과 회복까지 챙겨먹으면 건강에 도움을 받을수 있어 괜히 뿌듯해지네요^^ 목넘김 좋고 속더부룩하거나 거부반응 없이 편안해요  #올리브영영양제 #올리브영영양제추천 #올리브영영양제선물 #국민영양제 #국민영양프로젝트 #여에스더 #에스더포뮬러"".","#협찬, #제품제공, #올리브영영양제, #올리브영영양제추천, #올리브영영양제선물, #국민영양제, #국민영양프로젝트, #여에스더, #에스더포뮬러",4,,0,2025-06-02 14:59,https://www.instagram.com/p/DKZxJetTECt/,TRUE
올리브영,인스타그램,,"""올리브영 신작 올더베러 매일 눈건강 케어 루테인 구미~😽😽😽😽😽😋😋😋 ⠀ 최근에 올영에서 런칭한 웰니스 푸드 자체브랜드 올더베러~🤣🤣🤣🤣🤣😋😋😋 ⠀ 요즘 시력이 좀 좋지않아 눈건강 챙길려고 이 젤리를 겟한거😹😹😹😹😹😋😋😋😋 ⠀ 섭취방법은 하루에 두알이자 아침에 한번 저녁에 한번 그렇게 해야디😋😋😋😋😋 ⠀ #올더베러 #올리브영 #영양제 #눈건강 #건강관리"".","#올더베러, #올리브영, #영양제, #눈건강, #건강관리",66,,16,2026-04-14 15:34,https://www.instagram.com/p/DXHgaikjwnr/,TRUE
올리브영,인스타그램,,"""#제품제공 꿀잠캠프 서프라이즈 선물 소개!! 💜[한율의 달빛유자 수면팩] 💜 미백주름 개선 기능성 제품으로 열자마자 유자 향 뿜뿜에 유자유래 비타민P로 브라이트닝 효과로 피부 피로 회복에 도움 된다!! 통유자 6개가 껍질, 과육, 씨까지 남김없이 꽉꽉 들어가있는데 냄새 진짜 미쳐ㅜㅜ 💜[꿀잠캠프 2주간의 느낀점!]💜 60일간의 꿀잠캠프 활동 중 벌써 3주차짼데 내가 가지고 있는 기록인 2022년 이맘때 쯤과 최대한 비슷한 날과 1주2주차의 수면 일자들을 비교해봤다 평균 수면시간도 많이 늘기도 했고 확실히 잠드는 취침시간 (입면)시간도 훨씬 빨라짐 22년도 때는 10시부터 자려고 누워있어도 잠이 안와서 1시 2시에 잠드는 일이 대부분이였지만 이제는 머리 대고 누우면 아무리 뒤척이더라도 30분 안으로는 잠에 들고 있다 수면중에 깨는 현상이 제일 심했는데 정말 많은 차이가 보이고 입면시간에 효과를 본 것만으로도 너무 좋았는데 확실히 잠에서 깨는 횟수가 줄거나 없어진 차이도 확실하게 보여서 수면의 질 대폭 상승 중이다 자야겠다라고 생각했을 때 바로 잠들수 있고 그로인해 수면시간이 많이 길어지고 피곤함을 덜 느끼는게 점점 몸으로 느껴지고 있어서 너무 좋다 이번주 싱잉볼 수업도 아무래도 수면에 도움되는 수업이기도 하고 이전 1기 선배님들의 후기를 찾아보니 만족도가 엄청났어서 너무 기대 된다 💜[도움된 재워드림키트]💜 굿슬립가바365의 도움도 있겠지만 아무래도 저는 재워드림 키트 창단식 때 받은 선물인 꿀잠키트 중에 저는 온열 안대가 잠드는데 제일 많은 도움이 된거 같아요 그리고 제가 유지하면 잠이 잘 오는 상태를 이 온열 안대 덕에 알았어요 빛차단과 따뜻함이 제 수면 환경에 많은 영향을 주더라구요 #굿슬립가바365 #꿀잠캠프 #꿀잠트래블러 #수면영양제 #수면건강기능식품 #수면장애 #굿슬립가바 #직장인영양제 #가바영양제 #영양제추천 #올리브영영양제 #코스트코영양제 #꿀잠템 #숙면템 #제품제공 #좋아요 #일상 #일상소통 #dally #like #today #sleep ​"".","#제품제공, #굿슬립가바365, #꿀잠캠프, #꿀잠트래블러, #수면영양제, #수면건강기능식품, #수면장애, #굿슬립가바, #직장인영양제, #가바영양제, #영양제추천, #올리브영영양제, #코스트코영양제, #꿀잠템, #숙면템, #제품제공, #좋아요, #일상, #일상소통, #dally, #like, #today, #sleep",11,,4,2024-04-02 9:04,https://www.instagram.com/p/C5P3rzFJA6D/,TRUE
올리브영,인스타그램,,"""#제품제공 굿슬립가바로 바뀐 수면상태 :)   #꿀잠캠프 2기로 수면의 질을 개선하고 생활하는 힘을 더 길러보자고 다짐하며 트래블러 시작한지 2주째입니다.  우선, 굿슬립가바 365는 수면영양제이며  짧은 시간을 자도 푹 잘 수 있도록 도와주는 제품이에요 :) 잠들기 전 두 알만으로 만족스러운 꿀잠을 잘 수 있다면 너무 좋을 것 같지 않나요. 🛌🫧  먹지 않았을 때는 자주 깨고 깊이 잠드는 시간이 1시간도 안 되었는데, 굿슬립가바 섭취시 1시간 이상 깊은 잠을 자게되어 다음날 좀 더 개운한 하루를 보내게 돼요!  🕯️꿀잠을 도와주는 소품 중 저는 “향초”를 가장 좋아하는데요, 30분 정도만 켜두면 방 안 가득 은은하고 달콤한 향이 퍼져서 짐들기 좋은 포근한 환경이 되더라구요~  💛 그리고 꿀잠시 수면팩도 피부 관리에 도움이 많이 되었어요. 🌼 좋은 피부도 다이어트도 행복한 하루도 숙면이 제일 중요해요 :)  𝑮𝒐𝒐𝒅 𝒔𝒍𝒆𝒆𝒑 𝑮𝑨𝑩𝑨 365  #굿슬립가바365 #꿀잠캠프 #꿀잠트래블러 #수면영양제 #수면건강기능식품 #수면장애 #굿슬립가바#직장인영양제 #가바영양제 #영양제추천 #올리브영영양제 #코스트코영양제 #꿀잠템 #숙면템  @vitalbeautie_official"".","#제품제공, #꿀잠캠프, #굿슬립가바365, #꿀잠캠프, #꿀잠트래블러, #수면영양제, #수면건강기능식품, #수면장애, #굿슬립가바, #직장인영양제, #가바영양제, #영양제추천, #올리브영영양제, #코스트코영양제, #꿀잠템, #숙면템",43,,4,2024-04-01 9:59,https://www.instagram.com/p/C5NvFh9LWv_/,TRUE
올리브영,인스타그램,,"""#광고  @oliveyoung_official 12가지 무첨가 중 부형제 무첨가 (스테아린산 마그네슘, 이산화규소, 카르복시메틸셀룰로오스, HPMC)  한국비건인증원에서 국내 최초로 인증한 비건 건기능 브랜드이며, 동물 실험을 실시하지 않고 동물 유래 원료를 전혀 사용하지 않은 프리미엄 제품이라 더욱 믿고 먹을 수 있어 좋아요!  주스 같은 새콤달콤하고 맛있는 건강기능식품이며 부원료로 천연 블랙엘더베라를 사용하여 너무 맛있어용❣️ 목넘김이 쉽고 채내 흡수가 빠른 액상형이라 정말 맘에 들더라구요~ 기존 알약 제형보다 먹기가 편해용!!   DMS사 Quali 인증 받은 원료를 사용한 독일 프리미엄 직수입 제품이기에 여러분들도 꼭 드셔보시고 건강을 미리미리 챙겨보시라고 추천드리고 싶어용🥰👍  .  .  #올리브영비타민#올리브영추천템#올리브영영양제#올리브영세일#올리브영선물#비타민#비타비움#고함량비타민#마시는비타민#독일비타민#설날선물#비건#독일비건비타민#비타민추천#올리브영"".","#광고, #올리브영비타민, #올리브영추천템, #올리브영영양제, #올리브영세일, #올리브영선물, #비타민, #비타비움, #고함량비타민, #마시는비타민, #독일비타민, #설날선물, #비건, #독일비건비타민, #비타민추천, #올리브영",845,,45,2023-01-12 14:16,https://www.instagram.com/p/CnUWC4jh_pK/,TRUE
올리브영,인스타그램,,"""#협찬  면역력을 위해 꼭 챙겨먹는 프로바이오틱스💙  우리가족 필수 영양제🎁 내사랑들 건강은 내가 챙기기!💗  에스더포뮬러 올리브영 입점 기념으로  프로모션 진행 중이니 참고하세용,,,🎀 ​  #올리브영 #올리브영영양제 #올리브영할인 #에스더포뮬러 #여에스더유산균 #올리브영유산균"".","#협찬, #올리브영, #올리브영영양제, #올리브영할인, #에스더포뮬러, #여에스더유산균, #올리브영유산균",1750,,35,2020-09-13 8:21,https://www.instagram.com/p/CFEd_h0F5Uu/,TRUE
올리브영,인스타그램,,"""#광고  하루 한번!  #비타바움 의 작은 병을 가득 채운 새콤달콤한 멀티비타민으로 활력 충전하기 :)  독일 직수입 비타바움은 한국비건인증원에서 국내 최초로 인증한 비건 건기능 브랜드로 동물 실험 NO! 심지어 동물 유래 원료를 전혀 사용하지 않은 프리미엄 비건 비타민인데요! 불필요한 12가지 원재료 무첨가 & 특히 화학부형제 (스테아린산 마그네슘, 이산화규소, 카르복시메틸셀룰로오스, HPMC) 무첨가라 더욱 안심이구요~ 목넘김이 편한 액상타입이라 체내 흡수도 빠른 편이니 그 동안 알약 삼키기 불편하셨던 분들도 무척 좋아하실거 같아요 :)  뚜껑을 시계방향으로 돌리면 챔버가 열리면서 노란색 비타민 분말이 떨어지는 투챔버시스템이라 늘 신선한 상태로 비타민을 드실 수 있는데 분말과 액상을 혼합해 맛있게 먹으며 손쉽게 비타민 10종과 미네랄 5종을 한번에 챙겨보아요 :)ㅎ  #올리브영비타민 #올리브영 추천템 #올리브영영양제 #올리브영세일 #올리브영선물 #비타민 #고함량비타민 #마시는비타민 #독일비타민 #설날선물 #비건 #독일비건비타민"".","#광고, #비타바움, #올리브영비타민, #올리브영, #올리브영영양제, #올리브영세일, #올리브영선물, #비타민, #고함량비타민, #마시는비타민, #독일비타민, #설날선물, #비건, #독일비건비타민",1139,,19,2023-01-12 6:11,https://www.instagram.com/p/CnTfnrmhHes/,TRUE
올리브영,인스타그램,,"""#협찬   복직하고 나니까 하루가 진짜 쏜살같이 지나가요 🧷💼 아침엔 정신없고, 퇴근하면 지쳐서 뻗고🥹  그러다 보니 피부는 뒤집히고 몸 컨디션도 점점 흐트러지더라고요👀  그래서 결심했어요.ᐟ 이젠 진짜 내 몸부터 챙기자.ᐟ  그때 알게 된 게 바로 ✨ 이너플로라 미오이노시톨&콜린 ✨  하루 한 포에 미오이노시톨 4,000mg + 콜린까지‼️ ✅ 필요한 걸 한 번에 쏙.ᐟ 저는 아침에 1포를 그대로 섭취중인데 상큼한 레몬맛🍋 으로 맛있어서 바쁜 출근 준비에도 전~혀 부담 없어요 ⏰  며칠 챙겨먹다 보니 피부톤이 맑아지고 트러블도 덜 나고 무거웠던 몸이 가볍고 편안해졌어요 ✨  특히 마음에 들었던 건, ✔ 호르몬 밸런스 ✔ 생리 주기 케어 ✔ 붓기 관리 ✔ 피부 컨디션 회복 여성 건강을 전반적으로 케어해주는 조합이라 정말 만족 중이에요👏🏻  호르몬,생리,임신,피부 등 여성건강 필수 성분인 ‘미오이노시톨’이 포함되어있고 임산부와 태아 건강에도 중요한 ‘콜린’까지 포함.ᐟ  미오이노시톨과 콜린 이 조합 진짜 잘 만든 것 같아요😋  그래서 임신준비중이신 예비맘들께도 추천추천💛  그리고 중요한 포인트 하나 더.ᐟ 국민 기업 ❛유한건강생활❜에서 만들었다는 점.ᐟ 유한이라 더 믿고 먹게 되더라고요🤤  올리브영에 신제품으로 출시되었답니다 🛍️ 요즘 영양제 고민 중이셨다면 꼭 한 번 경험해보세요👍🏻  제품구매 링크: https://oyrun/uOad727  🏷 @neworigin_official  #미오이노시톨 #콜린이노시톨 #올리브영영양제 #올리브영이노시톨 #이노시톨추천 #이노시톨효능 #여성호르몬영양제 #M1S증후군 #임산부영양제 #임신준비영양제 #다난성난소증후군 #이너플로라 #이너플로라미오이노시톨콜린"".","#협찬, #미오이노시톨, #콜린이노시톨, #올리브영영양제, #올리브영이노시톨, #이노시톨추천, #이노시톨효능, #여성호르몬영양제, #M1S증후군, #임산부영양제, #임신준비영양제, #다난성난소증후군, #이너플로라, #이너플로라미오이노시톨콜린",474,,128,2025-05-22 11:59,https://www.instagram.com/p/DJ9Ful6vlwR/,TRUE
올리브영,인스타그램,,"""#제품제공  생일주간 제주여행에 함께한 아이들 통으로 거져가면 불편할 것 같아서 파우치형태로 된 제품을 사서 제주에 내려갔다 친구와 함께 먹을 수도 있고 가볍게 챙길 수 있어 좋았다는  평소 여행을 갈때 드립백을 챙겨가는데 이번엔 #오설록 티백을 제공해주셔서 커피대신 차를 마셨음 오설록 얼그레이웨하스 & 우롱차 조함 미쳤.. 웨하스 안먹는 나도 차를 마시는 동안 5개나 먹었…  요즘 만나면 지인들 손에 꼭 쥐어주는 굿스립가바365 여행의 고단함도 풀고,  다음날 개운하게 여행을 즐길 수 있었다  앞으로도 꾸준히 먹어야지❤️  덧 하나 굿슬림365에서 진행하는 꿀잠캠프 2기를 2월에 진행한다고 하니 모두들 신청해서 저랑 같이 꿀잠자자요💤💤  #굿슬립가바365#꿀장캠프 #꿀장트래블러 #수면영양제 #수면건강기능식품 #수면장애 #굿슬립가바#직장인영양제 #가바영양제 #영양제추천 #올리브영영양제 #코스트코영양제 #꿀장템 #숙면템 #꿀장티타임"".","#제품제공, #오설록, #굿슬립가바365, #꿀장캠프, #꿀장트래블러, #수면영양제, #수면건강기능식품, #수면장애, #굿슬립가바, #직장인영양제, #가바영양제, #영양제추천, #올리브영영양제, #코스트코영양제, #꿀장템, #숙면템, #꿀장티타임",49,,10,2024-01-21 15:07,https://www.instagram.com/p/C2XcIi3v5FC/,TRUE
올리브영,인스타그램,,"""#제품제공 #굿슬립가바365 와 함께 하는 #꿀잠캠프2기창단식 아모레본사에 어제 다녀왔어요♡  1기때 꿀잠캠프 한 피드 보고  깊은 잠을 못이루는 1인으로서 너무 기다려왔어요😍🫶  제가 불면증도 불면증이지만  정말 깊은 잠을 못자거든요 ㅠ.ㅠ 중간에 자다 여러번깨니 수면의질이 안좋아 늘 피곤해요😢  그래서 2기모집하는 글 보자마자 신청했지요❤️  뽑혀서 너무 기뻤답니다✨️✨️  금밤 저녁시간에 꿀잠캠프 창단식이라 더 기분이 좋았어요😍 저희조는 딥슬림조😆😆 오늘 만나 반가웠어요  앞으로 두달간 잘해보아요❤️ 조별 미션도 있고 너무 재밌을꺼같아요🥰🥰  꿀잠키트와 함께 샌드위치와 과일까지 준비해주셨어요❤️ 꿀잠키트는 다음피드에서 자세히 소개해볼게요😆  어제밤부터 굿슬립가바 먹기 시작했는데요   ✅️굿실림가바365는 유산균 발효를 통해 우리 뇌조직에 존재하는 수면 관련 성분인 가바와 동일한 구조로 만든 성분으로 식약처에서 수면질 개선 기능성을 인정받은 원료로 만든 제품입니다✨️✨️👏👏👏  자기전 1시간~30분정도에  꾸준히 먹으면 확실히  수면의 질의 차이가 있을꺼같아 기대됩니다.😎  오늘부터 갤럭시워치로 제 수면의 질도 데이터로 분석해보려구요~🫡  잠 못드는 그대들이여~~ 제가 중간중간 잠 잘오는 꿀팁도 공유해드릴테니 기대많이 해주세요❤️  꿀언니가 가바여신으로 거듭나 보렵니다😍😍  #꿀잠캠프 #꿀잠트래블러 #수면영양제 #수면건강기능식품 #굿슬립가바 #수면장애 #직장인영양제 #가바영앵제 #꿀잠템 #코스트코영양제 #올리브영영양제 #숙면템"".","#제품제공, #굿슬립가바365, #꿀잠캠프2기창단식, #꿀잠캠프, #꿀잠트래블러, #수면영양제, #수면건강기능식품, #굿슬립가바, #수면장애, #직장인영양제, #가바영앵제, #꿀잠템, #코스트코영양제, #올리브영영양제, #숙면템",38,,6,2024-03-16 1:26,https://www.instagram.com/p/C4jno2LPQoA/,TRUE
올리브영,인스타그램,,"""#협찬  🏷️ 이너플로라 미오이노시톨&콜린  투민이들과 남편의 영양제만 챙기다보니  후정작 제 영양에는 신경을 못쓰게 되는 날들이 늘어나더라구요  피부도 점점 쳐지는듯하고.. 여성건강도 신경을 못쓰고🥲  그래서 찾아보다 알게된 미오이노시톨&콜린!  하루 한 포로 순수한 미오이노시톨 4000mg 과 콜린까지  섭취 가능해서 따로 챙길 필요가 없더라구요  여성건강 필수 성분인 미오이노시톨은 호르몬,생리,임신,피부 등에 좋고 임산부와 태아에게 특히 좋은 콜린 성분은 이노시톨과 함께 섭취하면  좋다고 하네요  신뢰받는 국민 기업인 ‘유한건강생활’의 제품이라 더 믿음직해요 올리브영에도 출시한 신제품이니 꾸준히 섭취하머 제 건강에도 신경써야겠어요  제품구매는 요기서 가능해요🩵 https://oy.run/uOad727  🎁Thanks to @neworigin_official  #미오이노시톨 #콜린이노시톨 #올리브영영양제 #올리브영이노시톨 #이노시톨추천 #이노시톨효능 #여성호르몬영양제 #PMS증후군 #임산부영양제 #임신준비영양제 #다낭성난소증후군 #이너플로라 #이너플로라미오이노시톨콜린"".","#협찬, #미오이노시톨, #콜린이노시톨, #올리브영영양제, #올리브영이노시톨, #이노시톨추천, #이노시톨효능, #여성호르몬영양제, #PMS증후군, #임산부영양제, #임신준비영양제, #다낭성난소증후군, #이너플로라, #이너플로라미오이노시톨콜린",356,,72,2025-05-26 14:33,https://www.instagram.com/p/DKHsr6rz9fE/,TRUE
다이소,인스타그램,,"""어제자 출시한 다이소 영양제 실사 뜸ㄷㄷ💊 루테인부터 오메가3, 콜라겐, 철분, 칼슘 등등 건기식 싹 다 있는데 걍 약국 아니냐곸ㅋㅋㅋ @@와 ㅁㅊㄸ 다이소 털러 가야됨;;;;;;;;;;;;; . . #다이소 #다이소영양제 #칼슘 #멀티비타민 #건기식 #건강기능식품 #좋아요 #팔로우 #다이소건강기능식품 #다이소건기식 #루테인 #오메가3"".","#다이소, #다이소영양제, #칼슘, #멀티비타민, #건기식, #건강기능식품, #좋아요, #팔로우, #다이소건강기능식품, #다이소건기식, #루테인, #오메가3",2553,,80,2025-02-25 1:30,https://www.instagram.com/p/DGejjiGzaV4/,TRUE
다이소,인스타그램,,"""다이소에서 꼭! 사야 할 건강템💪🏻💪🏻 @@나도 박민영 선배픽 사러 갈래🛍️🛍️  #다이소추천 #다이소추천템 #다이소건강식품 #다이소영양제 #가성비템 #가심비템 #다이소건기식 #닥터블릿 #딜리노쉬 #대웅제약"".","#다이소추천, #다이소추천템, #다이소건강식품, #다이소영양제, #가성비템, #가심비템, #다이소건기식, #닥터블릿, #딜리노쉬, #대웅제약",54,,0,2026-01-28 8:00,https://www.instagram.com/p/DUDAAUqDw7O/,TRUE
다이소,인스타그램,,"""🍀 약사가 정리한 다이소 영양제 등급표 🍀 (편집 오류가 있어 다시 올려요!)     ✅️ 밀크씨슬 = F 등급  실리마린 함량에 속지마세요. 의약품아니면 유명 원료사로 먹어야 실리마린 중 중요한 실리빈이 보장됩니다.      ✅️ 바나바잎 = A 등급  가성비로 먹어는 볼 만한데 혈당에는 여전히  베르베린을 더 추천드리구요.     ✅️ 카테킨 = A 등급  카테킨은 콜레스테롤, 체지방에 도움이 될 수 있어서 가성비로 먹어볼 만 하다.      ✅️ 멀티비타민 = F 등급  이거 30알 모아봐야 비맥땡 한 알 정도 무슨 말인지 알겠죠? 함량이 너무 낮습니다.     ✅️ 칼마디 = B 등급  일단 탄산칼슘이 너무 마음에 안 들고 비타민 D 400이 거의 스쳐지나간 정도,,,      ✅️ 가르시니아 = F 등급  간독성 이슈가 있었죠. 가르시니아 성분 자체를 비추천합니다.     ✅️ 마그네슘 = B 등급  산화마그네슘이라 흡수율이 낮아서 비추 가성비 측면에서는 먹어볼만 합니다.      ✅️ 비타민 D 2000 & 4000 = S 등급  DSM 원료를 썼더라구요.  이건 먹어볼 만하다     ✅️ 비타민 C =  B등급  DSM 원료가 있긴한데 굳이 이산화 티타늄 색소를 왜 썼을까 이거 유럽은 2022년부터 안 쓰거든요     ✅️ 코큐텐 = B 등급  원료사가 일단 뭔지 모르겠는데 이미 성분, 가성비 좋은 코큐텐이 많아요     ✅️ 오메가 3 = F 등급  이게 다이소 1등이더라구요? 순도 고작 60%에  원료사도 불분명하고 포장도 PDVC가 아니라 PVC인 것도 아쉽습니다.     물론...! 진짜 저품질 보다는  다이소 영양제가 훨씬 낫습니다.   다만, 건강을 증진시키시거나 질환 관리를 원하신다면...!     저는 영양제는 좋은걸로 권장드리구요! (특히, 우리 팔로워분들 💕) 이중에서 오메가 3는 진짜... 진짜... 아니에요 여러분....     #여성건강 #다이소 #다이소영양제 #오메가3 #칼마디"".","#여성건강, #다이소, #다이소영양제, #오메가3, #칼마디",6712,,147,2026-03-31 15:50,https://www.instagram.com/p/DWjer29mK72/,TRUE
다이소,인스타그램,,"""✅️ 다이소 영양제? 제품 핵심정리 ✅️  다이소에서  영양제?! 를 팔기 시작했네요.  제품들이 궁금해서 알아봤는데,  5000원이라는 금액이 납득이 되는 제품도 있고  터무니없는 제품이라 생각되는 제품들도 있네요  정해진 금액에 성분과 배합을 조합하기가 쉽지 않을 텐데,  그럼에도 그나마 5000원이라는 금액이  합리적인 소비가 될 수 있도록 정리해 봤습니다.   개인적으로 다이소 제품들은  영양제를 입문하기 위한 용도로 보는 게 맞는 것 같습니다.   믿을만하고 좋은 제품을 찾으시는 분들께는 선택지가 더 많으니 참고용으로 안내드립니다!  #다이소 #다이소영양제"".","#다이소, #다이소영양제",38,,0,2025-02-28 15:36,https://www.instagram.com/p/DGnypjdv3Wj/,TRUE
다이소,인스타그램,,"""아직도 매장에서 뭐 살지 고민해? 약사들이 극찬한 다이소 영양제 체크💊  @@ 다이소 같이 가줄 사람!!!  **  🎯@thetrippick 팔로우 하고 잼컨 보기🩷 여행의 모든 것은 우리가 PICK!  #다이소 #다이소영양제 #영양제 #건기식 #건강기능식품 #가성비 #정보 #정보공유 #꿀팁 #꿀팁공유"".","#다이소, #다이소영양제, #영양제, #건기식, #건강기능식품, #가성비, #정보, #정보공유, #꿀팁, #꿀팁공유",27,,2,2026-01-24 4:00,https://www.instagram.com/p/DT4RV5gAQ5Z/,TRUE
CU,인스타그램,,"""CU 건강기능식품 90% 할인  CU 건기식 90% 할인?! 🤩 💊건기식 17종 5개 이상 토스페이 머니/계좌 결제시 적용  🗓️ 기간 ~ 5월 31일 → 최대 80% 할인 5/5, 5/8, 5/15 → 최대 90% 할인  🎁 포켓 CU QR 스캔 > 토스페이 머니/계좌 결제  ⚠️ 일 1회, 1회 최대 20,000원 한도 💌 대상 상품 및 재고 조회는 ‘씨유’ 댓글 남기기 🔔팔로우하시고 다양한 할인정보 빠르게 받아보세요!"".",,32,,53,2026-05-04 22:00,https://www.instagram.com/p/DX7shUkk8iv/,TRUE
CU,인스타그램,,"""ㅤ #EVENT 다 떨어진 건강기능식품을 발견한 아침! 하루 거르는 게 찝찝한 분?  공복에는 먹기 싫은 건강기능식품! 쉽게 언제든지 섭취하고 싶은 분?  전국 6천개 CU에서 바로 고민 해결 가능합니다 :)   믿을 수 있는 동아제약이 직접 개발한 필수 건강기능식품 8종 런칭  1. 셀파렉스 비타민C #끓어올려 2. 셀파렉스 마그네슘 #에너지 3. 셀파렉스 테아닌 #괜찮아  4. 셀파렉스 루테인지아잔틴 #눈호강 5. 셀파렉스 rTG오메가3 #혈행의선순환 6. 셀파렉스 밀크씨슬 #지금이순간 7. 셀파렉스 MSM 2000 #관절해 8. 셀파렉스 칼슘마그네슘비타민D #약골탈퇴  전 제품 5,000원에 상시 1+1 행사  ㄴ 개당 2,500원!! (교차구매 가능)  9~10월 매주 월요일 ""건강기능식품데이"" 단 하루! 6개 구매 시 67% 파격할인  ㄴ 9,900원 ▶ 개당 1,650원!  💬 댓글 EVENT 💬 지금 나에게 가장 필요한 건강기능식품이 무엇인지 댓글로 남겨주세요! 추첨을 통해 선물을 드립니다!  ✅ CU 공식 인스타그램 팔로우 필수! ✅ 기간: 9/23(화)~9/30(화) ✅ 당첨자 발표: 10/10(금) *당첨자 개별 DM 발표 ✅ 경품: CU 모바일상품권 3천원권 (10명)  ※ 본 이벤트는 2건의 게시물에서 동시에 진행 됩니다.  #동아제약 #셀파렉스 #건강기능식품 #건기식 #CU건기식 #CU #씨유 #당신의_좋은친구_CU  *판매원 ㈜동아제약 *제조원 : ㈜서흥, ㈜코스맥스바이오"".","#EVENT, #끓어올려, #에너지, #괜찮아, #눈호강, #혈행의선순환, #지금이순간, #관절해, #약골탈퇴, #동아제약, #셀파렉스, #건강기능식품, #건기식, #CU건기식, #CU, #씨유, #당신의_좋은친구_CU",296,,252,2025-09-23 4:56,https://www.instagram.com/p/DO7V9_nDdQl/,TRUE
CU,인스타그램,,"""다이소는 실패했는데, 이번엔 CU(@cu_official)가 건기식 시장에 다시 도전장을 냈다고?! 🧐  전국 6,000여 특화점에서 건강기능식품을 선보인다는 CU의 당당한 발표가 이달 1일에 발표되었습니다. 다이소 때와는 다르게 일부 매장만 ‘특화점’으로 지정해서 인허가까지 꼼꼼히 챙긴 점이 차별화 포인트!  제약사와의 협업으로 CU에서만 만날 수 있는 단독 제품들도 곧 등장 예정이라는 소식까지! 앞으로의 반응이 궁금해지는데요, 편의점 시장 1위의 새로운 도전. 지금 카드뉴스에서 만나보세요 💚  @labit.official ————————— #마케팅매거진 #마케팅트렌드 #트렌드매거진 #트렌드레터 #마케팅인사이트 #건기식 #건강기능식품 #CU"".","#마케팅매거진, #마케팅트렌드, #트렌드매거진, #트렌드레터, #마케팅인사이트, #건기식, #건강기능식품, #CU",9,,1,2025-07-03 13:35,https://www.instagram.com/p/DLpcNaPzs7P/,TRUE
CU,인스타그램,,"""ㅤ #EVENT  다가오는 설날 🌤 명절 선물 고민은 이제 끝!  설 명절맞이 건강관리 선물 ᕦ(๑•̀o•́๑)ᕤ CU와 함께 준비하세요!  마음을 전하는 파격 행사 🔥 건강기능식품 5개 구매 시 10,000원!!  💚 종근당 종합건강 10정 외 8종 각 5,000원 - 종근당 시리즈 9종 상품 간 교차구매 가능  🧡 동아 에너지 10정 외 7종 각 5,000원 - 동아 시리즈 8종 상품 간 교차구매 가능  ※ 판매원 : ㈜종근당 ※ 제조원 : 코스맥스엔비티, 네추럴웨이, 메디오젠  ※ 판매원 : ㈜동아제약 ※ 제조원 : 서흥, 코스맥스바이오  💬 댓글 EVENT 💬 이번 설에는 건강관리 선물로 마음을 전해보세요♡ 친구를 태그해 건강기능식품 행사 소식을 알려주세요! 추첨을 통해 선물을 드립니다 🎁  ✔️ @cu_official 인스타그램 계정 팔로우 ✔️ 이벤트 기간: 2/9(월) ~ 2/16(월) ✔️ 당첨자 발표: 2/23(월) *DM 개별 발표 ✔️ 경품: CU 모바일상품권 5천원권 (10명)  #건강기능식품 #건기식 #CU건기식 #CU할인 #CU행사 #할인행사 #CU프로모션 #CU #씨유 #CU편의점 #당신의_좋은친구_CU"".","#EVENT, #건강기능식품, #건기식, #CU건기식, #CU할인, #CU행사, #할인행사, #CU프로모션, #CU, #씨유, #CU편의점, #당신의_좋은친구_CU",697,,773,2026-02-09 7:10,https://www.instagram.com/p/DUhsyHvD5uD/,TRUE
CU,인스타그램,,"""와... CU가 진짜 물가 때려잡으려고 작정했나 봐요! 🥳✨ 요즘 비싸서 못 사 먹던 건강기능식품 17종이 무려 90% 할인 중!  이거 실화인가 싶어서 계산해봤더니, 5개 이상 사면 개당 가격이 편의점 껌값 수준... ㄷㄷ 비타민부터 유산균, 홍삼까지 종류도 다양해서 부모님 선물이나 내 건강 챙기기에 딱이에요!  ✅ 이벤트 요약 (필독!)  내용: 건강기능식품 대상 품목 17종 90% 할인 조건: 대상 상품 5개 이상 구매 시 적용! (교차 선택 가능 여부 확인) 품목: 멀티비타민, 루테인, 밀크씨슬, 유산균 등 인기 17종  기간: 2026년 5월 한정 (재고 소진 시 종료)  자세한 링크 정보는 @humorzzip 팔로우후 댓글에 <건기식> 남기면 링크 쏴드림🚀  편의점마다 재고가 다를 수 있으니 '포켓CU' 앱으로 재고 조회하고 가세요! 품절 대란 예상되니까 보이면 일단 바구니에 담는 게 승리자입니다. 🏃‍♂️💨  ""이거 알려주면 엄마한테 칭찬받음 ㅋㅋㅋ @친구태그해서 같이 쓸어오기!"" 👇  #CU #CU신상 #CU편의점 #편의점꿀팁 #건강기능식품"".","#CU, #CU신상, #CU편의점, #편의점꿀팁, #건강기능식품",12,,1,2026-05-06 8:55,https://www.instagram.com/p/DX_cRAjGKy5/,TRUE
CU,인스타그램,,"""ㅤ 몸도 혈당도 가볍게. 건강한 다이어트 필수템 CU 종근당 다이어트✨  📌 종근당)다이어트10정 / 5,000원 / 1+1증정! 📌 식후 혈당 상승 CUT 📌 체지방 & 콜레스테롤 DOUBLE CUT  지금 전국 약 6천개 CU에서 건강기능식품을 가장 가깝게 만나보세요!  오직 CU에서만! ☑ 개당 5,000원에 상시 1+1 👉 개당 2,500원 ☑ 6개 구매 시 12,000원 👉 개당 2,000원  ☑ 종근당 9종 상품 간, 교차 구매 가능!  🔍 건강기능식품 판매 점포 및 재고 조회는 포켓쳐 APP에서 확인하세요⚡  #헬CUP #헬씨업 #건강기능식품 #건기식 #CU건기식 #다이어트 #혈당컷 #CU #씨유 #당신의_좋은친구_CU   - 판매원 : ㈜종근당 - 제조원 : 코스맥스엔비티"".","#헬CUP, #헬씨업, #건강기능식품, #건기식, #CU건기식, #다이어트, #혈당컷, #CU, #씨유, #당신의_좋은친구_CU",111,,1,2025-08-07 9:30,https://www.instagram.com/p/DNDH993KxmX/,TRUE
CU,인스타그램,,"""#협찬 하루 한 병으로 채우는 활력 에너지⚡ #비컴플  바쁜 현대인들을위해 간편하게 비타민과 각종 영양케어를 할 수 있는 제품💕  💙파란색 병💙은 마그네슘 180g+비타민으로 이중케어를  ❤빨간색 병❤은 아르기닌 3,000mg+비타민으로 이중케어를 도와요  만성피로와 피곤에 지쳐있는 하루😥라면 비컴플로 활력충전👍 어때요?  오직 💚CU💜에서만 판매중  ___  #마그네슘 #아르기닌 #CU #CU덕후 #CU영양제 #CU비컴플 #마그네슘영양제 #아르기닌영양제 #영양제추천 #영양제 #편의점영양제 #편의점피로회복제 #피로회복제 #비타민추천 #비타민 #편의점비타민"".","#협찬, #비컴플, #마그네슘, #아르기닌, #CU, #CU덕후, #CU영양제, #CU비컴플, #마그네슘영양제, #아르기닌영양제, #영양제추천, #영양제, #편의점영양제, #편의점피로회복제, #피로회복제, #비타민추천, #비타민, #편의점비타민",221,,107,2024-11-24 10:50,https://www.instagram.com/p/DCwFtaCpSbs/,TRUE
CU,인스타그램,,"""⠀ #EVENT  내가 돈이 없지, 사랑이 없나?! 5월 가정의 달, CU에서 알뜰하게 건강 선물하기 🎁  ① 건강기능식품 정제형 17종 5개 이상 구매 시 10,000원!  ✔ 5월 한 달간 토스페이 머니/계좌로 5개 이상 구매 시 👉 최대 80% 할인! ※ 5개 미만 결제 시 미적용 / 1회 최대 할인한도 20,000원  ✔ 5월 1일/5일/8일/15일 토스페이 머니/계좌로 5개 이상 구매 시 👉 최대 90% 멤버십QR 할인! ※ 5개 미만 결제 시 미적용 / 1회 최대 할인한도 20,000원 ※ 포켓CU 멤버십QR 스캔 필수 ※ 판매원(종근당/동아제약) 간 교차 불가  ② 건강기능식품 앰플, 이중제형 등 11종 1+1  증정 or 기본 할인!  ✔ 5월 한 달간 하나/농협/우리카드 결제 시 👉 20% 추가 할인! ※ 1개 당 적용 / 박스 단위 상품 미적용 / 1회 최대 할인한도 4,000원  ✔ 5월 1일/5일/8일/15일 하나/농협/우리카드 결제 시 👉 최대 50% 멤버십QR 추가 할인! ※ 1개 당 적용 / 박스 단위 상품 미적용 / 1일 1회, 1회 최대 할인한도 8,000원 ※ 포켓CU 멤버십QR 스캔 필수  더욱 자세한 행사 내용은 포켓CU APP에서 확인해주세요!  종근당 정제형 9종 ※ 판매원 : ㈜종근당 ※ 제조원 : 코스맥스엔비티, 네추럴웨이, 메디오젠  동아제약 정제형 8종 ※ 판매원 : ㈜동아제약 ※ 제조원 : 서흥, 코스맥스바이오  유한양행 3종  ※ 판매원 : ㈜유한양행 ※ 제조원 : 서흥, 서흥헬스케어  CJ제일제당 3종  ※ 판매원 : 씨제이웰케어㈜ ※ 제조원 : 코스맥스엔비타㈜  종근당건강 2종  ※ 판매원 : 종근당건강㈜ ※ 제조원 : 네추럴웨이, 종근당건강㈜  동화약품 2종 ※ 판매원 : 동화약품㈜ ※ 제조원 : 코스맥스바이오㈜  💬 댓글 EVENT 💬 @@아 CU에서 가정의 달 선물 미리 준비하자! 친구를 태그해 5월 건강기능식품 결제행사 소식을 알려주시면 추첨을 통해 선물을 드립니다 🎁 ⠀ ✅ CU 공식 인스타그램 팔로우 필수 ✅ 이벤트 기간: 5/1(금) ~ 5/8(금) ✅ 당첨자 발표: 5/15(금) *DM 개별 발표 ✅ 경품: CU 모바일 상품권 5천원권 (10명)  #5월할인 #결제할인 #할인행사 #건강기능식품 #가정의달 #CU할인 #CU결제행사 #CU할인혜택 #5월행사 #편의점할인 #CU #씨유 #CU편의점 #당신의_좋은친구_CU"".","#EVENT, #5월할인, #결제할인, #할인행사, #건강기능식품, #가정의달, #CU할인, #CU결제행사, #CU할인혜택, #5월행사, #편의점할인, #CU, #씨유, #CU편의점, #당신의_좋은친구_CU",564,,581,2026-05-01 4:01,https://www.instagram.com/p/DXyCitfCCuO/,TRUE
CU,인스타그램,,"""진짜 난리난 cu 건기식 행사입니다.  #cu #편의점 #건기식 #건강기능식품 #종근당 #동아"".","#cu, #편의점, #건기식, #건강기능식품, #종근당, #동아",186,,79,2026-05-04 22:25,https://www.instagram.com/p/DX7vPkEA9UC/,TRUE
CU,인스타그램,,"""ㅤ 워어어어얼화아아아수우우모옥금 한 주간 쌓인 스트레스로 인한 피로… CU 마그랩 포 스트레스 한 샷으로 케어하자!  📌 동화)마그랩포스트레스25ml / 3,900원 / 1+1증정! 📌 흡수 빠른 액상타입 글루콘산 마그네슘 📌 스트레스로 인한 피로 개선에 도움을 줄 수 있는 홍경천추출물 함유  지금 전국 약 6천개 CU에서 건강기능식품을 가장 가깝게 만나보세요!  오직 CU에서만! ☑ 개당 3,900원에 상시 1+1  ☑ 마그랩 2종 상품 간, 교차 구매 가능!  🔍 건강기능식품 판매 점포 및 재고 조회는 포켓CU APP에서 확인하세요⚡  #헬CUP #헬씨업 #건강기능식품 #건기식 #CU건기식 #마그랩 #마그랩포스트레스 #스트레스로인한피로개선 #CU #씨유 #당신의_좋은친구_CU","#헬CUP, #헬씨업, #건강기능식품, #건기식, #CU건기식, #마그랩, #마그랩포스트레스, #스트레스로인한피로개선, #CU, #씨유, #당신의_좋은친구_CU",0,,0,2025-09-01 22:11,https://www.instagram.com/p/DOE2_9cE-gT/,TRUE
CU,인스타그램,,"""식품의약품안전처가 숙취해소를 표방하는 일반식품에 대해 인체적용시험 자료 제출을 의무화하면서, 숙취해소제 시장에 변화의 바람이 불고 있습니다.  이에 따라 다수 브랜드가 임상시험 통과에 어려움을 겪는 가운데, 일본 건강기능식품 전문기업 네제스트(Nexest)가 개발한 숙취해소제 '아사이치케아'가 주목받고 있는데요.  아사이치케아는 핵심 원료인 'ACP-20'에 대한 인체적용시험을 식약처 기준에 따라 성공적으로 완료했습니다.  시험은 만 19세 이상 40세 이하의 성인 남녀를 대상으로 진행되었으며, 이중맹검·무작위배정·교차시험 설계를 통해 과학적 타당성을 확보했습니다. 그 결과, 혈중 알코올 및 아세트알데히드 농도 감소는 물론, 숙취 자각 증상 개선 효과까지 입증받았습니다.  7월 중순부터 전국 CU 편의점에서는 아사이치케아 입점을 기념해 1+1 프로모션을 진행 예정이라고 합니다.  📸 쥬퍼  #아사이치케아 #숙취해소제 #숙취 #숙취템 #숙취해소 #CU #원플러스원"".","#아사이치케아, #숙취해소제, #숙취, #숙취템, #숙취해소, #CU, #원플러스원",18,,0,2025-07-21 5:30,https://www.instagram.com/p/DMW6-cxT-FZ/,TRUE
CU,인스타그램,,"""⠀ #EVENT  돌아온 5월의 결제 혜택! 바코드 찍기 전 씨유딜 확인하세요 💜  제로탄산, 에너지드링크, 해피즈 등 더워지는 날씨에 딱! 필요한 다양한 음료부터 가정의 달 선물로 좋은 건강기능식품까지! 💌  결제할수록 혜택이 쌓이는 마법  이번 달도 아묻따 CU로 가! 💨💨  5월의 시작도 CU 혜택과 함께 싹쓸이하세요 (●'◡'●)  💬 댓글 EVENT 💬 5월 결제 혜택 라인업 중 가장 구매하고 싶은 상품은 무엇인지 댓글로 남겨주시면 추첨을 통해 선물을 드립니다 🎁 ⠀ ✅ CU 공식 인스타그램 팔로우 필수 ✅ 이벤트 기간: 4/30(목) ~ 5/7(목) ✅ 당첨자 발표: 5/14(목) *DM 개별 발표 ✅ 경품: CU 모바일 상품권 5천원권 (10명)  ※ 상세한 행사 상품 및 내용은 포켓CU APP 내   혜택 아이콘을 통해 확인해주세요. ⠀ #제로탄산 #에너지드링크 #get커피 #건강기능식품 #디저트 #프라페 #과일 #샌드위치 #샐러드 #삼각김밥 #CU5월행사 #5월결제행사 #씨유딜 #CU할인 #CU #씨유 #CU편의점 #당신의_좋은친구_CU"".","#EVENT, #제로탄산, #에너지드링크, #get커피, #건강기능식품, #디저트, #프라페, #과일, #샌드위치, #샐러드, #삼각김밥, #CU5월행사, #5월결제행사, #씨유딜, #CU할인, #CU, #씨유, #CU편의점, #당신의_좋은친구_CU",912,,924,2026-04-30 2:38,https://www.instagram.com/p/DXvQFO0gY2v/,TRUE
CU,인스타그램,,"""#광고 비자XCU 💥CU모바일상품권(5000원)받으실 분👀  하루 종일 쉼없이 바쁘게 지내다 보면 밥도 제때 못 챙겨 먹을 때가 많고 불규칙한 생활 패턴에 무너지는 건 결국 체력이잖아요😭  모든 일의 기본은 체력💪 건강을 챙겨야 오래 버틸 수 있겠죠?  그래서 비자와 CU가 여러분의 건강을 위해 #댓글이벤트 를 준비했답니다🙉❤️  댓글에 요즘 갖고 있는 ’건강 고민‘을 남겨주세요 추첨을 통해 CU에서 건강기능식품 구매할 수 있는 모바일상품권을 드립니다😋  ✔️ 기간 : 9.15","#광고, #댓글이벤트",845,,380,2025-09-12 2:21,https://www.instagram.com/p/DOfDhJxEq-s/,TRUE
CU,인스타그램,,"""ㅤ 오늘도 내일도 건강하게! 간편한 건강 습관, CU에서 시작하자✨  가장 가까운 건강 플랫폼! 전국 약 6천개 CU에서 건강기능식품을 더 손쉽게 만나보세요💜  🔍 헬C UP! 건강기능식품 판매 점포 및 재고 조회는? 포켓CU APP에서!  #헬CUP #헬씨업 #건강기능식품 #건기식 #CU건기식 #CU #씨유 #당신의_좋은친구_CU   ※ 판매원 : (주)종근당, 동화약품  ※ 제조원 : 코스맥스엔비티, 네추럴웨이, 메디오젠, 코스맥스바이오"".","#헬CUP, #헬씨업, #건강기능식품, #건기식, #CU건기식, #CU, #씨유, #당신의_좋은친구_CU",126,,0,2025-07-28 10:37,https://www.instagram.com/p/DMpe-nxRWtL/,TRUE
CU,인스타그램,,"""#댓글event 회사에서 제 추구미요? 그저 제 눈과 뇌와 간이 건강하길 바랄 뿐입니다 🙏  더도 말고 덜도 말고 건강이 최고인 직장인들을 위한 편의점 건강기능식품의 등장! 💊  전국 CU에서 24시간 건강기능식품 1+1이니까 나에게 필요한 건강을 간편하게 챙기세요~ !  ✅ 눈건강 ✅ 간건강 ✅ 두뇌기억력 ✅ 장건강 ✅ 종합건강 ✅ 다이어트  ✅ 이너케어 ✅ 혈행건강 ✅ 뼈건강  ※  종근당 9종 상품 간, 교차 구매 가능 ※  개당 5,000원에 상시 1+1 ! 개당 2,500원 꼴이에요!  ______________________________________________ #댓글event 댓글로 “지금 나에게 가장 필요한  건기식”을 남기면 추첨을 통해 CU상품권을 드려요!  ✔️ 이벤트 기간: 9/11(목) ~ 9/18(목) ✔️ 당첨자 발표: 9/25(목) @cu_official 계정으로 개별 DM을 드릴 예정이니 메시지함을 확인해주세요 *  ✔️ 경품 * CU 모바일 상품권 3만원 (3명) * CU 모바일 상품권 1만원 (7명)  🔍 건강기능식품 판매 점포 및 재고 조회는 포켓CU APP에서 확인하세요!  - 판매원 : ㈜종근당 - 제조원 : 코스맥스엔비티  #광고 #CU #씨유 #헬CUP #헬씨업 #건강기능식품 #건기식 #CU건기식"".","#댓글event, #댓글event, #광고, #CU, #씨유, #헬CUP, #헬씨업, #건강기능식품, #건기식, #CU건기식",1115,,532,2025-09-11 9:34,https://www.instagram.com/p/DOdMd-YDcdD/,TRUE
CU,인스타그램,,"""ㅤ 칼슘·마그네슘, 비타민, 아연으로 튼튼하게! CU에서 시작하세요🦴  📌 종근당)뼈건강10정 / 5,000원 / 1+1 증정! 📌 칼슘, 마그네슘 2:1 배합 📌 11중 복합 기능성  지금 전국 약 6천개 CU에서 건강기능식품을 가장 가깝게 만나보세요!  오직 CU에서만! ☑ 개당 5,000원에 상시 1+1 👉 개당 2,500원 ☑ 6개 구매시 12,000원 👉 개당 2,000원  ☑ 종근당 9종 상품 간, 교차 구매 가능!  🔍 건강기능식품 판매 점포 및 재고 조회는 포켓CU APP에서 확인하세요⚡  #헬CUP #헬씨업 #건강기능식품 #건기식 #CU건기식 #뼈건강 #칼슘 #마그네슘 #CU #씨유 #당신의_좋은친구_CU  - 판매원 : ㈜종근당 - 제조원 : 네추럴웨이"".","#헬CUP, #헬씨업, #건강기능식품, #건기식, #CU건기식, #뼈건강, #칼슘, #마그네슘, #CU, #씨유, #당신의_좋은친구_CU",101,,3,2025-08-11 9:30,https://www.instagram.com/p/DNNbJhWuXLL/,TRUE
CU,인스타그램,,"""#EVENT 🎊동아동 NEW 주민 입성🎊 CU편의점에서 바로 만나는 데일리 비타민C  바쁜 일상에 빠질 수 없는 리프레시템 비타민C #즉시비타민 #셀파렉스_비타민C_1000mg 로 하루를 상큼하게 리프레시! ✨  #셀파렉스_바로 비타민C, 밀크씨슬 등 총 8종 라인업을 CU편의점에서 확인하세요🔍  🛒 셀파렉스 구매는 오직 CU에서만! 포켓CU 앱에서도 구매 가능해요 🙌  -  #댓글이벤트  🌟너는 나의 비타민🌟  힘들 때, 지칠 때 나를 리프레시 시켜주는  나만의 비타민 같은 사람이 있나요?💛  댓글로  @나의 비타민을  소환해주시면  셀파렉스 비타민을 드립니다🎁  ✅참여 방법 ① 본 계정(@donga_official) 팔로우 후 ② 댓글로 나만의 비타민 소환하기 @친구야  나의 비타민이 되어줘서 고마워🫰  📆이벤트 일정 : 9/26(금) ~ 10/2(목) 🎁경품 : 셀파렉스 비타민C 1000mg (10명) ✔발표 : 10/15(수)  DM 발표 및 댓글 공지  본 광고는 건강기능식품 광고입니다.  -제조원 : 코스맥스바이오(주) -판매원 : 동아제약㈜"".","#EVENT, #즉시비타민, #셀파렉스_비타민C_1000mg, #셀파렉스_바로, #댓글이벤트",151,,183,2025-09-26 8:04,https://www.instagram.com/p/DPDt5iXEWWd/,TRUE
CU,인스타그램,,"""ㅤ #EVENT  열정이 필요한 지금. 영국산 비타민C 1000mg로 너의 열정 끓어올려↗  📌 하루 한번, 한 번에 한 알로 가볍게!  📌 DSM사 프리미엄 영국산 비타민C 1000mg 함유!  지금 전국 약 6,000개 CU에서 동아제약 건강기능식품을 만나보세요! ※ 포켓CU APP에서 판매점포 확인 및 재고 조회 필수!  ♥️ 오직 CU에서만 ♥️ 동아제약)셀파렉스비타민C1000 10정 5,000원 ✔️ 상시 1+1 행사진행(개당 2,500원) ✔️ 동아제약 8종 상품 간 교차구매 가능  💬 댓글 EVENT 💬 비타민C 뭐 먹을지 고민하는 친구들 모여! 비타민C 유목민 친구들에게 소문내주세요. 추첨을 통해 선물을 드립니다.  ✅ CU 공식 인스타그램 팔로우 필수! ✅ 이벤트 기간: 11/25(화)~12/2(화) ✅ 당첨자 발표: 12/9(화) *당첨자 개별 DM 발표 ✅ 경품: CU 모바일상품권 5천원권 (5명)  -판매원 : (주)동아제약 -제조원 : (주)서흥  #동아제약 #셀파렉스 #건강기능식품 #CU #씨유 #CU편의점 #당신의_좋은친구_CU"".","#EVENT, #동아제약, #셀파렉스, #건강기능식품, #CU, #씨유, #CU편의점, #당신의_좋은친구_CU",310,,290,2025-11-25 2:00,https://www.instagram.com/p/DRdj7sdjQev/,TRUE
CU,인스타그램,,"""ㅤ 장 속이 편해야 진짜 편한 하루! CU 장건강으로 매일 가볍게 시작하세요💨  📌 종근당)장건강10정 / 5,000원 / 1+1 증정! 📌 특허 비피더스균 함유 📌 1캡슐 당 프로바이오틱스 수 20억 CFU 보장  지금 전국 약 6천개 CU에서 건강기능식품을 가장 가깝게 만나보세요!  오직 CU에서만! ☑ 개당 5,000원에 상시 1+1 👉 개당 2,500원 ☑ 6개 구매시 12,000원 👉 개당 2,000원  ☑ 종근당 9종 상품 간, 교차 구매 가능!  🔍 건강기능식품 판매 점포 및 재고 조회는 포켓CU APP에서 확인하세요⚡  #헬CUP #헬씨업 #건강기능식품 #건기식 #CU건기식 #장건강 #비피더스균 #프로바이오틱스 #CU #씨유 #당신의_좋은친구_CU  - 판매원 : ㈜종근당 - 제조원 : 메디오젠"".","#헬CUP, #헬씨업, #건강기능식품, #건기식, #CU건기식, #장건강, #비피더스균, #프로바이오틱스, #CU, #씨유, #당신의_좋은친구_CU",96,,1,2025-08-16 2:00,https://www.instagram.com/p/DNZftVXNApA/,TRUE
CU,인스타그램,,"""ㅤ 비타민부터 미네랄까지, 한 번에! CU 종합건강 한 알로 간편하게 챙기세요☀  📌 종근당)종합건강10정 / 5,000원 / 1+1 증정! 📌 한국인 맞춤 설계 비타민&미네랄 20종 📌 비타민B군 7종 1일 영양성분기분치 300% 이상 함유  지금 전국 약 6천개 CU에서 건강기능식품을 가장 가깝게 만나보세요!  오직 CU에서만! ☑ 개당 5,000원에 상시 1+1 👉 개당 2,500원 ☑ 6개 구매시 12,000원 👉 개당 2,000원  ☑ 종근당 9종 상품 간, 교차 구매 가능!  🔍 건강기능식품 판매 점포 및 재고 조회는 포켓CU APP에서 확인하세요⚡  #헬CUP #헬씨업 #건강기능식품 #건기식 #CU건기식 #종합건강 #비타민 #미네랄 #CU #씨유 #당신의_좋은친구_CU  - 판매원 : ㈜종근당 - 제조원 : 코스맥스엔비티"".","#헬CUP, #헬씨업, #건강기능식품, #건기식, #CU건기식, #종합건강, #비타민, #미네랄, #CU, #씨유, #당신의_좋은친구_CU",103,,0,2025-08-25 1:00,https://www.instagram.com/p/DNwj_oJXuv8/,TRUE
CU,인스타그램,,"""ㅤ #EVENT 다 떨어진 건강기능식품을 발견한 아침! 하루 거르는 게 찝찝한 분?  공복에는 먹기 싫은 건강기능식품! 쉽게 언제든지 섭취하고 싶은 분?  전국 6천개 CU에서 바로 고민 해결 가능합니다 :)   믿을 수 있는 동아제약이 직접 개발한 필수 건강기능식품 8종 런칭  1. 셀파렉스 비타민C #끓어올려 2. 셀파렉스 마그네슘 #에너지 3. 셀파렉스 테아닌 #괜찮아  4. 셀파렉스 루테인지아잔틴 #눈호강 5. 셀파렉스 rTG오메가3 #혈행의선순환 6. 셀파렉스 밀크씨슬 #지금이순간 7. 셀파렉스 MSM 2000 #관절해 8. 셀파렉스 칼슘마그네슘비타민D #약골탈퇴  전 제품 5,000원에 상시 1+1 행사  ㄴ 개당 2,500원!! (교차구매 가능)  9~10월 매주 월요일 ""건강기능식품데이"" 단 하루! 6개 구매 시 67% 파격할인  ㄴ 9,900원 ▶ 개당 1,650원!  💬 댓글 EVENT 💬 지금 나에게 가장 필요한 건강기능식품이 무엇인지 댓글로 남겨주세요! 추첨을 통해 선물을 드립니다!  ✅ CU 공식 인스타그램 팔로우 필수! ✅ 기간: 9/23(화)~9/30(화) ✅ 당첨자 발표: 10/10(금) *당첨자 개별 DM 발표 ✅ 경품: CU 모바일상품권 3천원권 (10명)  ※ 본 이벤트는 2건의 게시물에서 동시에 진행 됩니다.  #동아제약 #셀파렉스 #건강기능식품 #건기식 #CU건기식 #CU #씨유 #당신의_좋은친구_CU  *판매원 ㈜동아제약 *제조원 : ㈜서흥, ㈜코스맥스바이오"".","#EVENT, #끓어올려, #에너지, #괜찮아, #눈호강, #혈행의선순환, #지금이순간, #관절해, #약골탈퇴, #동아제약, #셀파렉스, #건강기능식품, #건기식, #CU건기식, #CU, #씨유, #당신의_좋은친구_CU",223,,149,2025-09-23 4:56,https://www.instagram.com/p/DO7V7RgDS2-/,TRUE
CU,인스타그램,,"""이번 주 F&B 트렌드, 한 눈에 정리했어요! 실무에 바로 쓰이는 뉴스만 담았습니다 👀✨  👇 지금 확인해보세요!  🚩점심값 가장 비싼 동네는 ‘분당’ 🚩CU, 건강기능식품 전국 유통 🚩배민이 꼽은 외식업 3대 키워드 🚩13조 소비쿠폰, 외식업에도 훈풍? 🚩외식업, 이제는 육각형 전략이 답!  📩 매주 금요일, 뉴스레터로 받아보고 싶다면? 👉 프로필 링크에서 구독 신청하세요! @insight_platform   #인사이트플랫폼 #외식업트렌드 #식자재이슈 #FNB업계 #배달앱이슈 #프랜차이즈뉴스 #소상공인지원 #브랜드전략 #실무인사이트 #외식업마케팅"".","#인사이트플랫폼, #외식업트렌드, #식자재이슈, #FNB업계, #배달앱이슈, #프랜차이즈뉴스, #소상공인지원, #브랜드전략, #실무인사이트, #외식업마케팅",70,,0,2025-07-04 1:12,https://www.instagram.com/p/DLqrfBxzMAQ/,TRUE
CU,인스타그램,,"""ㅤ 혈액순환이 살아야 하루가 산다! CU 혈행건강으로 하루의 흐름을 시작하세요💧  📌 종근당)혈행건강10정 / 5,000원 / 1+1 증정! 📌 EPA 및 DHA 함유 유지 📌 비타민E 1일 영양성분기준치 대비 100%  지금 전국 약 6천개 CU에서 건강기능식품을 가장 가깝게 만나보세요!  오직 CU에서만! ☑ 개당 5,000원에 상시 1+1 👉 개당 2,500원 ☑ 6개 구매시 12,000원 👉 개당 2,000원  ☑ 종근당 9종 상품 간, 교차 구매 가능!  🔍 건강기능식품 판매 점포 및 재고 조회는 포켓CU APP에서 확인하세요⚡  #헬CUP #헬씨업 #건강기능식품 #건기식 #CU건기식 #혈행건강 #비타민E #CU #씨유 #당신의_좋은친구_CU  - 판매원 : ㈜종근당 - 제조원 : 코스맥스엔비티"".","#헬CUP, #헬씨업, #건강기능식품, #건기식, #CU건기식, #혈행건강, #비타민E, #CU, #씨유, #당신의_좋은친구_CU",102,,0,2025-08-28 12:02,https://www.instagram.com/p/DN5eE0RjJQW/,TRUE
CU,인스타그램,,"""⠀ #EVENT  어라.. 이거.. 난가..? 이제는 건강도 미리미리 챙겨야 할 때! ꒰ง'̀꒳'́꒱ง ✧  4월 나의 건강 루틴 CU와 함께 START!  🍀 건강기능식품 정제형 17종 ① 5개 이상 구매 시 10,000원 ② 토스페이 머니/계좌 결제 시 추가 50% 할인! ㄴ 5개 이상 결제할인 구매 시 개당 1,000원! ※ 교차할인 대상 : 종근당 9종 / 동아제약 8종  ※ 5개 미만 결제 시 미적용 ※ 1회 최대 할인한도  20,000원  🗓 행사기간 ① 5개 10,000원 행사 : 별도 안내시까지 ② 토스페이 결제 할인 행사 : 4/1(수) ~ 4/30(목)  ※ 판매원 : ㈜종근당 ※ 제조원 : 코스맥스엔비티, 네추럴웨이, 메디오젠  ※ 판매원 : ㈜동아제약 ※ 제조원 : 서흥, 코스맥스바이오  💬 댓글 EVENT 💬 건강 충전이 필요한 설늙은이 친구를 태그해 건강기능식품 할인 행사 소식을 알려주세요! 추첨을 통해 선물을 드립니다 🎁  ✅ CU 공식 인스타그램 팔로우 필수 ✅ 이벤트 기간: 4/3(금) ~ 4/10(금) ✅ 당첨자 발표: 4/17(금) *DM 개별 발표 ✅ 경품: CU 모바일 상품권 5천원권 (10명)  #건강기능식품 #건기식 #CU건기식 #CU할인 #CU행사 #할인행사 #CU프로모션 #CU #씨유 #CU편의점 #당신의_좋은친구_CU"".","#EVENT, #건강기능식품, #건기식, #CU건기식, #CU할인, #CU행사, #할인행사, #CU프로모션, #CU, #씨유, #CU편의점, #당신의_좋은친구_CU",579,,606,2026-04-03 3:31,https://www.instagram.com/p/DWp4wVDEcRO/,TRUE
CU,인스타그램,,"""ㅤ 오늘도 내일도 건강하게! 간편한 건강 습관, CU에서 시작하자✨  가장 가까운 건강 플랫폼! 전국 약 6천개 CU에서 건강기능식품을 더 손쉽게 만나보세요💜  🔍 헬C UP! 건강기능식품 판매 점포 및 재고 조회는? 포켓CU APP에서!  #헬CUP #헬씨업 #건강기능식품 #건기식 #CU건기식 #CU #씨유 #당신의_좋은친구_CU   ※ 판매원 : (주)종근당, 동화약품  ※ 제조원 : 코스맥스엔비티, 네추럴웨이, 메디오젠, 코스맥스바이오"".","#헬CUP, #헬씨업, #건강기능식품, #건기식, #CU건기식, #CU, #씨유, #당신의_좋은친구_CU",107,,0,2025-07-28 10:37,https://www.instagram.com/p/DMpftvEzOE3/,TRUE
CU,인스타그램,,"""구리는 화학 기호 Cu(라틴어: Cuprum)와 원자 번호 29를 가진 화학 원소입니다.   원래 많은 분들이 구리는 금속으로 알고 있죠. 전이 금속에 속하며, 특히 전기 전도성과 열 전도성이 매우 뛰어난 것으로 잘 알려져 있습니다.  ​그러나, 우리가 중요하게 다룰 것은 '영양소' 구리입니다. 영양소로서의 구리는 인체에 필수적인 미량 미네랄입니다.   인체 내에서 구리는 여러 중요한 생리적 과정에 관여하는데, 특히 효소의 활성화에 필수적인 역할을 합니다.   ​아래에서 그 역할을 자세히 다루겠지만, 잘 모르셨을 법한 점은 '콜라겐과 엘라스틴의 생산을 돕는 효소의 활성에 중요한 역할을 한다'라는 것입니다.  - 구리의 역할 (효능, 효과) (1) 효소의 활성화 (2) 에너지 생산 (3) 철분 대사 (4) 결합 조직 형성 및 유지 (5) 항산화 기능 (6) 신경계 건강 유지 (7) 면역 체계 강화  - 구리가 부족하면? (결핍) (1) 빈혈 (2) 뼈와 결합 조직의 문제 (3) 신경계 문제 (감각 이상, 운동 장애 등) (4) 면역 체계 약화 (5) 심혈관 건강 문제 (혈관 관련) (6) 콜레스테롤 수치 변화  - 구리가 넘치면? (과잉) (1) 위장 장애 (구역, 구토, 복통, 설사 등) (2) 간 손상, 간 기능 장애 (3) 두통, 현기증, 기억 상실, 우울증 등 (4) 피부 반점 (초록색 혹은 푸른색) (5) 신장 손상 (6) 적혈구 손상으로 용혈성 빈혈 (7) 심혈관 문제  - 윌슨병 (Wilson's disease) 체내에서 구리 대사가 제대로 이루어지지 않아 과도하게 축적되는 유전적 장애입니다.   주요 증상  (1) 간 질환 : 간염, 간경화, 간부전 등  (2) 신경계 증상 : 발음 장애, 손 떨림, 근육 경직, 이상한 움직임 등  (3) 정신적 변화 : 우울증, 변덕, 성격 변화 등  (4) 기타 증상 : 키저-플레이셔 고리(눈 주위에 나타나는 구리 침착으로 인한 갈색 또는 회색 고리), 신장 문제, 빈혈 등  - 구리 권장 섭취량은 하루 800㎍ 입니다.  - 구리가 많이 든 음식 (1) 해산물 : 굴, 랍스터, 새우, 연어, 게 등 (2) 견과류 : 캐슈넛, 호두, 아몬드 등 (3) 곡류 : 퀴노아, 통밀, 보리, 기장 등 (4) 채소 : 시금치, 칼레, 브로콜리, 감자 등 (5) 과일 : 아보카도, 망고, 바나나, 파인애플 (6) 육류 : 소간, 돼지 간, 양고기, 소고기 등  - 구리 섭취 주의사항 (1) 약물 상호작용 ex. 페니실라민, 티아민, 알로푸리놀 등 (2) 아연과의 상호작용 (적정량) 주의 (3) 특정 건강 문제, 유전적 조건 주의 . . . 본 포스팅에서는 축약하여 올린 것이고, 자세한 내용과 건강, 라이프스타일을 다루는 정보들은 블로그에 있습니다. . . . . . #구리 #무기질 #비타민 #미네랄 #빈혈 #윌슨병 #건강 #필수영양소 #건강정보 #건강스타그램 #건기식 #건강기능식품 #영양제 #큐티랩 #세이치"".","#구리, #무기질, #비타민, #미네랄, #빈혈, #윌슨병, #건강, #필수영양소, #건강정보, #건강스타그램, #건기식, #건강기능식품, #영양제, #큐티랩, #세이치",0,,0,2024-04-13 10:40,https://www.instagram.com/p/C5stsgKhnNU/,TRUE
CU,인스타그램,,"""ㅤ #EVENT 💙 국내 판매 1위 멀티비타민, 오쏘몰 이뮨이 드디어 CU에 상륙! 💙  독일 Orthomol의 미량영양소 연구 기술로 탄생한 오쏘몰! 우리 몸에 필요한 영양소를 액상 + 정제 이중 제형으로 밸런스 있게 채우는 프리미엄 포뮬러!  이번 CU 입점으로, 바쁜 일상 속에서도 오쏘몰을 가장 빠르고 간편하게 만나보세요!  💡 이럴 때, 특히 오쏘몰이 필요해요! 새벽 골프 전에 몸이 축날 것 같을 때! 회식 자리에서 분위기 업! 팀 케어가 필요할 때! 야근 다음 날, 체력이 바닥나는 느낌일 때!  💬 댓글 EVENT 💬 오쏘몰이 지금 꼭 필요한 친구를 태그하고 CU 출시 소식을 알려주세요! 추첨을 통해 선물을 드립니다🎁  ✔ CU 공식 인스타그램 팔로우 필수 ✔ 이벤트 기간: 11/27(목) ~ 12/4(목) ✔ 당첨자 발표: 12/11(목) — DM 개별 안내 ✔ 경품: CU 모바일상품권 5천원권 (10명)  편의점에서 바로 챙기고, 회식 자리에서도 센스 있게 케어하는 순간💙  •1위 근거: 유로모니터 인터내셔널, 건강기능식품 2025 에디션, 멀티비타민 2024년 전 유통채널 소매 판매액 기준(오쏘몰 브랜드 기준) •제조원: Orthomol(독일) | 판매원: 동아제약㈜ | 건강기능식품 •본 제품은 동아제약의 건강기능식품입니다.  #오쏘몰 #이중제형비타민 #국내판매1위 #오쏘몰이뮨 #CU신상 #CU건강기능식품 #편의점신상 #CU #씨유 #CU편의점 #당신의_좋은친구_CU"".","#EVENT, #오쏘몰, #이중제형비타민, #국내판매1위, #오쏘몰이뮨, #CU신상, #CU건강기능식품, #편의점신상, #CU, #씨유, #CU편의점, #당신의_좋은친구_CU",346,,281,2025-11-27 3:52,https://www.instagram.com/p/DRi0XQTD5_4/,TRUE
CU,인스타그램,,"""ㅤ 요즘 자꾸 깜빡깜빡 한다면? 지금 CU에서 두뇌기억력을 챙겨보세요🧠  📌 종근당)두뇌기억력10정 / 5,000원 / 1+1증정! 📌 은행잎추출물로 기억력 및 혈행개선 더블케어 📌 플라보놀배당체 식약처 1일 섭취량 기준 최대함량 함유  지금 전국 약 6천개 CU에서 건강기능식품을 가장 가깝게 만나보세요!  오직 CU에서만! ☑ 개당 5,000원에 상시 1+1 👉 개당 2,500원 ☑ 6개 구매시 12,000원 👉 개당 2,000원  ☑ 종근당 9종 상품 간, 교차 구매 가능!  🔍 건강기능식품 판매 점포 및 재고 조회는 포켓CU APP에서 확인하세요⚡  #헬CUP #헬씨업 #건강기능식품 #건기식 #CU건기식 #두뇌기억력 #비타민E #은행잎추출물 #플라보놀배당체 #CU #씨유 #당신의_좋은친구_CU  - 판매원 : ㈜종근당 - 제조원 : 코스맥스엔비티"".","#헬CUP, #헬씨업, #건강기능식품, #건기식, #CU건기식, #두뇌기억력, #비타민E, #은행잎추출물, #플라보놀배당체, #CU, #씨유, #당신의_좋은친구_CU",108,,0,2025-08-22 8:05,https://www.instagram.com/p/DNpmJt-S0-T/,TRUE
CU,인스타그램,,"""ㅤ #EVENT  지금 스트레스 만땅이신가요? 테아닌 한 정으로 스트레스로 인한 긴장감을 릴렉스~  📌 하루 한번, 한 번에 한 알로 가볍게!  📌 각종 환경에서 받는 스트레스로 인한 긴장감을 싹~ 다운!  지금 전국 약 6,000개 CU에서 동아제약 건강기능식품을 만나보세요! ※ 포켓CU APP에서 판매점포 확인 및 재고 조회 필수!  ♥️ 오직 CU에서만 ♥️ 동아제약)셀파렉스테아닌 10정 5,000원 ✔️ 상시 1+1 행사진행(개당 2,500원) ✔️ 동아제약 8종 상품 간 교차구매 가능  ⭐특별할인 행사⭐ ① 11/1(일)~16(토) 16일간! ② 6개 구매시 67% 할인→개당 825원  💬 댓글 EVENT 💬 스트레스에 갇힌 친구들 모여! 스트레스를 풀어주고 싶은 친구들에게 소문내주세요. 추첨을 통해 선물을 드립니다.  ✅ CU 공식 인스타그램 팔로우 필수! ✅ 이벤트 기간: 11/14(금)~11/21(금) ✅ 당첨자 발표: 11/28(금) *당첨자 개별 DM 발표 ✅ 경품: CU 모바일상품권 5천원권 (5명)  -판매원 : (주)동아제약 -제조원 : (주)서흥  #동아제약 #셀파렉스 #건강기능식품 #CU #씨유 #CU편의점 #당신의_좋은친구_CU"".","#EVENT, #동아제약, #셀파렉스, #건강기능식품, #CU, #씨유, #CU편의점, #당신의_좋은친구_CU",308,,272,2025-11-14 2:00,https://www.instagram.com/p/DRBPLFVDVXZ/,TRUE
CU,인스타그램,,"""ㅤ 회식, 야근 잦은 직장인을 위한 필수 건강기능식품 밀크씨슬도 CU에서는 1+1✨  📌 종근당)간건강10정 / 5,000원 / 1+1증정! 📌 간 건강 실리마린 식약처 1일 섭취 기준 100% 함유  지금 전국 약 6천개 CU에서 건강기능식품을 가장 가깝게 만나보세요!  오직 CU에서만! ☑ 개당 5,000원에 상시 1+1 👉 개당 2,500원 ☑ 6개 구매 시 12,000원 👉 개당 2,000원  ☑ 종근당 9종 상품 간, 교차 구매 가능!  🔍 건강기능식품 판매 점포 및 재고 조회는 포켓CU APP에서 확인하세요⚡  #헬CUP #헬씨업 #건강기능식품 #건기식 #CU건기식 #간건강 #밀크씨슬  #CU #씨유 #당신의_좋은친구_CU   - 판매원 : ㈜종근당 - 제조원 : 코스맥스엔비티"".","#헬CUP, #헬씨업, #건강기능식품, #건기식, #CU건기식, #간건강, #밀크씨슬, #CU, #씨유, #당신의_좋은친구_CU",95,,0,2025-08-06 1:00,https://www.instagram.com/p/DM_o4vUCULP/,TRUE
CU,인스타그램,,"""#광고 이제 가까운 CU에서 건강을 챙긴다!? 바쁘고 정신 없는 우리를 위한 꿀팁 등장이요💊  CU에서만 가능한 1+1 Crazy한 혜택🔥 눈 건강, 장 건강, 뼈 건강… 내 몸 상태 보고 골라 담자!  게다가 종근당 9종 전부 교차 구매까지 된다니 이건 ㄹㅇ 효율 갑🎯  오직 CU에서만! ☑ 개당 5,000원에 상시 1+1 👉 개당 2,500원 ☑ 20일치에 2,500원 꼴!! 그냥 갓성비 💯  @@집 앞 CU에서 함께 건강 챙길 친구 태그 ㄱㄱ  #EVENT CU에서 건강 루틴 함께 시작하고 싶은 친구를 댓글로 태그하고 CU 건강기능식품 판매 소식을 알려주세요!  ✔이벤트 기간: 8/20(수) ~ 8/27(수) ✔당첨자 발표: 9/3(수) *개별 DM으로 발표 예정입니다 ✔경품: CU모바일상품권 3,000원 (20명)  #CU #씨유 #헬CUP #헬씨업 #건강기능식품 #건기식 #CU건기식 #종근당  - 판매원 : (주)종근당 - 제조원 : 코스맥스엔비티, 네추얼웨이, 메디오젠  ※ 해당 게시물 재업로드 되었습니다. ※ 이전 기존 게시물을 통해 댓글 이벤트 참여해주신 분들 모두 이벤트 참여 정상 인정되는 점 안내 드립니다."".","#광고, #EVENT, #CU, #씨유, #헬CUP, #헬씨업, #건강기능식품, #건기식, #CU건기식, #종근당",523,,14,2025-08-21 9:03,https://www.instagram.com/p/DNke146xQg6/,TRUE
CU,인스타그램,,"""ㅤ #EVENT  벌써 하나 둘 가득해지는 연말 일정, 다가오는 송년회가 두려우신가요?! 👀  잦은 회식으로 더부룩해진 속을 뻥 뚫어줄 육식파 키위효소를 CU에서 만나보세요! 🥝  📌 그린 키위의 액티니딘과 파인애플의 브로멜라인 효소로 단백질을 동시에 소화! 📌 탄수화물 분해효소 아밀라아제로 탄수화물까지 동시에! 📌 효소 특유의 쿰쿰한 맛 NO! 맛있게 새콤달콤한 키위맛으로 입까지 시원하게!  지금 전국 약 6,000개 CU에서 동아제약 건강기능식품을 만나보세요! ※ 포켓CU APP에서 판매점포 확인 및 재고 조회 필수!  💜오직 CU에서만💜 동아)육식파키위효소3g 2,000원 ✔ 12월 1+1 행사 진행! -식품유형 : 효소식품 -유통전문판매원 : (주)동아제약 -제조원 : 코스맥스바이오(주)   💬 댓글 EVENT 💬 다가오는 연말 송년회, 육식파 키위효소가 가장 필요할 것 같은 친구를 태그해주세요! 추첨을 통해 선물을 드립니다🎁  ✅ CU 공식 인스타그램 팔로우 필수! ✅ 기간: 11/21(금)~11/28(금) ✅ 당첨자 발표: 12/5(금) *당첨자 개별 DM 발표 ✅ 경품: CU 모바일상품권 5천원권 (10명)  #동아제약 #육식파 #육식파키위효소 #송년회 #연말회식 #건강기능식품 #CU #씨유 #CU편의점 #당신의_좋은친구_CU"".","#EVENT, #동아제약, #육식파, #육식파키위효소, #송년회, #연말회식, #건강기능식품, #CU, #씨유, #CU편의점, #당신의_좋은친구_CU",422,,318,2025-11-25 6:00,https://www.instagram.com/p/DRUEQOdEcav/,TRUE
CU,인스타그램,,"""ㅤ #EVENT  유독 금방 지쳐버린 오늘. 밀크씨슬 한 정으로 지금이순'간' 케어 !  📌 하루 한번, 한 번에 한 알로 가볍게!  📌 간건강 대표성분 밀크씨슬로 간피로 집중 케어!  지금 전국 약 6,000개 CU에서 동아제약 건강기능식품을 만나보세요! ※ 포켓CU APP에서 판매점포 확인 및 재고 조회 필수!  ♥️ 오직 CU에서만 ♥️ 동아제약)셀파렉스밀크씨슬 10정 5,000원 ✔️ 상시 1+1 행사진행(개당 2,500원) ✔️ 동아제약 8종 상품 간 교차구매 가능  💬 댓글 EVENT 💬 스트레스에 갇힌 친구들 모여! 스트레스를 풀어주고 싶은 친구들에게 소문내주세요. 추첨을 통해 선물을 드립니다.  ✅ CU 공식 인스타그램 팔로우 필수! ✅ 이벤트 기간: 11/18(화)~11/25(화) ✅ 당첨자 발표: 12/2(화) *DM 개별 발표 ✅ 경품: CU 모바일상품권 5천원권 (5명)  -판매원 : (주)동아제약 -제조원 : (주)서흥  #동아제약 #셀파렉스 #건강기능식품 #CU #씨유 #CU편의점 #당신의_좋은친구_CU"".","#EVENT, #동아제약, #셀파렉스, #건강기능식품, #CU, #씨유, #CU편의점, #당신의_좋은친구_CU",299,,274,2025-11-18 2:00,https://www.instagram.com/p/DRLiXO0jRuL/,TRUE
