content_url,comment_text
https://www.instagram.com/p/DWSmVytyJX2/,@little_yaksa 고려은단 비타민 함량이 낮다고 해서 일부러 안먹었는데요 해외거에 비하면 미량인가요?
https://www.instagram.com/p/C5ioy8VSokn/,@hazzi_motd #영양제 #피로회복제 #환절기면역력 #면역력 #환절기면역템 #밀크씨슬 #멀티비타민 #올리브영비타민 #올영추천템 #올영세일추천템 #간피로
https://www.instagram.com/p/C2mIePyvCyv/,"@seoa_feela 콜라겐구미 진짜 너무 맛있어요🤣 젤리 땡길땐 무조건 요고입니당,,🩷🩷"
https://www.instagram.com/p/Cr2-J6Cp4Bd/,@heathers__m 비타민B 피곤을 확 날려주더라구요 👍🏻👍🏻🥰
https://www.instagram.com/p/CDJnL0gHJxt/,#알유21 #알유이십일 #ru21 #비타민추천 #비타민c #비타민b #글루코스 #L시스틴 #스테아린산마그네슘 #몸에좋은거 #비타민추천 #올리브영비타민제 #올리브영비타민 #올리브영영양제 #수험생선물 #직장인피로 #숙취해소제 #알유21필수
https://www.instagram.com/p/DP3bqH0DwnK/,#에스더포뮬러 #파워퍼프걸 #파워퍼프걸에디션 #파워퍼프걸콜라보 #여에스더글루타치온 #글루타치온필름 #종합비타민 #멀티비타민 #오메가3 #밀크씨슬 #이뮨샷 #이뮨비타민 #이뮨비타민샷 #비타민C #리포좀비타민C #올리브영 #올리브영영양제
https://www.instagram.com/p/C5FUOPzP1Ey/,@syjuknow #굿슬립가바 #직장인영양제 #가바영양제 #영양제추천 #올리브영영양제 #코스트코영양제 #꿀잠템 #숙면템
https://www.instagram.com/p/DO5wWSxEhjM/,@food_st.yle #강민샷 #스트롱패스트 #김강민공동개발 #실리마린밀크씨슬 #마그네슘 #운동선수영양제 #영양제추천 #직장인영양제 #직장인비타민 #직장인추천 #수험생영양제 #간영양제 #피로회복 #피로회복제 #올리브영꿀템 #올리브영추천템 #올리브영추천제품 #올리브영영양제 #올리브영비타민 #올영추천템 #비타민추천
https://www.instagram.com/p/DXHgaikjwnr/,@rnjsdnr010 #oliveyoung #allthebetter #オリヤン #むしろ良い #젤리 #눈건강루테인 #영양제 #루테인 #올리브영추천 #올리브영영양제 #루테인구미 #루테인젤리 #ルテイン #ルテインゼリー #ゼリー #オリーブヤング #올영 #데일리
https://www.instagram.com/p/Czq5JBpStuM/,@ring___s 요즘은 다양한 영양제가 많은 것 같아용!👍🏻🤍
https://www.instagram.com/p/C6Jkk9OPP9e/,@syjuknow #굿슬립가바365 #꿀잠캠프 #꿀잠트래블러 #수면영양제 #수면건강기능식품 #수면장애 #굿슬립가바 #직장인영양제 #가바영양제 #영양제추천 #올리브영영양제 #코스트코영양제 #꿀잠템 #숙면템
https://www.instagram.com/p/C5av3D8vKnY/,@__sehee_kim #굿슬립가바#가바365#꿀잠캠프#꿀잠트래블러#수면영양제#수면장애#직장인영양제#수면영양제#영양제추천#올리브영영양제#싱잉볼#singingball#요가
https://www.instagram.com/p/CyXwV54SvNc/,@dailyen_home 영양제가 꾸준히 먹는게 은근히 어려운 것 같아용🤣❤️
https://www.instagram.com/p/C5XhFQxSxWm/,@hyemue 이제는 멀티비타민 징짜 챙겨먹어야되는😭💚
https://www.instagram.com/p/C5iNALsLrss/,@joooo0_sz #굿슬립가바 #직장인영양제 #가바영양제 #영양제추천 #올리브영영양제 #코스트코영양제 #꿀잠템 #숙면템 #운동하는직장인 #운동하는여자
https://www.instagram.com/p/DX5vd0NBe0K/,@ckd_official_store #종근당 #종근당다이소 #데일리와이즈 #다이소영양제 #다이소건기식
https://www.instagram.com/p/DWjer29mK72/,@quaaa_bh 맛이 너무 없더라구요.. 철분제 먹으면 변비도 생길 수 있습니다. 입문용으로 다이소도 좋지만 솔가 철분제 추천합니다. 먹기 편하고 변비도 없어서 임산부 철분제로 많이들 먹는 제품입니다
https://www.instagram.com/p/DT4RV5gAQ5Z/,@thetrippick #다이소 #다이소영양제 #영양제 #건기식 #건강기능식품 #가성비 #정보 #정보공유 #꿀팁 #꿀팁공유
https://www.instagram.com/p/DO7V9_nDdQl/,@moonej04 비타민c
https://www.instagram.com/p/DXvyOiWlHKC/,@khff.official #한국건강기능식품협회 #건강기능식품 #건기식 #협회 #자격증 #민간자격증 #건강기능식품컨설턴트 #전문가 #홍보 #판매 #영업 #한국직업능력연구원 #규제과학 #식약처 #식품의약품안전처 #취업 #스펙
https://www.instagram.com/p/DPDt5iXEWWd/,#건강특별시 #동아동 #알짜동생 #셀파렉스 #비타민C #비타민 #즉시비타민 #편의점비타민 #편의점영양제 #영양제 #건강기능식품
https://www.instagram.com/p/DX6TL68u0eo/,@seohyuii #센트룸멀티비타민 #센트룸우먼더블업 #센트룸맨더블업 #센트룸타마플렉스 #센트룸멀티구미 #센트룸원데이팩 #센트룸데이 #centrum #웰니스 #영양제
https://www.instagram.com/p/DIz_t2ESdfz/,@attention.point #고려은단 #비타민 #영양제 #이슈 #소식 #뉴스 #매거진
https://www.instagram.com/p/DYBz0IUgenD/,@gutsys.official #것시스 #gutsys #웰니스 #유산균 #혈당컷프로 #혈당케어
https://www.instagram.com/p/DYMKzKuz4oa/,@kimlove__500 #선물추천 #독일비타민#비타민추천#오쏘몰이뮨#오쏘몰비타민
https://www.instagram.com/p/DYV6nu1p092/,@lovelyn210 #haroutine #오늘 #멀티비타민 #비타민C #GOAL #손흥민 #연령 #30대 #카테고리 #골프 #여행 #등산 #요리
https://www.instagram.com/p/DYBdWIjTApp/,#광고 #센트룸 #센트룸데이 #멀티비타민 #센트룸멀티비타민 #센트룸우먼더블업 #센트룸맨더블업 #센트룸타마플렉스 #센트룸멀티구미 #센트룸원데이팩 #비타민 #오프라인행사 #Centrumday
https://www.instagram.com/p/DYWSlHXyqjN/,@mari_stellaaaaa 비타민 필수템..ㅎ
https://www.instagram.com/p/DYB6ZMdS3sc/,@kimga._.ne 맞춤형 건강기능식품은 '로고'가 표시되어 있다는 점도 같이 참고 부탁드려요!
https://www.instagram.com/p/C6FWINzvHQT/,@dongkook_healthcare #동국제약 #마이핏 #마이핏V #멀티비타민 #비타민 #비타민추천 #액상비타민 #고함량비타민 #이뮨 #이뮨샷 #영양제 #영양제추천 #직장인추천템 #건강 #부모님선물 #어버이날선물 #친구선물 #영양제선물 #효소 #효소추천 #아연 #포스파티딜세린 #선물추천 #건강관리 #관리템
https://www.instagram.com/p/DYGXBQHz8Yc/,@someda._.ily #프리미엄멀티비타민 #피카츄 #피카츄굿즈 #오쏘몰피카츄 #피카츄키링 #피카츄마그넷 #오쏘몰이뮨ODP #오쏘몰신제품 #이뮨파우더 #구강용해파우더 #포켓몬스터 #올리브영 #파이리 #파이리굿즈 #오쏘몰파이리 #파이리키링 #파이리마그넷
https://www.instagram.com/p/DYesqs-hoeS/,@ddddo_0e #수면팩 #슬리핑팩 #진정팩 #수딩겔 #오디큐팩 #원오오 #원오오오디큐팩 #오디큐 #피부영양제 #영양제 #피부케어 #진정케어 #트러블케어 #민감피부 #보습케어
