brand_name,account_name,platform_name,title,caption_text,hashtags,like_count,view_count,comment_count,upload_date,content_url
다이소,inssa_elf,인스타그램,,"어제자 출시한 다이소 영양제 실사 뜸ㄷㄷ💊 루테인부터 오메가3, 콜라겐, 철분, 칼슘 등등 건기식 싹 다 있는데 걍 약국 아니냐곸ㅋㅋㅋ @@와 ㅁㅊㄸ 다이소 털러 가야됨;;;;;;;;;;;;; . . #다이소 #다이소영양제 #칼슘 #멀티비타민 #건기식 #건강기능식품 #좋아요 #팔로우 #다이소건강기능식품 #다이소건기식 #루테인 #오메가3"".","#다이소, #다이소영양제, #칼슘, #멀티비타민, #건기식, #건강기능식품, #좋아요, #팔로우, #다이소건강기능식품, #다이소건기식, #루테인, #오메가3",2553.0,,80.0,2025-02-25 01:30:04,https://www.instagram.com/p/DGejjiGzaV4/
다이소,mintpeople_,인스타그램,,"✔다이소에서 최.초.로 이 제품 출시된 거 알고 있나요?  (보이면 바로 쟁이세요!!)  #제품제공  다이소에서 최초로 출시된 건강기능식품 3종을 들고왔습니다📢  ❤️ 자연관 위블리즈 이뮨 멀티비타민&미네랄 요즘 유행하는 액상+정제 비타민이 다이소에?! 휴대가 간편해서 언제 어디서든 편하게 먹을 수 있더라구요-! 망고피치맛으로 맛있는 비타민이라 부담없이 먹기 좋고,  패키지도 깔끔하고 예뻐서 나에게 선물해주기 좋은템✨✨  ❤️ 자연관 홍삼정 에너타임 간편하게 쭉 짜먹을 수 있는 스틱형 홍삼 제품이 다이소에?! 국내산 6년근 홍삼이고, 건강기능식품이라  믿고 먹을 수 있겠더라구요-! 어디서든 간편하게 먹을 수 있어서 가방에 하나씩 쏙쏙👌🏻  ❤️ 자연관 정성 담은 배도라지스틱 온 가족용 건강스틱! 스틱형 배도라지스틱! 국내산 배&도라지가 함유되어 달콤하게 즐길 수 있고 아주 간편해서 목이 답답하고 칼칼할때 이제 다이소로 달려가세요💨  📍다이소 전 지점  더 많은 소식은 @mintpeople_"".",#제품제공,,,,2025-11-28 00:10:46,https://www.instagram.com/p/DNU8s5MR9jv/
다이소,dodomi_hayoon,인스타그램,,"#협찬 @dongkook_healthcare   아직도 다이소에서 생활용품만 사세요?   저는 건강한 삶을 위해 현명한 소비!  혈당관리도 다이소에서 구매해요~ 🌿바로 다이소 건강식품 코너에 동국제약 건식사업부에서 출시한 혈당케어 유산균 신제품이 나왔거든요~ 하루 1캡슐로 식후 혈당 상승 억제 및 장 건강을 한 번에 도움을 받을수 있는데. 가격도 너무 착해서 꾸준히 섭취하면서 도움을 받고있답니다! 평소에 혈당관리가 고민이기도 했고. 특히 화장실이 불편한 저에게는 하루 1캡슐에 20억 유산균 수를 보장하는점도 매력적이더라구요~  평소에 가기고 다니면서 식후에 바로 섭취하는데 250mg 초소형 캡슐로 목 넘김이 편해 누구라도 편안하게 섭취할수있어서 좋아요~ 혈당케어&유산균이 필요하신 분들이라면 바로! 다이소에서 겟! 하세요~✨️  #동국제약 #다이소 #혈당유산균 #혈당케어유산균 #다이소유산균 #다이소혈당유산균 #다이소신상 #다이소건강기능식품 #다이소건강식품 #혈당케어 #동국제약유산균"".","#협찬, #동국제약, #다이소, #혈당유산균, #혈당케어유산균, #다이소유산균, #다이소혈당유산균, #다이소신상, #다이소건강기능식품, #다이소건강식품, #혈당케어, #동국제약유산균",721.0,,16.0,2025-10-27 13:16:02,https://www.instagram.com/p/DQUF9rZEiHK/
다이소,izitmag_,인스타그램,,"다이소(@daisolife)의 건강기능식품(건기식) 시장 도전이 위기를 맞았습니다.💊🏬 일양약품이 판매 5일 만에 철수를 선언했고, 판매 중인 대웅제약과 추진 중이던 종근당건강도 중단을 검토하고 있습니다. 다이소는 지난 24일 약국 가격의 5분 1 수준(1개월 분 기준 3000~5000원 대)으로 저가 건기식 시장에 뛰어들었는데요. 시작부터 부작용이 컸습니다.💨 매출 하락을 우려한 약사들이 거세게 반발했고, 일부 약사들은 다이소 입점 업체에 대한 불매 움직임까지 보였죠. 일양약품은 조기 철수의 이유를 공개하지 않았는데요. 약국가의 심상치 않은 반응 때문이라는 것이 지배적이죠. 다이소의 저가 영양제. 사라지게 될까요?🤔  📷 다이소, 대웅제약  #다이소 #일양약품 #대웅제약 #종근당건강 #종근당 #건강기능식품 #영양제 #다이소영양제 #다이소비타민 #건기식 #다이소건기식 #건강기능식품  #다이소건강기능식품 #이짓 #izit"".","#다이소, #일양약품, #대웅제약, #종근당건강, #종근당, #건강기능식품, #영양제, #다이소영양제, #다이소비타민, #건기식, #다이소건기식, #건강기능식품, #다이소건강기능식품, #이짓, #izit",172.0,,5.0,2025-02-28 12:16:05,https://www.instagram.com/p/DGnbxGLSxI-/
다이소,pillgram_official,인스타그램,,"올리브영에 이어 이제 다이소에서도 건강기능식품을 파는 시대!  쉽게 살 수 있는 만큼, 제대로 알고 먹는 게 더 중요하죠 💊  이번 편은 👉 다이어트 영양제 기능부터 장단점, 꿀팁까지 필그램 전문가 3인이 직접 분석한 🔍 다이소 영양제 리뷰 노트, 공개합니다!  -- 필요한 것만, 필요한 만큼만 필그램🍀"".",,9.0,,2.0,2025-08-13 00:57:18,https://www.instagram.com/p/DNRqCvBMDxk/
다이소,piny_biny_20,인스타그램,,"#협찬 🛒 유한양행 유산균이 단돈 5000원? 다이소 갔다가 눈을 의심했잖아요! 🫢  100년 전통 유한양행 유산균이 단돈 5,000원?  이건 무조건 쟁여야 하는 갓성비 템이에요! ✨  요즘 장 건강 챙기려고 유산균 알아보던 중,  다이소 영양제 코너에서 운명처럼 비피더스  유한 생유산균을 발견했어요!   5,000원이라는 착한 가격에 유한양행의  엄격한 품질 기준이 담겼다니 믿고 바로 데려왔답니다.   💟 비피더스 유한 생유산균 찐 만족 포인트  🔸100억 CFU 보장 실온에서도 무려 100억 마리 유산균을 보장해  줘서 든든해요! 특히 대장에 서식하는 비피더스균  100%라 장 건강 케어에 딱이죠.   🔸초소형 캡슐 제형 캡슐 크기가 진짜 작아서 목 넘김이 너무 편해요!  알약 잘 못 삼키는 분들도 부담 없이 매일  1캡슐씩 챙기기 좋답니다.   🔸인체 유래 균주 한국 유아의 장내에서 추출한 100% 인체 유래  비피더스 균주를 사용해서 더 안심하고 먹을 수 있어요.  프리미엄 장 건강 케어를 부담 없는 가격으로  시작하고 싶은 분들께 강력 추천드려요! 🧡  📍 지금 바로 가까운 다이소 매장에서 만나보세요!    #다이소영양제 #비피더스유한생유산균 #유한양행유산균 #다이소프로바이오틱스"".","#협찬, #다이소영양제, #비피더스유한생유산균, #유한양행유산균, #다이소프로바이오틱스",84.0,,11.0,2026-05-01 07:25:29,https://www.instagram.com/p/DXyZ7NDz5Lz/
다이소,mokhwa___,인스타그램,,"#제품제공 다이소에서 만날 수 있는 가성비 영양제, 오브맘(Ofmom) 눈건강 루테인 하루구미 🍊  요즘 하루 종일 핸드폰, 컴퓨터 보느라 눈이 시렵고 쉽게 피로해지더라구요😭  그럴땐 다이소에서 간편히 구매해서 섭취할수 있는 오브맘 루테인 구미 어떠신가요?  ✔️ 한 통에 30일분 ✔️ 하루 1 구미면 끝! ✔️ 합리적인 가격 ✔️ 구매하기 편리 ✔️ 그냥 젤리 같아서 간식 먹는 느낌❤️  #다이소건강기능식품 #다이소영양제 #가성비영양제 #오브맘  본 포스팅은 제품을 제공받아 솔직하게 작성되었습니다."".","#제품제공, #다이소건강기능식품, #다이소영양제, #가성비영양제, #오브맘",,,,2026-05-02 09:15:34,https://www.instagram.com/p/DX1LVPfgUvK/
다이소,omuk.official,인스타그램,,"🚨일양약품 다이소 건기식 철수한대요..!🚨 출시한지 5일 만에 철수라고...... (종근당건강, 대웅제약은 아직 결정 안 났다고 함..) . ✍️에디터 포도 . . . #다이소건기식 #건강기능식품 #다이소 #다이소건강기능식품 #일양약품 #영양제 #다이소영양제 #일반 #오늘뭐먹지"".","#다이소건기식, #건강기능식품, #다이소, #다이소건강기능식품, #일양약품, #영양제, #다이소영양제, #일반, #오늘뭐먹지",2056.0,,96.0,2025-02-28 03:28:25,https://www.instagram.com/p/DGmdeU5va9a/
다이소,hoy_1026,인스타그램,,". . 요즘 다이소에도 건강기능식품 나오는 거 알고 있었어요? 👀 가성비 좋다고 해서 궁금했는데 이번에 직접 먹어봤어요!  제가 선택한 건 오브맘 눈건강 루테인 하루구미 💜 하루 한 번 간편하게 챙겨 먹을 수 있어서 너무 편하고 구미 타입이라 약 느낌 없이 맛있게 먹기 좋아요 👍  블루베리맛이라 맛있는 젤리처럼 느껴져서 아이도 부담 없이 잘 먹어서 꾸준히  챙겨먹기로 했어요 :)  평소에 핸드폰, 컴퓨터 많이 쓰다 보니까 눈이 자주 피로했는데 이런 식으로 가볍게 관리할 수 있는 게 좋은 것 같아요  패키지도 깔끔하고 휴대하기 좋아서 밖에서도 챙겨 먹기 딱이에요  다이소에서 쉽게 구매할 수 있는 가성비 영양제라 부담 없이 시작하기 좋은 느낌!  #다이소건강기능식품 #다이소영양제 #가성비영양제 #오브맘 #루테인구미  본 포스팅은 제품을 제공받아 솔직하게 작성되었습니다."".","#다이소건강기능식품, #다이소영양제, #가성비영양제, #오브맘, #루테인구미",18.0,,0.0,2026-04-25 06:15:47,https://www.instagram.com/p/DXivR6lFNZa/
다이소,mio_o.re,인스타그램,,"#협찬 다이소에 가성비 대박 건강기능식품이⁉️ 요즘 건강 챙기려고 이것저것 알아보던 중 다이소에서 만난 #동국제약 혈당케어 & 유산균 💕  ✔ 혈당 관리가 필요한 분들 ✔ 장 건강까지 함께 챙기고 싶은 분들  혈당 조절에 도움을 줄 수 있는 ‘알로에 전잎’과 프로바이오틱스 유산균을 한 번에 섭취할 수 있어서 하나만 챙겨도 간편하고 굿🙌  무엇보다도 💸 다이소에서 쉽게, 부담 없이 구매 가능하다는 점이 제일 매력적이더라고요😉  이제 다이소에서 건강까지 챙겨보자구요~ 💪  📍판매처: 전국 다이소 매장 . . . @dongkook_healthcare #협찬 #동국제약 #다이소 #혈당유산균 #다이소유산균 #다이소혈당유산균 #다이소신상 #다이소건강기능식품 #다이소건강식품 #혈당케어"".","#협찬, #동국제약, #협찬, #동국제약, #다이소, #혈당유산균, #다이소유산균, #다이소혈당유산균, #다이소신상, #다이소건강기능식품, #다이소건강식품, #혈당케어",,,,2025-10-27 06:32:00,https://www.instagram.com/p/DQTX4K2kWbv/
다이소,mi___jin2,인스타그램,,"#협찬  다이소에서 만난 가성비 건강템✨  요즘 눈이 너무 피로해서 챙겨본  #다이소영양제 #오브맘 루테인 하루구미!  ✔️ 패키지 & 구성   30일분 구미 4박스로 넉넉하게 구성되어 있어서  꾸준히 챙기기 좋아요.  개별 포장이 아니라 통에 담겨 있어  집에서 간편하게 꺼내 먹기 딱👍  ✔️ 섭취 방법 & 간편함   하루 1~2구미만 챙기면 끝!  물 없이도 먹을 수 있는 구미 타입이라  바쁜 아침이나 외출 전에도  부담 없이 섭취 가능해요.  가방에 쏙 넣어 다니기도 좋아서  #가성비영양제 인정✨  ✔️ 직접 느낀 점   쫀득한 식감에 달콤한 맛이라  간식처럼 챙기기 좋았어요.  평소 스마트폰, 컴퓨터 많이 사용하는 분들께 특히 추천!  눈 건강 관리, 이렇게 간편할 줄이야😊  “합리적인 가격, 믿을 수 있는 건강기능식품”  가볍게 시작하기 좋은  #다이소건강기능식품 찾는다면 추천해요💛  다이소추천템 건강기능식품  눈건강 루테인 오브맘 다이소"".","#협찬, #다이소영양제, #오브맘, #가성비영양제, #다이소건강기능식품",189.0,,0.0,2026-05-02 13:46:02,https://www.instagram.com/p/DX1qSNNE-oW/
다이소,smy2166,인스타그램,,"#협찬 👀 평소 다이소 가면 생활용품만 보다가 건강기능식품 코너까지 꼭 들르게 되더라고요✨ 이번엔 오브맘 눈건강 루테인 하루구미로 가족들 눈 건강까지 챙겨봤어요💜  30일분 구성에 구미 타입이라 하루 한 개씩 간편하게 챙기기 좋고, 블루베리맛이라 부담 없이 먹기 편했던 점도 만족스러웠어요. 무엇보다 식구별로 하나씩 챙겨도 가격 부담이 적어서 가족 건강 루틴용으로 괜찮더라고요👏  스마트폰, 태블릿, PC 사용 많은 요즘 마리골드꽃추출물(루테인) 함유로 눈 건강 관리까지 생각할 수 있고, 다이소 건강기능식품답게 합리적인 가격이라 가성비 영양제 찾는 분들께도 눈길 갈 만했어요.  다이소 영양제 뭐 살지 고민된다면 오브맘처럼 간편한 하루 구미 타입도 한 번 체크해보세요💡 가볍게 시작하기 좋은 다이소 건강기능식품 추천템!  #다이소건강기능식품 #다이소영양제 #가성비영양제 #오브맘"".","#협찬, #다이소건강기능식품, #다이소영양제, #가성비영양제, #오브맘",,,,2026-05-02 04:37:21,https://www.instagram.com/p/DX0rfgRj6LF/
다이소,huhuda_s,인스타그램,,"#협찬 요즘 눈 침침함 대박이라 다이소 갔다가 득템한 꿀템 소개드립니다. 진짜 저처럼 하루 종일 폰 보고 모니터 보는 사람들은 무조건 추천드립니다.  #오브맘눈건강루테인하루구미 아니, 이게 영양제 맞냐구요..? 그냥 맛있는 젤리 그 자체! 영양제 챙겨 먹기 귀찮아하는 저도 이건 눈에 보일 때마다 자꾸 손이 가서 큰일이에요 ㅋㅋ  쫀득쫀득 식감 미쳤고 씹는 재미가 있어서  업무 중에 당 충전용으로 딱이에요. 가성비 끝판왕 다이소 제품이라 가격 착한 건 기본,  근데 성분은 프리미엄 KATRA 원료라고 해요.  이제 물 없이도 맛있게 챙겨보세요!  #다이소건강기능식품 #가성비영양제 #오브맘"".","#협찬, #오브맘눈건강루테인하루구미, #다이소건강기능식품, #가성비영양제, #오브맘",1.0,,2.0,2026-04-28 00:24:19,https://www.instagram.com/p/DXp7W0gDyGg/
다이소,cocororush,인스타그램,,"#협찬 #오브맘 #다이소영양제 #가성비영양제 #루테인   👋 하루 종일 스마트폰 보는 눈, 저만 피곤한 거 아니죠?  🔆 스마트폰 보고, 노트북 보고, 다시 폰 보고… 눈이 하루 종일 야근하는 느낌이라 눈 건강 관리도 이제는 간편하게 챙겨보려고 해요.  ✔️ 오브맘 눈건강 루테인 하루구미 다이소에서 만날 수 있는 건강기능식품  ✔️ 구성 눈건강 루테인 하루구미 30일분 하루 1개씩, 한 달 동안 간편하게 챙길 수 있는 구성이에요.  🔆 패키지에 적힌 ""우리가족 눈건강 루틴""이라는 문구처럼 스마트폰, 노트북, 태블릿까지 자주 보는 요즘 일상에서 하루 1개로 간편하게 챙길 수 있다는 점이 마음에 들었어요.  ✔️ 주요 포인트 마리골드꽃추출물, 루테인 함유 세계적으로 손꼽히는 프리미엄 원료  KATRA PHYTOCHEM社 원료 사용  ⭕️ 제일 마음에 들었던 건 섭취가 정말 간편하다는 점이에요. 알약처럼 물이 꼭 필요한 것도 아니고,  블루베리맛 구미라 상큼하고 탱글해서 부담 없이 챙기기 좋더라고요.  🔆 요즘은 건강기능식품도 비싸게 느껴지면  꾸준히 챙기기가 쉽지 않잖아요.  오브맘 눈건강 루테인 하루구미는 합리적인 가격,  믿을 수 있는 건강기능식품이라는 포인트가 좋아서 눈 건강 루틴을 가볍게 시작해보기 좋은 제품 같아요.  본 포스팅은 제품을 제공받아 솔직하게 작성되었습니다."".","#협찬, #오브맘, #다이소영양제, #가성비영양제, #루테인",28.0,,44.0,2026-04-29 12:04:47,https://www.instagram.com/p/DXts5oOCQIS/
다이소,sh1016sh,인스타그램,,"#협찬 #유한양행 #장건강유한생유산균  다이소에서 이것저것 구경하고 쇼핑하는거 좋아하는데요~ 온가족 함께 챙길 수 있는 건강기능식품들도 많더라고요.  100년 역사의 신뢰 브랜드인 유한양행을 다이소에서 보다니~!!! 장건강 유한 생유산균 가격은 무려 5,000원~! 대박이죠?   유한양행이 직접 연구·개발한 4종 균주 (L.Helveticus FMT239, L.Fermentum FMT24, Lc.lactis FMT02, B.Longum FMT438)  식약처 인정받은 장건강 3중 기능성~! 유산균 증식 및 유해균 억제, 배변활동 원활, 장 건강 도움을 주는 제품이라죠.  실온에서도 안정적으로 보장되는 보장균수 20억 CFU, 400억 CFU 투입~!  고소한 누룽지맛이라 간식처럼 먹기도 좋더라고요.  1일 1포씩 간편하게 챙기기도 좋아요~  부담없는 가격으로 유한양행 장건강 유한 생유산균을 가볍게 시작해보세요~!  #다이소건기식 #다이소유산균 #유한양행프로바이오틱스 #다이소프로바이오틱스 #유한양행유산균 #유산균추천 #장건강유산균 #프로바이오틱스효능 #다이소건강기능식품"".","#협찬, #유한양행, #장건강유한생유산균, #다이소건기식, #다이소유산균, #유한양행프로바이오틱스, #다이소프로바이오틱스, #유한양행유산균, #유산균추천, #장건강유산균, #프로바이오틱스효능, #다이소건강기능식품",,,,2026-04-29 14:09:49,https://www.instagram.com/p/DXt94H7kdzQ/
다이소,hahahafam_s2_,인스타그램,,"#제품제공   요즘 하루 종일 핸드폰 + 컴퓨터 보는 시간 많아지면서 눈이 뻑뻑하고 피로감이 확 올라오더라고요 🥲 그래서 가볍게 챙겨보려고 시작한 다이소 건강기능식품 오브맘(Ofmom) 눈건강 루테인 하루구미 👀✨  ✔ 구미 타입이라 물 없이도 간편하게 ✔ 하루 한 번, 쏙 꺼내 먹기만 하면 끝 ✔ 휴대성 좋아서 가방에 넣어두고 틈틈이 챙기기 좋아요  특히 맛이 부담 없어서 영양제 느낌보다 그냥 간식처럼 먹기 편한 게 장점 👍 마리골드꽃추출물(루테인) 들어있어서 눈 건강 관리용으로 꾸준히 챙겨보려고요!  요즘처럼 바쁜 일상 속에서 👉 간편하게 챙길 수 있는 가성비 영양제 찾는다면 이런 제품도 괜찮은 선택인 것 같아요^^  합리적인 가격에 부담 없이 시작하는 다이소 영양제 확실히 접근성이 좋아서 더 손이 가는 듯!!*,*  #다이소건강기능식품 #다이소영양제 #가성비영양제 #오브맘 눈건강루테인"".","#제품제공, #다이소건강기능식품, #다이소영양제, #가성비영양제, #오브맘",0.0,,0.0,2026-05-03 02:47:54,https://www.instagram.com/p/DX3Dw2Wj7Ad/
다이소,ymwithj,인스타그램,,"#협찬 보이면 무조건 들어가보게 되는 뭐든 다 있는 다이소!  이것저것 구경하다가 건강기능식품 코너에 시선이 멈췄어요.  다양한 제품들을 쓱 둘러보는데 익숙한 로고가 딱 눈에 띄더라고요.✨  ”어? 이 가격에 유한양행?!!“  100년 신뢰의 유한양행 제품을 다이소에서 만날 수 있다니‼️ 안그래도 유산균도 똑 떨어졌기에 5000원이라는 착한 가격에 일단 겟겟   그래도 성분 확인 안할 수는 없어서 꼼꼼하게 체크하니 ✔️무려 특허받은 구강 유래 유산균 5종(1억 CFU 보장)이 함유되어 있고,  ✔️칼슘과 인 흡수에 도움을 주고 뼈 형성과 유지에 필요한 비타민D까지 알차게 들어있더라고요.  집에 와서 뜯어보니 개별 포장은 물론이고 포장 안쪽에 실리카겔이 도포되어 있어서 실온에서도 유산균이 끄떡없이 생존할 수 있도록 꼼꼼하게 설계되었더라고요.👍  무엇보다 물 없이 톡 씹어 먹는 츄어블 타입이라 언제 어디서나 먹기 편해요🙌 제로 슈가라 당 걱정도 없고, 입안에 감도는 은은한 민트향 덕분에 간식처럼 기분 좋게 챙길 수 있답니다.😘  남녀노소 누구나 부담 없이 먹을 수 있는 제품이라, 매일 간편하게 유산균 케어를 시작해보고 싶은 분들이나 가성비 좋은 건강기능식품을 찾는 분들께 프레쉬츄 유한 생유산균 적극 추천해요!  다음 다이소 방문 때는 프리바이오틱스도 같이 쟁여와야겠어요. 😉  #다이소영양제필수 #프레쉬츄유한생유산균 #다이소구강유산균 #유한양행유산균"".","#협찬, #다이소영양제필수, #프레쉬츄유한생유산균, #다이소구강유산균, #유한양행유산균",170.0,,89.0,2026-04-22 01:01:08,https://www.instagram.com/p/DXaiw4bgSRQ/
다이소,tnqls5120,인스타그램,,"“본 포스팅은 제품을 제공받아 솔직하게 작성되었습니다.”  다이소에서 만나볼 수 있는 건강기능식품 브랜드 오브맘(Ofmom)!!  합리적인 가격과 간편한 섭취 방식으로, 바쁜 일상 속에서도 건강 관리를 돕는 제품🤓  눈건강 루테인 하루구미! (30일분)👀 → 디지털 기기 사용이 많은 현대인을 위한 눈 건강 구미 → 눈 건강 관리를 위해 마리골드꽃 추출물(루테인) 함유 → 세계적으로 손꼽히는 프리미엄 원료 KATRA PHYTOCHEM社 원료 사용 → 말랑말랑 구미 형태로 언제나 편하게 섭취하기 좋아요!  #다이소영양제 #다이소추천템 #다이소건강기능식품 #가성비영양제 #오브맘"".","#다이소영양제, #다이소추천템, #다이소건강기능식품, #가성비영양제, #오브맘",7.0,,0.0,2026-05-02 11:09:27,https://www.instagram.com/p/DX1YXYsiRM7/
다이소,ggumsonge,인스타그램,,"#제품협찬 요즘 스마트폰이랑 PC를 달고 사는 저에게 딱 필요한 아이템을 찾았어요!📱👀 바로 다이소에서 만날 수 있는 #오브맘 눈건강 루테인 하루구미!  📍 이런 점이 정말 좋아요! 간편한 눈 건강 관리: 마리골드꽃추출물(루테인)이 함유되어 있어 바쁜 일상 속에서도 눈 건강을 똑똑하게 챙길 수 있어요. 프리미엄 원료: 세계적으로 손꼽히는 KATRA PHYTOCHEM사의 프리미엄 원료를 사용해 더욱 믿음이 가요. 맛있는 구미 제형: 물 없이 간식처럼 쏙! 간편하고 쫄깃한 구미 제형이라 자꾸 손이 가요. 갓성비 영양제: 다이소 제품답게 합리적인 가격으로 누구나 부담 없이 꾸준히 관리하기 좋답니다.  다가오는 여름과 환절기를 대비해 가성비 최고인 오브맘으로 일상 맞춤 건강 케어를 시작해 보세요!✨  #다이소건강기능식품 #다이소영양제 #가성비영양제 오브맘 다이어트 다이소추천템 건강기능식품 루테인추천"".","#제품협찬, #오브맘, #다이소건강기능식품, #다이소영양제, #가성비영양제",,,,2026-04-30 14:45:49,https://www.instagram.com/p/DXwniYZieZK/
다이소,wlsdud224,인스타그램,,"본 포스팅은 제품을 제공받아  솔직하게 작성되었습니다.  오브맘 눈건강 루테인 하루구미를  만나봤어요.  하루 한 번, 간편하게  구미 형태로 섭취할 수 있어서  바쁜 일상 속에서도 꾸준히  챙기기 좋더라고요. 알약이 아니라서  부담 없이 먹을 수 있고,  맛도 괜찮아서 계속 손이 가는 느낌이에요.  눈 건강을 위해  마리골드꽃추출물(루테인)이  함유되어 있고, 프리미엄 원료를 사용했다고  해서 더 믿음이 갔어요.  평소 스마트폰이나  컴퓨터 사용 많으신 분들께  특히 추천드리고 싶어요.  무엇보다 가격까지 합리적이라서 다이소에서 부담 없이 구매할 수  있는 가성비 영양제로 딱이에요.  ✔ 다이소 건강기능식품 찾으시는 분 ✔ 다이소 영양제 가볍게  시작해보고 싶은 분 ✔ 가성비 영양제 찾는  분들께 추천드립니다.  #다이소건강기능식품  #다이소영양제 #가성비영양제 #오브맘"".","#다이소건강기능식품, #다이소영양제, #가성비영양제, #오브맘",2.0,,0.0,2026-05-02 14:34:13,https://www.instagram.com/p/DX1vzKAGRvi/
다이소,inssa_elf,인스타그램,,"와 다이소 이제 영양제까지 판대욬ㅋㅋ💊 24일부터 루테인, 오메가3, 비타민 등의 건강기능식품을 500~5,000원 대에 판다고!! @@ㅁㅊㄸ 다이소 털러 가야될듯ㅠ . . #다이소 #영양제 #다이소건강기능식품 #건강기능식품 #다이소영양제 #약 #종근당건강 #오메가3 #루테인 #비타민D #비타민 #다이소비타민 #속보 #좋아요 #팔로우 #추천"".","#다이소, #영양제, #다이소건강기능식품, #건강기능식품, #다이소영양제, #약, #종근당건강, #오메가3, #루테인, #비타민D, #비타민, #다이소비타민, #속보, #좋아요, #팔로우, #추천",631.0,,12.0,2025-02-20 01:13:59,https://www.instagram.com/p/DGRpouEPvi_/
다이소,daisolife,인스타그램,,"#놀라운_천원_상품 💵  #다이소 #천원PICK 👆 #비타민  1,000원에 건강 관리 가능?🤔 YESSS!🤯⭕  오직 다이소에서만 가능한 가성비 기적💯  💛 비타민C 츄어블 ⚡씹는 순간= 비타민C 파워 충전  🍋상큼한 레몬라임맛  하루 1정으로 👉 비타민C 400 mg   💚비타민D 1000IU & 아연 츄어블 ☀️온 가족 하루 1정 = 고함량* 햇살비타민 🍇달콤한 샤인머스켓맛 DSM社 스위스산 프리미엄 비타민D 원료 + 정상적인 면역 기능을 동시에 챙기는 아연 배합!  *일일 영양성분 기준치 대비  ❌ 4가지 첨가물 無 ⭕ 낱알 포장이라 가방에 쏙- 주머니에 쏙-  오늘도 간식처럼 먹는 비타민 타임 OPEN! 🙆‍♀   ‘놀라운 가치로 즐거움과 감동’을 주는 다이소 “천원 PICK"" 상품을 만나보세요!   국민가게, 다이소~♡ >>https://blog.naver.com/daisoblog  ✔비타민C 츄어블(12정)_286314181_1000원 ✔비타민D 1000IU 아연 츄어블(12정)_286314184_1000원  #다이소신상 #다이소추천 #다이소몰 #daiso  #다이소건강기능식품   ​[ 🔎 매장 재고 조회 ] ※ 매장별 상품 재고는 상이할 수 있으며, 매장 재고 조회는 👉<하이라이트 'QnA'>에서 확인 가능합니다. ※ 문의 : 다이소 고객만족실 1522-4400"".","#놀라운_천원_상품, #다이소, #천원PICK, #비타민, #다이소신상, #다이소추천, #다이소몰, #daiso, #다이소건강기능식품",370.0,,0.0,2026-02-20 02:31:52,https://www.instagram.com/p/DU9osYZGvfg/
다이소,seo_he.eeee_,인스타그램,,"#제품제공  | 다이소 x 오브맘 |  눈건강 루테인 하루구미  생활용품, 아기용품 쇼핑하다보면 하루종일 pc, 휴대폰 손에서 놓기 힘들죠 ! 그렇다면 지금 바로 다이소로 가세요  다이소에서 만나볼 수 있는  건강기능식품 오브맘(Ofmom) 눈건강 루테인 하루구미  ʚ 마리골드꽃추출물(루테인) 함유 ʚ 세계적으로 손꼽히는 프리미엄 원료   KATRA PHYTOCHEM社 원료 사용 ʚ 맛있게 먹을 수 있는 블루베리맛 구미젤리형  건강기능식품은 사실 좋은거 알면서도 하루 한번 챙겨먹는것도 귀찮았거든요! 근데 다이소 x 오브맘 눈건강 루테인 하루구미는 간식처럼 맛있게 먹을 수 있으니 하루 한개만 먹는게 아쉬울 정도에요 ꜝ🫐  다이소 건강기능식품이라 가격부담도 없는데 원료는 프리미엄원료 !✨📣 구미 제형이라 물없이도 먹을 수 있으니 손이 더 자주가더라구요  그동안 눈 피로 자주 느끼셨던 분들이라면 오래도록 채겨먹기 좋은 부담없는 건강기능식품 다이소 x 오브맘과 함께 하세요 ₊⁺⊹ ｡ﾟ•୨♡୧•ﾟ｡  🏷 @daisolife @ofmom_korea   #다이소영양제 #다이소추천템 #건강기능식품 #루테인"".","#제품제공, #다이소영양제, #다이소추천템, #건강기능식품, #루테인",281.0,,55.0,2026-04-30 04:29:12,https://www.instagram.com/p/DXvg-Coku2Y/
다이소,muk_nyamii,인스타그램,,"#제품제공 다이소 눈건강 루테인 하루구미 @daisolife @ofmom_korea  하루종일 사무실 모니터 보고, 집에서는 블로그 포스팅한다고 모니터 보고, 영어공부하겠다고 태블릿PC 보고... 눈을 못 지키고 있는 저!!!  한 달 5천원이면 맛있게 먹을 수 있는 ""눈건강 루테인 하루구미""가 다이소에 있다고 해서 바로 챙겨봤어요!!!  알약이 아닌, 블루베리맛의 쫀득한 구미 형태라 유명 포도 젤리를 먹는 듯한 식감과 맛을 느낄 수 있어요  요즘 영양제, 건강기능식품 가격 만만치 않은데 다이소에서 5천원이라는 합리적인 가격에 구매할 수 있고 언제든 필요할 때 매장 찾아가서 구매할 수 있으니 편하더라고요!  눈 건강을 이렇게 맛있게! 편하게 챙길 수 있는 거였군 😎  맛, 향 거부감 없이 먹을 수 있어서 말 그대로 가족 모두가 오며가며 하루 1알씩 먹고 있답니다  #다이소건강기능식품 #다이소영양제 #가성비영양제 오브맘"".","#제품제공, #다이소건강기능식품, #다이소영양제, #가성비영양제",,,,2026-04-26 00:07:15,https://www.instagram.com/p/DXkv0DagYvd/
다이소,sjpark1009,인스타그램,,"#협찬  가방에 하나 쏙 넣어두면 든든한 요즘 필수템💙 #오브맘 피부건강&면역톡톡 챙겨봤어요✨  스틱형이라 물 없이 간편하게 먹기 좋고 출근길, 운전할 때, 아이들 기다리면서도  슥 먹기 편해서 무심하게 툭툭 먹습니다🙌🏻  무엇보다 이름처럼   피부건강 + 면역 케어를 동시에 챙길 수 있다는 점 아주 마음에 들었어요 1타2피 이하 쳐다도 안 보는 편🥳  알로에겔 함유되서 장건강까지 같이 관리 가능한 것도 포인트!  샤인머스캣 맛에 팝핑캔디가 톡톡 터져서 건강기능식품인데도  간식처럼 맛있게 먹게 되는 느낌🍇 맛없는거도 쳐다도 안보는 편🤣  부담 없는 가격이라 가볍게 건강 루틴 시작하기 좋은   #오브맘다이어트 아이템 ✌🏻 #다이소건강기능식품 #다이소영양제 다이소추천템   본 포스팅은 제품을 제공받아 솔직하게 작성되었습니다."".","#협찬, #오브맘, #오브맘다이어트, #다이소건강기능식품, #다이소영양제",3.0,,0.0,2026-05-12 00:40:53,https://www.instagram.com/p/DYOAYWcmXru/
다이소,d_t_pick,인스타그램,,"건강기능식품다이소 대란 있는거 아시죠?? 갈때마다 종류별 너무 없었는데 이곳은 없는게 없더라고요! 여기는 바로 영상 맨 마지막에 나와있습니다!  #다이소 #다이소득템 #다이소추천템 #다이소꿀템 #다이소건강기능식품 #건강기능식품 #다이소이순신"".","#다이소, #다이소득템, #다이소추천템, #다이소꿀템, #다이소건강기능식품, #건강기능식품, #다이소이순신",157.0,,93.0,2025-09-01 12:10:38,https://www.instagram.com/p/DODxfi0Ep2r/
다이소,lyly_review,인스타그램,,"다이소에서 챙기는 건강기능식품~ 대웅제약 멀티비타민 미네랄, 루테인  #다이소추천상품 #다이소건강기능식품"".","#다이소추천상품, #다이소건강기능식품",7.0,,0.0,2026-02-28 03:28:55,https://www.instagram.com/p/DVSVlJICUnT/
다이소,chan_lovely18,인스타그램,,"#협찬 다가오는 여름, 피부랑 면역력 둘 다 포기할 수 없어서 선택한 정착템! 💖  요즘 핫하다는 다이소 영양제, 오브맘의 '피부건강 & 면역 톡톡!' 데려왔어요! 🌿 15일분 x 3개 세트라 넉넉하게 챙길 수 있어서 굿굿! 👍  일단 스틱형이라 파우치에 쏙~ 휴대성 갑! 언제 어디서든 간편하게 톡! 뜯어 먹을 수 있어서 바쁜 일상에도 찰떡이에요.  무엇보다 맛이... 미쳤어요! 🍇 상큼달콤 샤인머스캣 맛인데, 입안에서 팝핑캔디가 톡톡! 튀어서 먹는 재미까지! 🤩 설탕 대신 프락토올리고당이랑 자일리톨을 써서 건강한 단맛이라 더 맘에 들어요.  피부 건강에 장 건강까지 챙겨주는 천연 알로에겔이 듬뿍! 장이 건강해야 면역력도 올라가는 거 아시죠? 😉 환절기라 면역력 걱정됐는데, 요 아이 덕분에 든든해요.  다이소 건강기능식품이라 가격은 합리적인데 품질은 믿을 수 있어서 가성비 영양제로 완전 추천! ✨  @daisolife 에서 오브맘 검색해 보세요! 여름 오기 전에 우리 같이 피부&면역 챙겨요! 💪  #다이소건강기능식품 #다이소영양제 #가성비영양제 #오브맘"".","#협찬, #다이소건강기능식품, #다이소영양제, #가성비영양제, #오브맘",6.0,,1.0,2026-05-02 12:54:21,https://www.instagram.com/p/DX1kXuvDw9I/
다이소,izitmag_,인스타그램,,"일양약품이 다이소에서 판매하던 건강기능식품을 출시 닷새 만에 철수하기로 결정했습니다. 회사 측은 “공식적인 입장을 별도로 내지 않을 예정이나, 다이소 건기식 철수를 결정했다”고 밝혔는데요.  소비자들은 “다이소에서 저렴하게 살 수 있어서 좋았는데 아쉽다”, “편하게 구매하고 싶었는데 왜 철수하냐”, “사먹으려고 기대했는데..” 등 아쉬움을 표하고 있습니다.  앞서 일부 약사들은 건기식의 다이소 입점 소식에 강하게 반발했는데요. 약국의 매출에 영향이 있을 것임은 물론이고, 다이소 제품은 약국 제품과 성분이나 함량에 차이가 있을텐데 거의 다르지 않다고 홍보하며 판매하는 것은 옳지 않다는 입장입니다. 일각에서는 ‘일반의약품 불매운동’까지 거론하며 반대의 목소리를 높이고 있는데요. 일양약품의 철수 결정 이후, 같은 방식으로 판매 중인 대웅제약과 종근당건강의 향후 행보에도 관심이 쏠리고 있습니다.  📷 데일리팜  #다이소 #일양약품 #건기식 #다이소건기식 #건강기능식품 #다이소약 #다이소건강기능식품 #다이소신상 #이짓 #izit"".","#다이소, #일양약품, #건기식, #다이소건기식, #건강기능식품, #다이소약, #다이소건강기능식품, #다이소신상, #이짓, #izit",259.0,,9.0,2025-02-28 04:15:02,https://www.instagram.com/p/DGmktwvJveO/
다이소,food_eottae,인스타그램,,"#광고 눈이 피로하고 침침할땐? 안국약품에서 만든 토비콤 루테인 지아잔틴을 소개할게.😘  요 제품은 66년 전통의 역사를 지닌 안국약품에서 만들었단다. 다이소 건강기능식품 코너에 가면 만나볼 수 있어.   토비콤 루테인 지아잔틴은 40여년 이상의 눈 건강 전통 브랜드 토비콤으로 안심섭취가 가능해. 꽉 채운 루테인지아잔틴으로 하루 최대섭취 가능량 20mg을 먹을 수 있어.👏  또한 세계 각국의 제조 방법 특허 기술로 얻은 원료로 눈건강 시너지 비타민A가 무려 700mg이 함유되어있어.(1일 영양성분 기준치 대비 100%)💫  비타민B군, 비타민C, 아연 등 13종 복합 기능성 성분들이 들어있어서 다른 영양제들을 챙겨먹지 않아도 토비콤 루테인 지아잔틴 한알로 알뜰히 건강을 챙길 수 있단다.  1일 1캡슐로 간편하게 섭취가 가능해서 너무 좋은거있지? 요즘 잦은 야근으로 인해 눈쓸일이 많아서 렌즈를 뺄때마다 눈이 뻑뻑했는데 토비콤 루테인 지아잔틴을 매일 한알씩 꾸준히 챙겨먹으니 눈이 덜 건조해지고 눈상태가 편안해지더라구.🐱  눈 건강 미리미리 챙기고 싶을때 토비콤 루테인 지아잔틴을 다이소에서 꼭 구매해봐.  @ahngook_pharm   #눈영양제 #루테인지아잔틴 #루테인 #토비콤 #루테인효과 #루테인효능 #눈침침할때 #안국약품 #다이소 #다이소루테인 #다이소건강기능식품 #부모님선물 #친구선물"".","#광고, #눈영양제, #루테인지아잔틴, #루테인, #토비콤, #루테인효과, #루테인효능, #눈침침할때, #안국약품, #다이소, #다이소루테인, #다이소건강기능식품, #부모님선물, #친구선물",17.0,,2.0,2025-06-10 12:25:44,https://www.instagram.com/p/DKuF8w3J2Bg/
다이소,jisun.park_1012,인스타그램,,"#대웅제약 #마그네슘샷 #이거괜찮네 느낌느낌. 알약챙겨먹긴 은근힘듬. #마그네슘추천 #다이소마그네슘  #가성비건강템  #건강기능식품 #한살추가 #한살더 #건강할때 #잘챙겨먹기 #건강이재산 #건강하게 #운동후에  #기능식품 #맛스타그램😋 맛좀있음~ #다이소건강기능식품  #다이소추천템"".","#대웅제약, #마그네슘샷, #이거괜찮네, #마그네슘추천, #다이소마그네슘, #가성비건강템, #건강기능식품, #한살추가, #한살더, #건강할때, #잘챙겨먹기, #건강이재산, #건강하게, #운동후에, #기능식품, #맛스타그램, #다이소건강기능식품, #다이소추천템",,,,2026-01-06 13:39:35,https://www.instagram.com/p/DTK9KR7CcFJ/
다이소,r._.anran,인스타그램,,"#광고 스마트폰·컴퓨터 사용 시간이 많다보니 요즘따라 눈이 뻑뻑한 느낌이 자주 들더라구요 그래서 눈 건강 좀 챙겨볼까 하고 다이소 매장 방문하여 오브맘 눈건강 루테인 하루구미를 사왔는데 구미 타입이라 언제 어디서나 물없이 간편하게 먹기 좋고 새콤달콤한 블루 베리 맛이라 간식처럼 먹을 수 있어 꾸준히 챙겨먹기 좋은거있죠🫐  식약처에서 기능성을 인정한 기능성 원료 마리골드꽃추출물이 함유된 건강기능식품이라 믿고 먹을수있으니 눈건강 루테인 하루구미 1일 1구미로 건강 챙겨보아요~  #다이소건강기능식품 #다이소영양제 #가성비영양제 #오브맘"".","#광고, #다이소건강기능식품, #다이소영양제, #가성비영양제, #오브맘",,,,2026-04-27 01:32:47,https://www.instagram.com/p/DXneZQ_EnL_/
다이소,lacfido_official,인스타그램,,"다이소 단독 출시!  👑 다이소 프린세스티니핑 건강젤리 👑  티니핑 스티커 50종과 함께 “프린세스 캐치! 티니핑”으로 새롭게 등장!💕  7가지 멀티비타민 미네랄을 한번에! 이클립스핑과 영양 충전! 락피도 티니핑 비타스틱🔋  아연이 가득!🧡 아름핑과 함께하는  락피도 티니핑 면역스틱🛡️  하츄핑과 튼튼 쑥쑥 뼈건강🦴 락피도 티니핑 칼슘스틱  다이아나핑처럼 생기있게!✨ 락피도 티니핑 철분스틱  뽀니핑과 상쾌한 하루!🚽 락피도 티니핑 쾌변스틱  활력 쑥쑥💪 ⚡ 젠틀핑과 함께하는  티니핑 아르기닌 스틱  초롱초롱👀 ✨ 안토시아닌 풍부! 사뿐핑과 함께하는 빌베리맛 티니핑 빌베리 스틱  탱글탱글 맛있게! 캐치! 티니핑과 함께 즐거운 건강간식 타임✨ 다이소에서 만나요~!🤗  *판매원 ㈜에프앤디넷 l 제조원 ㈜네이처택   #락피도 #캐치티니핑 #다이소건강기능식품  #다이소신상  #daiso"".","#락피도, #캐치티니핑, #다이소건강기능식품, #다이소신상, #daiso",,,,2026-02-23 07:30:40,https://www.instagram.com/p/DVF5TK3CROH/
다이소,chaenymama,인스타그램,,"요즘 이 것 때문에 난리죠..   바로 <다이소 영양제 판매> 이슈인데요.  정말 다- 있는 다이소, 이제 영양제까지 취급한다니  입소문을 타고 인기 제품들은 다 품절이고 찰수하는 제약사들도 생기더라고요.   필요한 제품들 있으셨다면 품절 전에 쟁여보셔도 좋을 것 같아요 🛍️  #다이소 #다이소추천템 #다이소쇼핑 #다이소영양제 #다이소건강기능식품  #daiso"".","#다이소, #다이소추천템, #다이소쇼핑, #다이소영양제, #다이소건강기능식품, #daiso",30.0,,4.0,2025-03-06 09:51:24,https://www.instagram.com/p/DG2nOy2Tt1E/
다이소,jadolable,인스타그램,,"#협찬 ❣️오브맘 루테인 하루구미  ☑️ 맨날 핸드폰 보고 사느라 눈이 침침한 사람 나야나😢 다이소에서 저렴하게 살 수 있는 오브맘 루테인 하루구미! 상큼하고 달달한 베리맛으로 거부감 제로인 젤리 영양제😍 눈 건강 관리를 위한 루테인 = 마리골드 꽃 추출물 한가득 들어있고요. 식약처의 인정을 받은 세계적으로 유명한 프리미엄 원료인 KATRA PHYTOCHEM 社 원료를 사용해서 만들어요. 챙겨먹기 쉬운 젤리형태와 휴대성 좋은 간편한 패키지로 하루 한 알로 눈 건강 챙기기 최고🤭 다이소와 온라인몰에서 쉽게 구매할 수 있는 탱글상큼한 베리맛 젤리! 오브맘 1일 1젤리로 눈 건강 챙기기 어떠세요?  ✅️ 다이소에서 쉽게 구할 수 있음! ✅️ 식약처 인정 받은 프리미엄 원료 ✅️ 1일 1젤리 상큼달달 베리맛 맛있음 ✅️ 눈 건강을 위한 루테인 10mg 함유 ✅️ 가격도 최고에요. 오브맘 하루구미💯  ▶️https://prdm.daisomall.co.kr/pd/pdl/SCR_PDL_0001?pdNo=613602126&recmYn=N  #오브맘  #하루구미  #다이소영양제  #다이소건강기능식품  ​  ​"".","#협찬, #오브맘, #하루구미, #다이소영양제, #다이소건강기능식품",36.0,,6.0,2026-05-01 01:09:52,https://www.instagram.com/p/DXxu9AvE9IY/
다이소,bae.sajang,인스타그램,,"#협찬 요즘 중요한 시험을 앞두고 계신 분들이라면 주목‼️ ✨하루 루틴 관리가 더 중요해졌을텐데요✔️  ❤다이소 건강식품 코너❤에 가면 동국제약 건식사업부에서 출시한 2026 신상 다이소템 발견했어요💪🏻  ✔️하루 한 알로 챙길 수 있고 30일분에 5,000원이라 시험 준비하면서 부담 없이 챙길 수 있어요  ✔️은행잎추출물이 28mg, L-테아닌이 200mg 함유돼 있는데, (제품 설명이 아닌 원료 설명입니다.) ✔️각 원료는 기억력 개선 및 혈행 관리, 스트레스로 인한 긴장 완화에 도움을 줄 수 있다고 알려져 있어요  수학 참고서를 패러디한 패키징도 너무 귀여워서 책상위에 올려 두기도 좋더라구요!📚  취준생, 고시생, 학생부터 중요한 시험이나 면접을 준비하고 계시면서 컨디션 관리용 아이템을 찾고 계신다면 다이소 신상템 온/오프라인에서 만나볼 수 있으니 준비해두면 좋을 거 같아요✔️  @dongkook_healthcare  #동국제약 #건강기능식품 #기억력의정석 #신제품  #다이소신상 #다이소신상템 #다이소건강기능식품 #다이소추천템 #수험생 #고시생 #수험생선물   위 포스팅은 동국제약으로부터 제품과 소정의 원고료를 받고 객관적 사실과 개인적 생각을 반영해 작성한 후기입니다. 건강기능식품 입니다."".","#협찬, #동국제약, #건강기능식품, #기억력의정석, #신제품, #다이소신상, #다이소신상템, #다이소건강기능식품, #다이소추천템, #수험생, #고시생, #수험생선물",1021.0,,37.0,2026-01-14 07:10:38,https://www.instagram.com/p/DTe3Co-ER_r/
다이소,smilejoanna22,인스타그램,,"#협찬  정말 이제 다이소에는 없는게 없나봐요!!! 리포좀으로 만들어진 마그네슘 건강기능식품까지 나왔더라고요~!!! 바로 <동국제약 리포좀 마그마 스피드 30정 : 다이소 상품코드 품번 : 610910727>인데요 다이소 건강식품 코너에 가시면 동국제약 건식사업부에서 출시한 리포좀 마그마 스피드 신제품을 찾을 수 있어요 가격이 5,000원!!!! 리포좀 제형 기술로 만들어졌는데도 가격이 정말 놀라울 정도~~ 리포좀 공법이 적용되면 체내 흡수율이 좋아지기 때문에 건강기능식품을 사실 때는 꼭 확인해야 하는 공법이라고 해요 “리포좀 제형 기술에 대한 설명입니다.”  이번에 마그네슘을 리포좀 공법으로 만들어서 다이소에 넣어주니 정말 고맙더라고요^^ 1정 기준 마그네슘이 120mg함유 되어있다고하네요! 거기에 비타민B1, 비타민B2, 비타민B6까지 들어 있어 맘에 들었어요 “제품 설명이 아닌 원료 설명입니다.“  하루에 한개 공복에 먹는 것도 좋았어요 운동하고 있어서 꼭 필요했는데 다이소 덕분에 기분이 좋네요~^^  [위 포스팅은 동국제약으로부터 제품과 소정의 원고료를 받고 객관적 사실과 개인적 생각을 반영해 작성한 후기입니다] | 건강기능식품입니다. |   #동국제약 #다이소 #마그네슘 #리포좀 #마그네슘영양제 #리포좀마그네슘 #마그네슘추천 #다이소마그네슘 #다이소신상 #다이소건강기능식품 #하루1정"".","#협찬, #동국제약, #다이소, #마그네슘, #리포좀, #마그네슘영양제, #리포좀마그네슘, #마그네슘추천, #다이소마그네슘, #다이소신상, #다이소건강기능식품, #하루1정",1084.0,,20.0,2026-01-02 00:55:25,https://www.instagram.com/p/DS9VbmGgSjR/
다이소,playpropiano,인스타그램,,"와... 다이소 짱!  성분이 조금 적다고 하지만 국산으로  2000원 5포 가성비면에서 좋다고 생각이 들어 구매했어요 액상이라 먹기 편하네요~   #고려홍삼 #다이소건강기능식품  #다이소건강"".","#고려홍삼, #다이소건강기능식품, #다이소건강",1.0,,0.0,2026-04-13 04:25:30,https://www.instagram.com/p/DXDuzF2glYt/
다이소,doctor_hwany,인스타그램,,"[의사가 추천하는 다이소 건강기능식품] 🛍다이소 건강기능식품, 살까요? 말까요? 🙋‍35년차 의사로서 직접 성분표 들여다보며 분석해봤습니다. 솔직히 말해, ❗아쉬운 제품도 꽤 있었어요. 하지만! 그중에선 ✨ “어, 이 정도면 괜찮은데?” 싶은 제품도 있었습니다. 지금 바로 알려드릴게요!  1. 비타민D 4000IU  (₩3,000 / 30정) ☀ 햇빛 안 보는 한국인에게   가장 부족한 영양소, 바로 비타민D! ✔ 1정에 무려 4000IU 고함량 ✔ 가격은 30일분에 3천 원 = 하루 100원! ⚠ 주의할 점! 다른 영양제와 비타민D 중복 여부 꼭 확인하세요! 이틀에 한 알씩만 드세요!  2. 밀크시슬 (실리마린 130mg) (₩5,000 / 30정) ✔ 실리마린 130mg ✔ 비타민B군 함께 함유 ✔ 가성비 최고 (1개월 5천 원!) 💡 “시중 제품은 보통 3~5개월 단위로 판매돼요. 하지만 이건 한 달 체험용으로 부담 없이 시작 가능!” ⚠ 주의할 점! 간 수치가 높은 분은 꼭 의사 상담 후 섭취하세요!  3. 어린이용 멀티비타민 미네랄 츄어블 (₩5,000 / 60정) 👧 3~5세 유아 기준 ✔ 비타민 13종 + 미네랄 4종 ✔ 하루 2알이면 권장량 100% 충족! ✔ 맛있어서 아이가 스스로 잘 먹어요 🍓 💡 “실제로 먹어보니 맛 괜찮더라고요!” ⚠ 주의할 점! 👉 3~5세 유아 기준으로 권장량 충족입니다. 6세 이상 어린이는 부족할 순 있어요!  🙋‍ 혹시 제품이 궁금하신가요? 제가 의사라 공개적으로 특정 제품을 추천하긴 어려워서요 😅 댓글에 ‘다이소’ 라고 세 글자 남겨주시면 📩 DM으로 정보 보내드릴게요!  #다이소영양제 #다이소건강기능식품 #비타민D #밀크시슬 #어린이영양제 #건강정보 #의사추천 #영양제추천 #비타민추천 #가성비영양제 #하루한알 #면역건강 #건강챙기기 #셀프건강관리 #영양제고를때 #다이소꿀템 #다이소템 #다이소에서산것 #다이소쇼핑 #건강기능식품 #영양제리뷰 #건강관리꿀팁 #비타민D결핍 #아이영양제 #엄마정보공유 #영양정보 #루틴템 #의사피셜"".","#다이소영양제, #다이소건강기능식품, #비타민D, #밀크시슬, #어린이영양제, #건강정보, #의사추천, #영양제추천, #비타민추천, #가성비영양제, #하루한알, #면역건강, #건강챙기기, #셀프건강관리, #영양제고를때, #다이소꿀템, #다이소템, #다이소에서산것, #다이소쇼핑, #건강기능식품, #영양제리뷰, #건강관리꿀팁, #비타민D결핍, #아이영양제, #엄마정보공유, #영양정보, #루틴템, #의사피셜",342.0,,403.0,2025-05-30 10:00:24,https://www.instagram.com/p/DKRgmk8SXII/
다이소,wis_dom_s2,인스타그램,,"#제품제공  요즘 눈이 너무 피로해서 챙겨본 👀✨ #다이소건강기능식품 #오브맘 “눈건강 루테인 하루구미”  ✔️ 패키지 & 구성 한 달 분량으로 넉넉하게 들어있고, 깔끔한 패키지라 보관도 편해요! 구미 타입이라 알약 부담 없이 누구나 쉽게 섭취 가능👍  ✔️ 섭취 방법 & 간편함 하루에 한 번, 그냥 젤리처럼 꺼내 먹으면 끝💛 물 없이 먹을 수 있어서 회사, 외출 중에도 챙기기 진짜 편해요  ✔️ 솔직 후기 은은한 단맛이라 간식처럼 맛있고, 꾸준히 먹기 부담 없음! 평소에 스마트폰이나 컴퓨터 많이 쓰는 편인데, 이렇게 간편하게 눈 건강 챙길 수 있어서 만족✨  간편하게 먹는 가성비 눈건강 케어템 부담 없이 시작하기 좋은 다이소 영양제로 추천해요!  #다이소영양제 #가성비영양제 루테인 눈건강 하루구미 건강습관"".","#제품제공, #다이소건강기능식품, #오브맘, #다이소영양제, #가성비영양제",4.0,,0.0,2026-05-02 14:41:16,https://www.instagram.com/p/DX1wmvUGfON/
다이소,dsc501,인스타그램,,"역시 다이소 본사라 건강식품 파는구나 #근데다팔림 #살게없네 #다이소건강기능식품 #다이소매봉역점 #춘장이 #춘식이 #라이언덕후 #카카오프렌즈 #선팔하면맞팔 #맞팔해요 #맞팔환영"".","#근데다팔림, #살게없네, #다이소건강기능식품, #다이소매봉역점, #춘장이, #춘식이, #라이언덕후, #카카오프렌즈, #선팔하면맞팔, #맞팔해요, #맞팔환영",113.0,,0.0,2025-03-08 12:49:03,https://www.instagram.com/p/DG8F5gkypjK/
다이소,leebyungkoog,인스타그램,,"다이소 5,000원에 건강기능식품 판매!  소비자의 입장에서 저렴한 건강 기능식품을 구입할 기회를 얻은 것은 굿 뉴스다. 안전성은 식약처가 인정한 제품은 일단 안심해도 좋다.  다만 경계할 것은 건강기능식품도 내 몸에 들어가는 먹거리이므로 원료의 , 안정성, 유래 등을 따져보고 과연 효과는 좋은지를 따져보아야 한다.  더 나아가 먹기 편하고 맛있고, 소화 흡수가 잘 되는 것까지 품질의 수준을 체크해야 할 수많은 항목이 있다.  또한 균일한 조건으로 지속 가능한 원료의 공급이 가능한지도 검토의 대상이다.   예를 들면, 독일 Hermes제약의 경우 독특한 기술과 엄선된 원료의 사용과 철저한 함량 준수, 철저한 소비자 편의 우선 주의가 빚어낸 바이오렉트라 제품을 생산하여 독일 약국위주로 판매한다. 이들은 먹기도 편하고 맛도 좋아 음식물을 섭취하듯이 먹을 수 있으며, 결과적으로 소비자는 빠르게 효과를 느끼고 또한, 편리하게 남녀노소 먹을 수 있는 제품의 가치를 높이 평가하고 꾸준히 섭취 한다.  다이소 판매 건강기능식품이 가격도 착하고 품질(효능, 섭취 편리성, 맛, 흡수율, 부작용 완화, 지속 가능성 고려 등) 또한 착하여 지속적으로 고객의 관심을 받을 수 있을지 지켜볼 일이다.   #다이소건강기능식품 #dds #안전성 #경구붕해형마그네슘 #바이오렉트라 #hermes제약 #미향스토어 #반포서생"".","#다이소건강기능식품, #dds, #안전성, #경구붕해형마그네슘, #바이오렉트라, #hermes제약, #미향스토어, #반포서생",6.0,,0.0,2025-03-06 07:30:50,https://www.instagram.com/p/DGmOgH_BNX1/
다이소,hm994070,인스타그램,,"✅대웅제약 닥터베어 루테인 가격: 3,000원 30일 분 루테인 최대함량 20mg 비타민A1일 영양성분기준치 100% 1일 1캠슐 간편섭취 📌건강기능식품 마크 ⭕️  ​✔️크기는 새끼손톱 정도라서 작은 편이에요. 저는 목넘김이 괜찮았어요. ✔️작은 제품만 드시는 분들에게도 👍 ✔️1일 섭취량 기준 루테인 20mg 최대함량 ✔️가성비 좋은 다이소 루테인 ✔️재구매의사 100% 입니다. #내돈내산#다이소루테인 #다이소건강기능식품 #다이소영양제 #다이소대웅제약 #닥터베어 #닥터베어루테인 #루테인  ​"".","#내돈내산, #다이소루테인, #다이소건강기능식품, #다이소영양제, #다이소대웅제약, #닥터베어, #닥터베어루테인, #루테인",14.0,,2.0,2025-05-29 01:29:41,https://www.instagram.com/p/DKOBVVqPUun/
다이소,1004.9k,인스타그램,,"#협찬  다이소에서 찾은 눈 건강 꿀템!  오브맘 루테인 하루구미로 맛있게 챙겨요 💜 오브맘 루테인 하루구미 소개해드릴게요~  평소 업무 때문에 모니터를 오래 보기도 하고, 스마트폰 사용이 잦아서 눈이 늘 피로했는데 다이소에서 정말 괜찮은 영양제를 발견했어요! 바로 오브맘 눈건강 루테인 하루구미예요.  일단 패키지부터 상큼하고 깔끔한데, 한 박스에 30일분이나 들어있어서 넉넉하게 챙길 수 있더라고요. 무엇보다 세계적인 원료사인 KATRA PHYTOCHEM의 프리미엄 마리골드꽃추출물을 사용했다고 하니 가성비는 물론 신뢰도까지 챙긴 똑똑한 제품이에요.  가장 마음에 들었던 건 섭취 방법이에요! 물 없이도 언제 어디서나 간편하게 씹어 먹을 수 있는 구미 제형이라 가방에 쏙 넣어 다니기 정말 편해요. 직접 먹어보니 약 특유의 쓴맛 없이 달콤하고 쫄깃해서 간식처럼 즐겁게 눈 건강을 관리할 수 있었답니다.  다이소 건강기능식품은 역시 합리적인 가격이 큰 장점인데, 성분까지 꼼꼼하게 채워져 있어서 믿고 먹게 되네요. 환절기 건강 관리가 중요한 요즘, 눈 피로가 걱정되는 분들이라면 가까운 다이소에서 오브맘 루테인 꼭 한 번 만나보세요! 오브맘 루테인 하루구미 추천드려요~  #다이소건강기능식품 #다이소영양제 #가성비영양제 #오브맘"".","#협찬, #다이소건강기능식품, #다이소영양제, #가성비영양제, #오브맘",61.0,,0.0,2026-05-02 03:55:24,https://www.instagram.com/p/DX0msT-gRKD/
다이소,shs2sh68,인스타그램,,"#제품협찬 #오브맘 #루테인하루구미 #다이소영양제  다이소에서 믿고 먹을 수 있는 오브맘을 만날 수 있어요!! 하루종일 핸드폰 보거나, 노트북 보거나, 눈을 쉬어주는 때가 별로 없어 눈이 정말 피로했고, 남편이 눈 수술 할 정도로 눈이 안좋아서 루테인을 알아봤어요.  👀오브맘 루테인 하루구미는!? ✔️프리미엄 원료 : 세계적인 원료사 KATRA PHYTOCHEM의 마리골드꽃추출물을 사용해 신뢰도 업! ✔️간편한 섭취 : 구미형으로 간식처럼 쉽게 먹을 수 있어요. ✔️합리적인 가격: 다이소잖아요!! 가성비와 퀄리티를 모두 잡은 영양제에요!! ✔️맛있는 맛 : 또 맛있는 포도맛이라 꾸준히 챙겨먹기 좋아요.  건강 관리가 필수인 요즘!!  눈 건강 챙기고 싶은 분들께 진심으로 추천드려요~~! 다이소에서 '오브맘' 찾아보세요😍  “본 포스팅은 제품을 제공받아 솔직하게 작성되었습니다.”"".","#제품협찬, #오브맘, #루테인하루구미, #다이소영양제",,,,2026-04-30 09:34:45,https://www.instagram.com/p/DXwD8AcifDK/
다이소,gyeom2203,인스타그램,,"#광고  안국약품 토비콤 루테인지아잔틴 미니, 눈 피로 루틴템!  요즘 하루 종일 컴퓨터로 일하고 틈만 나면 스마트폰 들여다보는 나… 눈이 뻑뻑하고 침침한 게 점점 잦아지더라구요 😵‍💫  작은 습관이라도 바꿔야겠다 싶어서 다이소 건강기능식품 존에서 눈 건강템을 찾아보다가 발견한 건 바로 👉🏻 ‘토비콤 루테인지아잔틴 미니’  👀 **66년 전통 제약사 ‘안국약품’**이 만든 👁‍🗨 40년 이상 눈 건강만을 연구해온 브랜드 ‘토비콤’  ✔️ 루테인+지아잔틴 복합추출물 하루 최대 섭취량 20mg ✔️ 비타민A 700μg 함유 (1일 권장량 100%) ✔️ 초소형 캡슐이라 목 넘김도 부담 없어요!  💰 가격도 단돈 5,000원! 📍 전국 다이소 매장에서 간편하게 GET 가능✨  눈 피로 그냥 참지 말고, 매일 한 알로 눈 건강 루틴 만들어봐요💊  #안국약품 #토비콤루테인지아잔틴미니 #눈영양제 #다이소영양제 #다이소건강기능식품 #직장인건강 #눈건강루틴 #루테인추천 #광고"".","#광고, #안국약품, #토비콤루테인지아잔틴미니, #눈영양제, #다이소영양제, #다이소건강기능식품, #직장인건강, #눈건강루틴, #루테인추천, #광고",321.0,,27.0,2025-06-14 13:38:21,https://www.instagram.com/p/DK4hcSXy6zM/
다이소,k._.a0820,인스타그램,,"요즘 환절기라 눈도 건조하고,  온종일 PC랑 폰 보느라 눈이 침침하시죠? 가성비로 소문난 다이소 건강기능식품  라인에서 대박 템 발견! '눈건강 루테인 하루구미'쟁여온 후기  공유합니다😊  ✨ POINT 1. 환절기 눈 건강,  맛있게 챙기기!  건조한 날씨에 눈 피로도까지 쌓이는  요즘 같은 시즌에 딱!  물 없이 간식처럼 씹어 먹는 구미 형태라 언제 어디서든 간편하게 눈 건강을  관리할 수 있어요!  ✨ POINT 2. 프리미엄 원료로 믿고  먹으니까!  ""다이소 꺼라 저렴하기만 한 거 아냐?"" 하신다면 오해입니다! 🙅‍♂️  오브맘(Ofmom)이 설계한 신뢰할 수 있는 품질. 세계적인 프리미엄 원료사 KATRA PHYTOCHEM社 원료 사용!  마리골드꽃추출물(루테인)로 황반 색소  밀도 케어 완료!  ✨ POINT 3. 찐 체험 후기 (JMT 주의!)  ● 맛: 상큼한 블루베리 맛이라  약 먹는 느낌 1도 없어요!   ● 편의성: 끈적임 없이 쫄깃한 식감,  업무 중에 쏙 꺼내 먹기 최고!  ● 느낀 점: 영양제 챙겨 먹기 귀찮아하던 저도 이건 맛있어서 매일 챙기게 되네요.  가성비가 좋아서 지인들 선물로도  부담 없어요! 🎁  📢 ""합리적인 가격, 믿을 수 있는 건강기능식품"" 이제 눈 건강, 미루지 말고 가성비 영양제로 똑똑하게 관리 시작해 보세요🛒  https://www.daisomall.co.kr/pd/pdr/SCR_PDR_0001?pdNo=613602126&recmYn=N  #다이소건강기능식품 #다이소영양제  #가성비영양제 #오브맘 #루테인구미  #눈건강 #환절기관리 #현대인필수템  #다이소추천템 #구미영양제  ""본 포스팅은 제품을 제공받아  솔직하게 작성되었습니다."""".","#다이소건강기능식품, #다이소영양제, #가성비영양제, #오브맘, #루테인구미, #눈건강, #환절기관리, #현대인필수템, #다이소추천템, #구미영양제",2.0,,0.0,2026-04-28 02:13:34,https://www.instagram.com/p/DXqHrYKkm-z/
다이소,misosol1,인스타그램,,"#협찬   이제는 다이소에서 혈당유산균도 살 수 있다⁉️ 혈당과 장 건강을 한 번에 챙기고 싶었던 전 동국제약 혈당케어&유산균 하루 1캡슐로 꾸준히 챙겨먹고 있어요~ 식약처 1일 섭취 기준 최대함량* 코로솔산(바나바 잎 추출물) 1.3mg 함유로 - 코로솔산(바나바잎 추출물)의 인체적용 시험결과 혈당 감소 확인 - 바나바잎 추출물은 식후 혈당상승 억제에 도움을 줄 수 있음   “제품 설명이 아닌 원료 설명입니다.” 세계 3대 유산균 제조업체인 미국 다니스코사의 17종 프로바이오틱스 사용해서 하루 1캡슐에 20억 유산균 수를 보장하니 믿고 먹을 수 있더라구요 -프로바이오틱스는 유산균 증식 및 유해균 억제, 배변활동 원활, 장 건강에 도움을 줄 수 있음  “제품 설명이 아닌 원료 설명입니다.”   소형 캡슐로 목넘김도 편안하고 물과 함께 간편하게 섭취하기 좋아서 장 건강에 도움을 줄 수 있는 동국제약 혈당케어&유산균을 매일 꾸준히 챙겨먹는게 이제는 나의 하루 루틴으로 자리잡았답니다😊 혹시 장 건강 케어를 위해서 제품이 필요하시거나, 식후 혈당 상승 억제에 도움을 받고 싶으시다면 지금 바로 가까운 다이소에서 동국제약 혈당케어&유산균을 만나보시길 추천드릴게요  지금 바로 가까운 다이소에 방문해서 건강식품 코너에 가면 동국제약 건식사업부에서 출시한 혈당케어&유산균 신제품을 바로 만나볼 수 있습니다!  @dongkook_healthcare  #동국제약 #다이소 #혈당유산균 #다이소유산균 #다이소혈당유산균 #다이소신상 #다이소건강기능식품 #다이소건강식품 #혈당케어 #동국제약유산균"".","#협찬, #동국제약, #다이소, #혈당유산균, #다이소유산균, #다이소혈당유산균, #다이소신상, #다이소건강기능식품, #다이소건강식품, #혈당케어, #동국제약유산균",,,,2025-10-27 12:26:56,https://www.instagram.com/p/DQUAIufEo2M/
다이소,dsc501,인스타그램,,"안녕 오리야? 건강식품 사러 왔어 #다이소매봉역점 #다이소본사매장 #다이소건강기능식품 #루테인 #코엔자임큐텐 #라이언덕후 #카카오프렌즈 #선팔하면맞팔 #맞팔해요 #맞팔환영"".","#다이소매봉역점, #다이소본사매장, #다이소건강기능식품, #루테인, #코엔자임큐텐, #라이언덕후, #카카오프렌즈, #선팔하면맞팔, #맞팔해요, #맞팔환영",96.0,,2.0,2025-04-17 11:24:46,https://www.instagram.com/p/DIi8DLTSSEy/
다이소,review_ssun,인스타그램,,"다이소에서 영양제가 나왔다고?! 👀✨  잇님들~다이소에 건강기능식품이 나왔어요! 대웅제약, 일양약품 제품으로 종합비타민, 미네랄, 비타민D, 루테인, 칼슘 등 다양해요. 이미 품절된 제품도 많더라고요🥲  다이소 200개 매장에서만 판매중이라고 하니, 다이소몰에서 재고 확인 후 방문하세요~🧡  📌입점제품 대웅제약: 비타민, 밀크씨슬, 루테인, 오메가3 등 26종 일양약품: 비타민, 아연 등 9종 📌가격 3000~5000원 📌용량 1개월분  💬여러분은 어떤 영양제를 구매하고 싶으신가요?  #다이소#다이소신상#다이소추천템#다이소템#다이소영양제#다이소건강기능식품"".","#다이소, #다이소신상, #다이소추천템, #다이소템, #다이소영양제, #다이소건강기능식품",44.0,,36.0,2025-02-28 09:49:54,https://www.instagram.com/p/DGnLAJqP8Pu/
다이소,kk_da_mommy,인스타그램,,"김해 800평 다이소 2편 건강기능 식품💊  다이소에 가성비 영양제 입고 될때마다 품절되어 드디어 구매성공🙌  아이들영양제는 좋은거사고 우리껀 가성비라도 챙겨봅니다😭  남편과 제가 먹을 락토핏 유산균  술마시고 한개씩 먹기좋은 숙취해소제 이건 젤리 타입이더라구요ㅎㅎ  남편의 높은 혈압과  항산화를 책임질 코엔자임 Q10  엄마,아빠도 잘 챙겨먹어보아요🫶🏻  #김해800평다이소 #김해다이소 #다이소영양제 #다이소건강기능식품  #다이소유산균"".","#김해800평다이소, #김해다이소, #다이소영양제, #다이소건강기능식품, #다이소유산균",28.0,,0.0,2025-05-09 07:55:03,https://www.instagram.com/p/DJbMjaWSAus/
다이소,coodog.magazine,인스타그램,,"💊진짜 이제 다이소에는 없는 게 없습니다! 국민 생활용품점 다이소에서 영양제와 건강기능식품 26종을 3~5천 원 저렴한 가격에 선보였습니다. 셀프 메디케이션 시대에 검증된 건강기능식품을 판매하는 대웅제약과 협력해 고품질 제품을 제공하는데요. 현재 전국 다이소 200개 매장에서 만나볼 수 있다고 하니, 주변 다이소를 검색해보세요! ⠀ ⠀ #다이소건기식 #다이소약 #다이소건강기능식품 #다이소 #다이소신상"".","#다이소건기식, #다이소약, #다이소건강기능식품, #다이소, #다이소신상",50.0,,1.0,2025-02-25 03:01:48,https://www.instagram.com/p/DGetyfLPyYw/
다이소,nalyn__n,인스타그램,,"#협찬 요즘 다이소 영양제 HOT 하죠?! HOT한 다이소 건강기능식품 코너에서 동국제약 건식사업부에서 출시한 리포좀 마그마 스피드를 발견했어요💊❤️ ⠀ *동국제약 리포좀 마그마 스피드 30정 *다이소 상품코드 610910727 ⠀ 리포좀 공법을 적용한 마그네슘을 사용한 제품으로 리포좀 공법은 체내 흡수율을 높이는 것이 특징인 기술이라고 해요. (리포좀 제형 기술에 대한 설명입니다.) 1정 기준 마그네슘 120mg이 함유되어 있고 (제품 설명이 아닌 원료 설명입니다.) 하루 한 정으로 간편하게 섭취할 수 있어요💊💛 ⠀ PTP 개별 포장이라 위생적으로 보관·휴대하기 좋고, 공복에도 부담 없이 챙기기 편하더라고요👍🏻👍 ⠀ 다이소에서 만나는 리포좀 마그네슘이라, 단 돈 5,000원에 경험할 수 있는 가성비 좋은 건강기능식품인 것 같아요💸💸 ⠀ ⠀ 위 포스팅은 동국제약으로부터 제품과 소정의 원고료를 받고 객관적 사실과 개인적 생각을 반영해 작성한 후기입니다.  | 건강기능식품입니다. | ⠀ @dongkook_healthcare #동국제약 💊 #건강기능식품 #마그마스피드 #리포좀 ❤️"".","#협찬, #동국제약, #건강기능식품, #마그마스피드, #리포좀",,,,2026-01-02 10:44:13,https://www.instagram.com/p/DTAVMGZkSZ8/
다이소,mika_hyunny,인스타그램,,"#협찬  다이소 갔다가 발견한 요즘 신상 건강템 마그네슘도 이제는 흡수율까지 따져볼 때라 리포좀 제형 기술이 적용된 제품으로 골라봤어요. 심지어 단 돈 5,000원으로 경험할 수 있어요 - 동국제약 리포좀 마그마 스피드 30정 - 다이소 상품코드 610910727   동국제약 건식사업부에서 출시한 리포좀 마그마 스피드는 리포좀 제형 기술을 적용한 마그네슘이예요.  ""리포좀 제형 기술에 대한 설명입니다""  또 건강기능식품 마그네슘 120mg 함유하고,(*1정 기준) 동국제약 건식사업부가 엄선한 부원료인 비타민 B1, 비타민 B2, 비타민 B6도 들어있어요! ""제품 설명이 아닌 원료설명 입니다."" . 하루 1정, 공복에 간편하게 섭취 가능하고 PTP 개별포장이라 위생적이라 더 만족! 마그네슘은 에너지 이용과 신경·근육 기능 유지에 필요한 성분이라  챙기면 좋은데  동국제약 건식사업부에서 출시한 리포좀 마그마 스피드  건강기능식품으로 챙기기 좋아요!  위 포스팅은 동국제약으로부터 제품과 소정의 원고료를 받고 객관적 사실과 개인적 생각을 반영해 작성한 후기입니다.  | 건강기능식품입니다. |  #동국제약 #다이소 #마그네슘 #리포좀 #마그네슘영양제 #리포좀마그네슘 #마그네슘추천 #다이소마그네슘 #다이소신상 #다이소건강기능식품 #하루1정"".","#협찬, #동국제약, #다이소, #마그네슘, #리포좀, #마그네슘영양제, #리포좀마그네슘, #마그네슘추천, #다이소마그네슘, #다이소신상, #다이소건강기능식품, #하루1정",573.0,,29.0,2026-01-02 00:47:20,https://www.instagram.com/p/DS6yEHlE35k/
다이소,onion_pub,인스타그램,,"#협찬 <오브맘 다이소, 눈 건강 루테인 하루구미> #다이소건강기능식품 #다이소영양제 #가성비영양제 #오브맘  평소에 다이소 건강기능식품 자주 믿고 먹는 애용자인데요 🙋🏻‍♀️ 이번에 또 득템했어요! 바로 오브맘(Ofmom) 눈건강 루테인 하루구미 🔴👀  요즘 하루 종일 폰이랑 노트북 끼고 살잖아요 😅 눈이 뻑뻑하고 피로한 날이 많아지면서 루테인은 꼭 챙겨야겠다 싶었는데, 다이소에서 이렇게 딱 나와줬어요 🎉  한 통에 4g짜리 구미 젤리가 30개 들어있고요 🫙  하루 한 알만 섭취하면 루테인 10mg을 채울 수 있어요!  원료도 세계적으로 손꼽히는 프리미엄 원료 KATRA PHYTOCHEM社 걸 사용했다고 하니 믿음이 가더라고요 ✨  솔직히 영양제 자꾸 까먹는 타입인데, 이건 진짜 달라요 😂 크기가 너무 작지도 않고 젤리처럼 한 입에 쏙 씹어 먹으면 되거든요 🍬 블루베리 맛인데 맛도 있어서 간식 먹는 느낌🤣 언제 어디서나 꺼내서 씹으면 끝이니까 바쁜 아침에도, 외출 중에도 전혀 부담이 없어요 💨  가성비는 말할 것도 없죠 👍🏻  먹다 떨어지면 가까운 다이소 들러서 바로 또 살 수 있는 접근성까지! 합리적인 가격에 믿을 수 있는 건강기능식품이라 앞으로도 계속 애용할 것 같아요 🛒🖤  눈 건강 신경 쓰이는 분들, 영양제 챙기기 귀찮으셨던 분들 강추예요 👀💚 아래 사이트로도 구매할 수 있답니다.👇  https://prdm.daisomall.co.kr/pd/pdl/SCR_PDL_0001?pdNo=613602126&recmYn=N  *본 포스팅은 제품을 제공받아 솔직하게 작성되었습니다.*"".","#협찬, #다이소건강기능식품, #다이소영양제, #가성비영양제, #오브맘",10.0,,0.0,2026-04-26 03:12:06,https://www.instagram.com/p/DXlE95HEiXD/
다이소,kimberlykim7740,인스타그램,,"#협찬  ✨안국약품 토비콤 루테인지아잔틴 미니 눈영양제  👀 다이소 들렀다가 건강기능식품 코너에서  낯익은 ‘토비콤 루테인지아잔틴 미니’를 발견했어요!   부모님께서 요즘 TV 보시다  “화면이 뿌옇게 보여” 하시던 게  계속 마음에 걸렸거든요.   눈 노화가 시작된 건 아닐까 걱정됐어요.  🌿 토비콤은 40년 넘게 눈 건강만  연구한 브랜드라 안심이 되고,  하루 최대치인 루테인지아잔틴 20mg이  꽉 차 있어서 든든해요.  🌟 비타민A도 100% 채워주고,  특허받은 원료라 믿을 수 있더라고요.   무엇보다 초소형 캡슐이라 부모님도  넘기기 편하대요.  🧡 매일 스마트폰, 모니터에 혹사당하는  우리 눈… 이제 토비콤 미니로 챙겨야겠어요!  #토비콤 #눈영양제 #루테인지아잔틴 #다이소건강기능식품 #부모님선물 #눈건강관리 #비타민A #초소형캡슐 #토비콤미니 #안국약품 #안국약품 #토비콤 #루테인지아잔틴 #루테인 #눈침침할때 #루테인효과 #눈노화 #눈영양제 #루테인효능"".","#협찬, #토비콤, #눈영양제, #루테인지아잔틴, #다이소건강기능식품, #부모님선물, #눈건강관리, #비타민A, #초소형캡슐, #토비콤미니, #안국약품, #안국약품, #토비콤, #루테인지아잔틴, #루테인, #눈침침할때, #루테인효과, #눈노화, #눈영양제, #루테인효능",13.0,,0.0,2025-06-05 06:09:16,https://www.instagram.com/p/DKgiwdmzaz6/
다이소,duseb486,인스타그램,,"#협찬 평소 장이 예민한편이라 유산균은 꾸준히 챙기고 있거든요 다이소 건강식품 코너에 동국제약 건식사업부에서 출시한 혈당케어 유산균 신제품이 나왔다고 해서 겟하러 고고씽~~!!! 이젠 다이소에서 혈당유산균까지 득템할수 있다는 사실아셨나요? ㅎㅎㅎ 역시 다이소는 없는게 없어요 ㅋㅋ 그런데다가 가격까지 혜자롭다니!!!! 대 to the 박!!!   하루 1캡슐 식후 혈당케어 유산균인데 혈당 상승 억제 및 장건강을 한번에 해결할수 있다니 1타 2피 ㅋㅋㅋㅋ 혈당 관리도 해주고하니 더더 좋은거 같아요! 20억 유산균 수를 보장헤주고 동국제약 건식사업부의 엄선한 부원료인 마다가스카르산 병풀추출물 함유!   초소형 캡슐로 목 넘김이 편해 누구라도 편안하게 섭취 할수 있고 간편하게 1일1캡슐로 혈당케어되니 좋네요~   장건강은 물론 혈당상승 억제에 도움을 줄수있는 #다이소혈당유산균 으로 추천각! . . @dongkook_healthcare #동국제약 #다이소 #혈당유산균 #혈당케어유산균 #다이소유산균 #다이소혈당유산균 #다이소신상 #다이소건강기능식품 #다이소건강식품 #혈당케어 #동국제약유산균 -위 포스팅은 동국제약으로부터 제품과 소정의 원고료를 받고 객관적 사실과 개인적 생각을 반영해 작성한 후기입니다"".","#협찬, #다이소혈당유산균, #동국제약, #다이소, #혈당유산균, #혈당케어유산균, #다이소유산균, #다이소혈당유산균, #다이소신상, #다이소건강기능식품, #다이소건강식품, #혈당케어, #동국제약유산균",,,,2025-10-27 02:03:04,https://www.instagram.com/p/DQS4_QsE3O_/
다이소,ego_master,인스타그램,,"#협찬 @dongkook_healthcare  요즘 다이소 가면 꼭 챙겨야 할 건강기능식품?! [ 동국제약 건강기능식품 리포좀 마그마 스피드 ]  솔직히 다이소에서 마그네슘을 보게 될 줄은 몰랐어요👀  - 동국제약 리포좀 마그마 스피드 30정 - 다이소 상품코드 610910727   📦 패키지부터 깔끔 PTP 개별 포장이라 하루에 한 정씩 꺼내 먹기 편했고, 가방에 넣어 다니기도 부담 없는 사이즈라 바쁜 날에도 챙기기 좋았어요.  🔍 제형이 포인트 리포좀 공법을 적용한 마그네슘을 사용한 제품으로 리포좀 공법은 체내 흡수율을 높이는 것이 특징인 기술이라고 해요 (*리포좀 제형 기술에 대한 설명입니다.) 1정 기준 **마그네슘 120mg에 비타민 B1, B2, B6까지 함께 구성되어 있어요.  원료는 동국제약 건식사업부의 엄선된 부원료 사용이라고 되어 있더라고요👍  🥤 섭취 방법도 간단 하루 한 정, 물과 함께 섭취하면 끝. 알약 크기도 부담스럽지 않은 편이라 개인적으로는 섭취 과정이 편했어요.  ✨ 이런 분들께 잘 맞을 듯 ✔ 하루 한 정으로 간편하게 챙기고 싶은 분 ✔ 휴대성 좋은 마그네슘 제품 찾는 분 ✔ 다이소에서 쉽게 구매할 수 있는 건강기능식품이 궁금한 분  다이소에서 만난 동국제약 건강기능식품 리포좀 마그마 스피드, 지금 단 돈 5,000원에 리포좀 마그네슘을 경험해보세요!  *리포좀 제형 기술에 대한 설명입니다 **제품 설명이 아닌 원료 설명입니다  위 포스팅은 동국제약으로부터 제품과 소정의 원고료를 받고 객관적 사실과 개인적 생각을 반영해 작성한 후기입니다.  | 건강기능식품입니다. |   #동국제약 #다이소 #마그네슘 #리포좀 마그네슘영양제 리포좀마그네슘 마그네슘추천 다이소마그네슘 다이소신상 다이소건강기능식품 하루1정"".","#협찬, #동국제약, #다이소, #마그네슘, #리포좀",260.0,,10.0,2026-01-01 00:03:40,https://www.instagram.com/p/DS8n4rfE5zE/
다이소,suyeon71318,인스타그램,,"#협찬  요즘 다이소 갈 때마다 신상 구경하는 게 루틴인데 이제 다이소에서도 혈당케어 유산균을 살 수 있다구요?! 건강기능식품 코너에 동국제약 건식사업부에서  출시한 혈당케어&유산균이 딱 보여서 바로 장바구니에 넣었어요🛒  식약처 1일 섭취 기준 최대함량 코로솔산(바나바 잎 추출물)  1.3mg 함유로 식후 혈당 상승 억제에 도움을 줄 수 있고, (제품 설명이 아닌 원료 설명입니다) 세계 3대 유산균 제조업체인 미국 다니스코사의 17종  프로바이오틱스가 들어 있어서 장 건강과 배변활동에도 도움을 줄 수 있다고 해요! (제품 설명이 아닌 원료 설명입니다)  크기도 작고 목 넘김도 편해서 매일 아침 식후에  물 한 잔이랑 챡~ 먹기 너무 간편하더라고요. 그리고 꾸준히 챙겨먹으니까 속이 훨씬 편안한 느낌이에요! 다이소에서 건강기능식품까지 살 수 있다니,, 다이소 가면 득템해보세요❤️ _ @dongkook_healthcare #동국제약 #다이소 #혈당유산균 #혈당케어유산균  #다이소유산균 #다이소혈당유산균 #다이소신상 #다이소건강기능식품 #다이소건강식품 #혈당케어 #동국제약유산균 . . 위 포스팅은 동국제약으로부터 제품과 소정의 원고료를 받고 객관적 사실과 개인적 생각을 반영해 작성한 후기입니다.. | 건강기능식품 입니다."".","#협찬, #동국제약, #다이소, #혈당유산균, #혈당케어유산균, #다이소유산균, #다이소혈당유산균, #다이소신상, #다이소건강기능식품, #다이소건강식품, #혈당케어, #동국제약유산균",1002.0,,27.0,2025-10-28 07:55:05,https://www.instagram.com/p/DQWGPS2E0-Q/
다이소,lulie___,인스타그램,,"#협찬 #다이소 가면 꼭 쟁여할 할 #다이소신상 #다이소건강기능식품 쟁여템 #동국제약 @dongkook_healthcare #혈당케어엔유산균 혈당과 장 건강을 한 번에!  하루 1캡슐, 식후 혈당상승 억제 및 장 건강을 한 번에~  이제 #혈당유산균 으로 #혈당케어 #유산균 #다이소건강식품 으로 가성비 있게 챙기쟈아아아아~  #다이소유산균 #다이소혈당유산균"".","#협찬, #다이소, #다이소신상, #다이소건강기능식품, #동국제약, #혈당케어엔유산균, #혈당유산균, #혈당케어, #유산균, #다이소건강식품, #다이소유산균, #다이소혈당유산균",,,,2025-10-27 05:02:38,https://www.instagram.com/p/DQTNa0kkgar/
다이소,majenta_ggoms,인스타그램,,"#협찬  장건강과 혈당케어를  한번에! 가능한  영양제를! 다이소에서 만날 수 있답니다   - 동국제약 혈당케어&유산균 30캡슐  - 품번 : 610910678  식약처 1일 섭취 기준  최대함량* 바나바잎 추출물 코로솔산이 1.3mg 함유 되어있고  세계 3대 유산균 제조업체인 미국 다니스코사의 17종* 프로바이오틱스를 사용하였고  하루 1캡슐에 20억 유산균 수를 보장하고 있답니다 또한 마다가스카르산 병풀추출물이 부원료로  함유 되어있는 ✔️동국제약 혈당케어&유산균   그 덕분에 식후 혈당상승 억제 및  장 건강에 도움을 받을 수 있답니다   초소형 캡슐이라 섭취하기도 편하고,  간편하게 다이소에서 만날 수 있으니까! 지금 바로 다이소로 달려가보세요! 🤗    * “제품 설명이 아닌 원료 설명입니다.”  @dongkook_healthcare   #동국제약 #다이소 #혈당유산균 #다이소유산균 #다이소혈당유산균 #다이소신상 #다이소건강기능식품 #다이소건강식품 #혈당케어"".","#협찬, #동국제약, #다이소, #혈당유산균, #다이소유산균, #다이소혈당유산균, #다이소신상, #다이소건강기능식품, #다이소건강식품, #혈당케어",4557.0,,47.0,2025-10-28 08:38:03,https://www.instagram.com/p/DQWK_elj83A/
다이소,daisolife,인스타그램,,"#놀라운_천원_상품 💵  #다이소 #천원PICK 👆 #닥터베어  1,000원 건강 관리 대웅제약 닥터베어 건강기능식품 8종  하루에 필요한 햇빛 에너지 가득 충전! 🩷 비타민D 4000IU  건강한 식습관, 혈당 관리의 시작! 💚 바나바잎 추출물  지친 간에 활력을! 간 건강 ❤️ 밀크씨슬  온가족 종합 건강, 한 번에! 🧡 멀티비타민미네랄  활기찬 하루를 위한 기초 에너지 충전! 💜 마그네슘  건강하게 체지방 CUT! 💚 녹차 카테킨  항산화 관리와 높은 혈압 감소까지! ❤️ 코엔자임Q10  혈행을 원활하게! 건강한 혈행 관리 💛 rTG오메가3 (오메가3는 EPA 및 DHA 함유 유지)  1일 1정(캡슐)으로 채우는 건강 관리! 간편하게 가방, 파우치에 쏙- 넣어 필요에 따라 관리해보세요!  ‘놀라운 가치로 즐거움과 감동’을 주는 다이소 “천원 PICK"" 상품을 만나보세요!   국민가게, 다이소~♡ >>https://blog.naver.com/daisoblog  ✔대웅제약 닥터베어 건강기능식품 1,000원 -rTG오메가3(6일분)_600000269 -마그네슘(10일분)_600000270   -바나바잎추출물(10일분)_600000278 -코엔자임Q10(6일분)_600000279 -밀크씨슬(6일분)_600000280  -비타민D 4000IU(10일분)_600000281 -녹차 카테킨(6일분)_600000282 -멀티비타민미네랄(6일분)_600000283  ※ 본 제품은 건강기능식품입니다.  #다이소건강기능식품 #건강기능식품 #오메가 #비타민 #마그네슘   ​[ 🔎 매장 재고 조회 ] ※ 매장별 상품 재고는 상이할 수 있으며, 매장 재고 조회는 👉<하이라이트 'QnA'>에서 확인 가능합니다. ※ 문의 : 다이소 고객만족실 1522-4400"".","#놀라운_천원_상품, #다이소, #천원PICK, #닥터베어, #다이소건강기능식품, #건강기능식품, #오메가, #비타민, #마그네슘",402.0,,5.0,2026-04-30 00:23:06,https://www.instagram.com/p/DXvEzlxmj_3/
다이소,good_honeytip,인스타그램,,"다이소에서 꼭! 사야 할 건강템💪🏻💪🏻 @@나도 박민영 선배픽 사러 갈래🛍️🛍️  #다이소추천 #다이소추천템 #다이소건강식품 #다이소영양제 #가성비템 #가심비템 #다이소건기식 #닥터블릿 #딜리노쉬 #대웅제약"".","#다이소추천, #다이소추천템, #다이소건강식품, #다이소영양제, #가성비템, #가심비템, #다이소건기식, #닥터블릿, #딜리노쉬, #대웅제약",54.0,,0.0,2026-01-28 08:00:23,https://www.instagram.com/p/DUDAAUqDw7O/
다이소,byak_yaksa,인스타그램,,"🍀 약사가 정리한 다이소 영양제 등급표 🍀 (편집 오류가 있어 다시 올려요!)     ✅️ 밀크씨슬 = F 등급  실리마린 함량에 속지마세요. 의약품아니면 유명 원료사로 먹어야 실리마린 중 중요한 실리빈이 보장됩니다.      ✅️ 바나바잎 = A 등급  가성비로 먹어는 볼 만한데 혈당에는 여전히  베르베린을 더 추천드리구요.     ✅️ 카테킨 = A 등급  카테킨은 콜레스테롤, 체지방에 도움이 될 수 있어서 가성비로 먹어볼 만 하다.      ✅️ 멀티비타민 = F 등급  이거 30알 모아봐야 비맥땡 한 알 정도 무슨 말인지 알겠죠? 함량이 너무 낮습니다.     ✅️ 칼마디 = B 등급  일단 탄산칼슘이 너무 마음에 안 들고 비타민 D 400이 거의 스쳐지나간 정도,,,      ✅️ 가르시니아 = F 등급  간독성 이슈가 있었죠. 가르시니아 성분 자체를 비추천합니다.     ✅️ 마그네슘 = B 등급  산화마그네슘이라 흡수율이 낮아서 비추 가성비 측면에서는 먹어볼만 합니다.      ✅️ 비타민 D 2000 & 4000 = S 등급  DSM 원료를 썼더라구요.  이건 먹어볼 만하다     ✅️ 비타민 C =  B등급  DSM 원료가 있긴한데 굳이 이산화 티타늄 색소를 왜 썼을까 이거 유럽은 2022년부터 안 쓰거든요     ✅️ 코큐텐 = B 등급  원료사가 일단 뭔지 모르겠는데 이미 성분, 가성비 좋은 코큐텐이 많아요     ✅️ 오메가 3 = F 등급  이게 다이소 1등이더라구요? 순도 고작 60%에  원료사도 불분명하고 포장도 PDVC가 아니라 PVC인 것도 아쉽습니다.     물론...! 진짜 저품질 보다는  다이소 영양제가 훨씬 낫습니다.   다만, 건강을 증진시키시거나 질환 관리를 원하신다면...!     저는 영양제는 좋은걸로 권장드리구요! (특히, 우리 팔로워분들 💕) 이중에서 오메가 3는 진짜... 진짜... 아니에요 여러분....     #여성건강 #다이소 #다이소영양제 #오메가3 #칼마디"".","#여성건강, #다이소, #다이소영양제, #오메가3, #칼마디",6814.0,,148.0,2026-03-31 15:50:19,https://www.instagram.com/p/DWjer29mK72/
다이소,thetrippick,인스타그램,,"아직도 매장에서 뭐 살지 고민해? 약사들이 극찬한 다이소 영양제 체크💊  @@ 다이소 같이 가줄 사람!!!  **  🎯@thetrippick 팔로우 하고 잼컨 보기🩷 여행의 모든 것은 우리가 PICK!  #다이소 #다이소영양제 #영양제 #건기식 #건강기능식품 #가성비 #정보 #정보공유 #꿀팁 #꿀팁공유"".","#다이소, #다이소영양제, #영양제, #건기식, #건강기능식품, #가성비, #정보, #정보공유, #꿀팁, #꿀팁공유",27.0,,2.0,2026-01-24 04:00:13,https://www.instagram.com/p/DT4RV5gAQ5Z/
다이소,bari_yaksa,인스타그램,,"✅️ 다이소 영양제? 제품 핵심정리 ✅️  다이소에서  영양제?! 를 팔기 시작했네요.  제품들이 궁금해서 알아봤는데,  5000원이라는 금액이 납득이 되는 제품도 있고  터무니없는 제품이라 생각되는 제품들도 있네요  정해진 금액에 성분과 배합을 조합하기가 쉽지 않을 텐데,  그럼에도 그나마 5000원이라는 금액이  합리적인 소비가 될 수 있도록 정리해 봤습니다.   개인적으로 다이소 제품들은  영양제를 입문하기 위한 용도로 보는 게 맞는 것 같습니다.   믿을만하고 좋은 제품을 찾으시는 분들께는 선택지가 더 많으니 참고용으로 안내드립니다!  #다이소 #다이소영양제"".","#다이소, #다이소영양제",38.0,,0.0,2025-02-28 15:36:02,https://www.instagram.com/p/DGnypjdv3Wj/
