brand_name,account_name,content_url,comment_text
올리브영,daejangsarang_official,https://www.instagram.com/p/CgdRGkGvxzQ/,@migung365_official #올영데이 #올리브영 #올리브영데이 #올영세일 #대장사랑오리지널 #대장사랑 #미궁365 #올리브영차전자피 #올리브영건강기능식품 #올리브영추천템 #올리브영추천 #올리브영멤버십 #올리브영특가찬스
올리브영,kalo_official_kr,https://www.instagram.com/p/Cz8Ui5ItqGt/,#KALO #칼로 #경남제약칼로 #경남제약kalo #올리브영추천 #다이어트 #다이어트건강기능식품 #체지방관리 #다이어터소통 #다이어터 #식단관리 #진예 #칼로스탑플러스 #칼로컨트롤플러스 #칼로나이트 #경남제약 #하루한포 #올리브영다이어트 #올리브영건강기능식품 #올리브영칼로
올리브영,hoho.family_jeju,https://www.instagram.com/p/DJF_Ni-Tqk6/,@hoho.family_jeju #올리브영추천 #올영추천템 #올리브영먹거리 #올리브영식품 #올리브영건강기능식품 #올영추천 #어버이날선물 #스승의날선물 #어버이날 #스승의날 #친구생일선물 #친구선물추천
올리브영,kalo_official_kr,https://www.instagram.com/p/Cy0OPtxJFFd/,#KALO #칼로 #경남제약칼로 #경남제약kalo #올리브영추천 #다이어트 #다이어트건강기능식품 #체지방관리 #다이어터소통 #다이어터 #식단관리 #진예 #칼로스탑플러스 #칼로컨트롤플러스 #칼로나이트 #경남제약 #하루한포 #올리브영다이어트 #올리브영건강기능식품 #올리브영칼로
올리브영,kalo_official_kr,https://www.instagram.com/p/Cy0ORUXrTLH/,#KALO #칼로 #경남제약칼로 #경남제약kalo #올리브영추천 #다이어트 #다이어트건강기능식품 #체지방관리 #다이어터소통 #다이어터 #식단관리 #진예 #칼로스탑플러스 #칼로컨트롤플러스 #칼로나이트 #경남제약 #하루한포 #올리브영다이어트 #올리브영건강기능식품 #올리브영칼로
올리브영,coucouyj,https://www.instagram.com/p/C2JULfOv2qE/,@coucouyj 마그네슘 챙기기💜
올리브영,9_0101,https://www.instagram.com/p/Czfy2LYJZBq/,@hellogitty_ 요즘 마그네슘 필슈...
올리브영,lilly_yaksa,https://www.instagram.com/p/Cyx6b8tpIRD/,@lilly_yaksa 올리브영꺼 추천해주신 아임비타 비타민D 성인이랑 애들이랑 같이 섭취하면안될까요?
올리브영,zzinheart_home,https://www.instagram.com/p/Cr2-J6Cp4Bd/,@heathers__m 비타민B 피곤을 확 날려주더라구요 👍🏻👍🏻🥰
올리브영,zzinheart_home,https://www.instagram.com/p/Cr2-J6Cp4Bd/,@akkowoon_bro 액상비타민이 진짜 한번 먹어보니 확실히 좋더라구요😍
올리브영,zzinheart_home,https://www.instagram.com/p/Cr2-J6Cp4Bd/,@from_.in 네! 건강기능식품이라 매일 먹어도 되요😊🥰
올리브영,sujin_ssu,https://www.instagram.com/p/DNF-TctyZMl/,@sia_yooon 맞아요ㅜㅜ 밥맛입맛없어도 영양제는 꼬옥! 건강해요 우리🙌
올리브영,ru21_papearl,https://www.instagram.com/p/CDJnL0gHJxt/,#알유21 #알유이십일 #ru21 #비타민추천 #비타민c #비타민b #글루코스 #L시스틴 #스테아린산마그네슘 #몸에좋은거 #비타민추천 #올리브영비타민제 #올리브영비타민 #올리브영영양제 #수험생선물 #직장인피로 #숙취해소제 #알유21필수
올리브영,jihyea87,https://www.instagram.com/p/CFPBS8QFn-o/,@jihyea87 #유산균다이어트 #여에스더 #건강챙기세요 #가족건강 #면역력강화 #면역력키우기 #건강스타그램 #장건강 #만성변비탈출 #가즈아
올리브영,rnjsdnr010,https://www.instagram.com/p/DXHgaikjwnr/,@rnjsdnr010 #oliveyoung #allthebetter #オリヤン #むしろ良い #젤리 #눈건강루테인 #영양제 #루테인 #올리브영추천 #올리브영영양제 #루테인구미 #루테인젤리 #ルテイン #ルテインゼリー #ゼリー #オリーブヤング #올영 #데일리
올리브영,estherformula_people,https://www.instagram.com/p/DP3bqH0DwnK/,#에스더포뮬러 #파워퍼프걸 #파워퍼프걸에디션 #파워퍼프걸콜라보 #여에스더글루타치온 #글루타치온필름 #종합비타민 #멀티비타민 #오메가3 #밀크씨슬 #이뮨샷 #이뮨비타민 #이뮨비타민샷 #비타민C #리포좀비타민C #올리브영 #올리브영영양제
올리브영,hazzi_motd,https://www.instagram.com/p/C5ioy8VSokn/,@hazzi_motd #영양제 #피로회복제 #환절기면역력 #면역력 #환절기면역템 #밀크씨슬 #멀티비타민 #올리브영비타민 #올영추천템 #올영세일추천템 #간피로
올리브영,__sehee_kim,https://www.instagram.com/p/C5av3D8vKnY/,@__sehee_kim #굿슬립가바#가바365#꿀잠캠프#꿀잠트래블러#수면영양제#수면장애#직장인영양제#수면영양제#영양제추천#올리브영영양제#싱잉볼#singingball#요가
올리브영,syjuknow,https://www.instagram.com/p/C6YaegQPOjc/,@syjuknow #굿슬립가바365 #꿀잠캠프 #꿀잠트래블러 #수면영양제 #수면건강기능식품 #수면장애 #굿슬립가바 #직장인영양제 #가바영양제 #영양제추천 #올리브영영양제
올리브영,jiiinww,https://www.instagram.com/p/CynXmI4Phxc/,@allblue.jin #굿슬립가바 #직장인영양제 #가바영양제 #영양제추천 #올리브영영양제 #코스트코영양제 #꿀잠템 #숙면템
올리브영,home.cookiee,https://www.instagram.com/p/Czq5JBpStuM/,@ring___s 요즘은 다양한 영양제가 많은 것 같아용!👍🏻🤍
올리브영,hwa._.beauty,https://www.instagram.com/p/DVKvJJzCeSl/,@hwa._.beauty #건강적금 #적금추천 #cjwellcare #씨제이웰케어 #올리브영영양제
올리브영,hwa._.beauty,https://www.instagram.com/p/DVKvJJzCeSl/,@mixxo_99 집에 와서 들구 가세염 영양제~❤️
올리브영,aaa.kyung,https://www.instagram.com/p/C5XhFQxSxWm/,@hyemue 이제는 멀티비타민 징짜 챙겨먹어야되는😭💚
올리브영,aaa.kyung,https://www.instagram.com/p/C5XhFQxSxWm/,@eunae_jw 이제는 멀티비타민없음 안되는거 같아용🤣👍🏻
올리브영,aaa.kyung,https://www.instagram.com/p/C5XhFQxSxWm/,@jjuing0613 저 요즘 뉴칸 비타민에 의존하고 있어요ㅎㅎㅎㅎㅎㅎ
올리브영,aaa.kyung,https://www.instagram.com/p/C5XhFQxSxWm/,@dalbodre_congdak_kkongyang 요런 멀티비타민 요즘 넘 필수🤍
올리브영,home.cookiee,https://www.instagram.com/p/CyXwV54SvNc/,@dailyen_home 영양제가 꾸준히 먹는게 은근히 어려운 것 같아용🤣❤️
올리브영,home.cookiee,https://www.instagram.com/p/CyXwV54SvNc/,@jaymom0421 다른 영양제는 다 챙겨먹어두 이런건 먹어볼 생각을 못해봤는뎅 한 번 잘 챙겨먹어보겟습니당❤️!!
올리브영,home.cookiee,https://www.instagram.com/p/CyXwV54SvNc/,@jyhd1124 영양제 잘 챙겨먹어야하는 나이이니까..잘 먹어보께용🤣💜
올리브영,home.cookiee,https://www.instagram.com/p/CyXwV54SvNc/,@home.cookiee #굿슬립가바 #직장인영양제 #가바영양제 #영양제추전 #올리브영영양제 #코스트코영양제 #꿀잠템 #숙면템
올리브영,yoga.by.tammy,https://www.instagram.com/p/C2mIePyvCyv/,"@seoa_feela 콜라겐구미 진짜 너무 맛있어요🤣 젤리 땡길땐 무조건 요고입니당,,🩷🩷"
올리브영,syjuknow,https://www.instagram.com/p/C4iacmUvI3n/,@syjuknow #굿슬립가바 #직장인영양제 #가바영양제 #영양제추천 #올리브영영양제 #코스트코영양제 #꿀잠템 #숙면템
올리브영,dabin98_0321,https://www.instagram.com/p/DKSGN4MyRzC/,@dabin98_0321 #올리브영영양제 #국민영양제 #썬워르드는떠선뉴우
