comment_text,content_id,형태소,형태소기반_감정,맥락기반_감정
티멤버십 찍고 CUqr 찍으면 삐삐 소리나는데 그냥 넘기시면 할인들어 갑니다. 근데 안되는거는 저도 모르겠습니다.,1,"['멤버십', '소리', '넘기', '할인', '모르']",중립,중립
T멤버쉽 쓰고 포켓QR인건지 이거 중복이 안되는데 순서가 어찌되는지 ㅠㅠ,1,"['멤버', '포켓', '이거', '중복', '순서']",중립,중립
건식이 생각보다 싸기 때문에 인터넷가 대비 1/3 가격정도 일듯,1,"['생각', '때문', '인터넷', '대비', '가격', '정도']",중립,중립
지금 1플1 행사하는데 그럼 10개 집어야 하나요?😊,1,"['플1', '행사']",중립,중립
우즈패스돼요?,1,"['우즈', '패스']",중립,중립
오늘도 되나요?,1,['오늘'],중립,중립
이거 페이스페이로 결제도 가능한가요?,1,"['이거', '페이스', '페이', '결제', '가능']",중립,중립
T멤버십 하고 cu qr 적용하면 삐삐소리나고 중복안되던데 어떻게 하면 중복적용이 가능한가요?,1,"['멤버십', '적용', '소리', '중복', '어떻', '중복', '적용', '가능']",중립,중립
,2,[],중립,중립
,3,[],중립,중립
,4,[],중립,중립
,6,[],중립,중립
,7,[],중립,중립
,8,[],중립,중립
,9,[],중립,중립
,11,[],중립,중립
,12,[],중립,중립
,13,[],중립,중립
,14,[],중립,중립
,16,[],중립,중립
,17,[],중립,중립
,18,[],중립,중립
역시 건강은 종근당이네요,19,"['건강', '종근당']",중립,중립
어머 저도 씨유 가봐야겠어요,19,['씨유'],중립,중립
엇 cu 메모...!!,19,['메모'],중립,중립
건강기능식품 다양해요,19,"['건강', '기능', '식품']",중립,중립
,20,[],중립,중립
,21,[],중립,중립
퇴근길에 듣구 갑니다. 찜통더위에 건강도 잘챙기세요,22,"['퇴근길', '찜통', '더위', '건강', '챙기']",긍정,중립
아프지마시고~ 더운날씨건강조심하세요!!,22,"['아프', '날씨', '건강', '조심']",부정,중립
건기식없으면 발주해달라고 하시는게 빨라요 😂,24,"['건기', '발주', '빠르']",중립,중립
13개 가져왔습니다 점주님이 정말 안팔리는건데 드뎌 나간다고하더군요,24,"['가지', '점주', '팔리', '나가']",중립,중립
요즘 편의점 할인혜택 받으려면 날짜 상품 QR코드 알아야해서 빡시네요ㅎㅎ 이전에 GS25 GSPay 결제시 1+1 받던 브레디스크 롤케익이 개인적으로 젤 좋았어요ㅎㅎ,24,"['요즘', '편의점', '할인', '혜택', '날짜', '상품', '코드', '이전', '결제', '브레', '디스크', '케익', '개인']",중립,중립
티멤버십 적용 못해서 12개에 6천원에 샀네요 ㅠ,24,"['멤버십', '적용']",중립,중립
GS25는 QR결제로 해야한다는건가요? 아님 QR을 찍고 실물 카드로도 결제 가능한건가요?,24,"['결제', '아니', '실물', '카드', '결제', '가능']",중립,중립
건기식 토스페이포인트도 되나요?,24,"['건기', '토스', '페이', '포인트']",중립,중립
GS 리얼프라이스 상품은 QR할인 찍고 KB페이로 결제하면 할인 적용안되나요? 플라스틱카드로 해야되는건지..,24,"['리얼', '프라이스', '상품', '할인', '페이', '결제', '할인', '적용', '플라스틱', '카드']",중립,중립
4:30 큐알 어떻게 하는 건가요?,24,['어떻'],중립,중립
계란30개가 아니구15개들어있어요~,24,"['계란', '아니']",중립,중립
고구마 사고 아아 800원에 살수 있다는뜻 맞죠? Gs 어플로 결제해야 하나요?,24,"['고구마', '어플', '결제']",중립,중립
"GS 삼김Gspay 세븐 닭다리 BC,카페머니 정도가 저한텐 맞네요",24,"['세븐', '다리', '카페', '머니', '정도']",중립,중립
cu 할인해서 샌드위치 잘 먹었는데 아쉽네요,24,"['할인', '샌드위치', '아쉽']",중립,중립
T멤버십 중복 안되는거 같으니 다들 참고하시길..,24,"['멤버십', '중복', '참고']",중립,중립
캬,24,[],중립,중립
cu 적용전에 티멤버쉽 먼저 적용하니 됩니다,24,"['적용', '멤버', '적용']",중립,중립
,25,[],중립,중립
,26,[],중립,중립
,27,[],중립,중립
,28,[],중립,중립
,29,[],중립,중립
,30,[],중립,중립
,31,[],중립,중립
,32,[],중립,중립
,33,[],중립,중립
텐텐이네 ㅋㅋ,34,['텐텐'],중립,중립
혀 다 닳겠음,34,[],중립,중립
오 미네랄캐는중,34,['미네랄'],중립,중립
살아있는 소는 먹지만 삶은소...도 먹을까?,34,[],중립,중립
요즘 글로벌 경제난이 이리 심각합니다. 벽돌을 먹이네...,34,"['요즘', '글로벌', '경제난', '심각하', '벽돌', '먹이']",중립,중립
https://mkt.shopping.naver.com/link/693c07fd5ea0a206e537298f,35,[],중립,중립
,36,[],중립,중립
,38,[],중립,중립
꼬미 가방타고다닐때 저렇게 쳐다보고 있어요? 너무 귀엽네 ㅠㅠㅠㅠ,39,"['꼬미', '가방', '다니', '저렇', '쳐다보', '귀엽']",긍정,중립
꺄 꼬미왔다~!~!!,39,['꼬미'],중립,중립
항상 조심해서 다녀야겠네요😢,39,"['조심', '다니']",중립,중립
혐생으로 이제야 정주행 합니다용😢,39,['주행'],중립,중립
꼬미먹는쌀과자뭐예요?,39,"['꼬미', '과자']",중립,중립
,40,[],중립,중립
,41,[],중립,중립
어르미 꼬리 흔드는거야? ㅋㅋㅋ 귀여워💖💖💖,42,"['어르미', '꼬리', '흔들', '귀엽']",긍정,중립
So cute 🤩🥳,42,[],중립,중립
Good Morning! Look at that happy tail! SO CUTE! :-),42,[],중립,중립
,42,[],중립,중립
,43,[],중립,중립
얘들아.. 그냥 적당히 마셔라.. 절대라는건 없다.. 따라하다가 한방에 훅 가서 추운데 공원에서 자다가 멀리 떠날 수 있다!! (난 다행히 누가 경찰에 신고해서 10년전에 살 수 있었다..),44,"['마시', '따르', '공원', '떠나', '누구', '경찰', '신고']",중립,중립
30대되서 배운거 알려준다. 26학번들 잘들어!! 영상에서 말한거 다 필요없고 마시다가 살짝 술이 들어왔다는 느낌이 드는순간 물로 바꿔치기해서 물만 마시면 적당히 취해서 집에갈수있고 숙취도 없다!!! 대학친구 영원할줄알고 부어라마셔라 해뜰때까지 마셔봤는데 그거 다 부질없더라. 물로 바꿔치기 할때 눈치빨라서 넌 왜 물마셔!! 하는애 있는 술자리는 가지마라!!,44,"['배우', '알리', '학번', '영상', '필요', '마시', '들어오', '느낌', '순간', '바꿔치기', '마시', '취하', '숙취', '대학', '친구', '영원', '마시', '마시', '그거', '부질없', '바꾸', '눈치', '빠르', '마시', '술자리']",중립,중립
🥹뽀로로대학생이 벌써 술을 이기는 방법을 알다니 흠흠☺️,44,"['뽀로로', '대학', '이기', '방법']",중립,중립
안취하는 방법은 이게 맞지만 오로지 숙취가 걱정이시면 알디콤 플러스가 직빵입니다…. 술은 잘 마시는데 숙취가 심해서 숙취해소제 이것저것 다 먹어봤는데 알디콤 플러스만한게 없어요,44,"['취하', '방법', '이것', '숙취', '걱정', '알디콤', '플러스', '마시', '숙취', '심하', '숙취', '해소', '이것저것', '알디콤', '플러스']",중립,중립
그냥 적장히 먹는게 좋습니다 ㅋㅋ,44,['적장'],중립,중립
RU21은 인정,44,['인정'],중립,중립
참새구이가 맛있더라구요 ㅎㅎ,44,"['참새', '구이', '맛있']",중립,중립
이거 간상해요..,44,"['이거', '상하']",중립,중립
취하고 싶어서 술 마시는건데 안취하면 ㅜㅜ,44,"['취하', '마시', '취하']",중립,중립
없어도 10병깐다 숙취는 평생없었다...이러다 확 가겠지....,44,"['숙취', '평생', '이러']",중립,중립
예아....,44,[],중립,중립
이렇게까지 먹어야되나....,44,['이렇'],중립,중립
세병까면 다개됩니다,44,[],중립,중립
애쓰신다 아빠 한살이라도 젊었을때 많이 드셔보시길 난 그대로거나 짬차서 강해지는데 아빠는 확 갈때 얼마나 안타까운지 여러 사건이 있었지만 장인어른과 아빠가 나보다 월등히 슬 못먹는게 어느순간 느껴졌을때 서글픔 물론 여기서 말한 밀크시슬류(우루사)는 거의 매일먹고 및 ru21은 진짜 가끔 먹음,44,"['애쓰', '아빠', '드시', '강하', '아빠', '안타깝', '사건', '장인어른', '아빠', '순간', '느끼', '서글프', '여기', '밀크', '우루사']",중립,중립
이정도면 10병 까는거 라이브로 올리는게...,44,"['정도', '라이브', '올리']",중립,중립
그냥 이런거없이 다 잘먹고 술도 많이먹고 다음날 숙취도없이 일상생활하는 사람들이 제일 신기함,44,"['다음날', '숙취', '일상', '생활', '사람']",중립,중립
차라리 못 마시는척 하겠음,44,['마시'],중립,중립
젊으니까 간이 생생하니 저게 통하는거지...나같은 40대는 오만방법 다써도 이미 간이 쩔어있어서....이게 술인지...물인지 감없이 들이붓다보면 개되어 있음...,44,"['저것', '통하', '거지', '방법', '이것', '들이붓']",중립,중립
열어분 절대는 없습니다~😢 저도 알고싶지 않았어여~...,44,['어부'],중립,중립
내일 저희 과의 자존심을 걸고 술배 나갑니다. 살아 돌아오겠습니다,44,"['저희', '자존심', '나가', '돌아오']",중립,중립
술을 안먹는게,44,[],중립,중립
단백이 ㄹㅇ 히트임ㅋㅋ,45,"['단백', '히트']",중립,중립
"아니 단백이 진짜 좋아보이는데...??! 회사 앞에 gs에서 맨날 프로틴쉐이크랑 닭가슴살 사먹었는데 이제 단백이로 단백질 챙기면 될 것 같아서 벌써 좋음,,,,, cu에서만 파는 줄 알았는데 댓글에서 gs에도 판다고 해주셔서 넘 기뿜 ㅜㅜㅜ 단백이로 단백질 열심히 채워볼ㄹ게요",45,"['단백', '보이', '회사', '프로', '쉐이크', '가슴살', '단백질', '챙기', '댓글', '단백', '단백질', '채우']",긍정,중립
운동 막 시작해서 편의점에서는 닭가슴살만 먹었는데 단백이라는게 있었다니 한번 먹어봐야겠네요-,45,"['운동', '시작', '편의점', '가슴살', '단백']",중립,중립
요즘 형님 영상보고 식단 참고하고있습니다! 단백이까지 먹으면 더 완벽할것같습니다!!!!!!,45,"['요즘', '영상', '보고', '식단', '참고', '완벽']",중립,중립
진짜 내가필요한 영상이다,45,"['필요', '영상']",중립,중립
초밥 다이어트 컨텐츠 해주세여😂,45,"['초밥', '다이어트', '컨텐츠']",중립,중립
헤어스타일 멋져요,45,"['헤어', '스타일', '멋지']",중립,중립
저게 먼가요? 자세히.비타민 비인가요.씨인가요? 오메가3인가요? 그냥 효능만보고 그냥 중복으로 사도되는건가요?,46,"['저것', '비타민', '오메가', '효능', '중복']",중립,중립
양이얼마나되는지요,46,[],중립,중립
다이소 엠에스앰,46,"['다이소', '에스']",중립,중립
그냥발로해라화면두번얼첬냐누를릴없다,46,"['발로', '화면', '누르']",중립,중립
*우리 동네 약사님은 간수치 높아진다고 가급적 다이소 영양제 먹지 말라던데용..*,46,"['우리', '동네', '약사', '간수', '다이소', '영양제']",중립,중립
양비ㅣㅣ진,46,[],중립,중립
그래요말과글오ㅡㄹ리니 감시 합니디ㅣㅡ,46,"['오리', '감시']",중립,중립
😂,46,[],중립,중립
과연 믿을수있음?싼게비지떡.허접하면싸지,46,"['비지', '허접']",중립,중립
ㅎ,46,[],중립,중립
이렇게 정직하게 비교해주는 약사가 있어서 다행이네요.,47,"['이렇', '정직', '비교', '다행']",중립,중립
약국에서 파는 영양제와 함량 같습니다 약국은 판매마진이 높다는 차이입니다 다이소영양제 고를때 함량을 보고사면 됩니다,47,"['약국', '영양제', '함량', '약국', '판매', '마진', '차이', '다이소', '영양제', '고르', '함량']",중립,중립
브이팩 남성용이랑 같이 먹을 종합비타민은 어떤게 좋을까요??,47,"['브이', '남성', '종합', '비타민']",중립,중립
다이소 신제품으로 스트레스쉼 + 기억력 그린라이트 합쳐놓은 기억력의 정석이라는 제품 나왔어요! 하나 가격으로 두개를 합쳐놓은거 같아서 일단 구매해봤는데 잘산건가요!?,47,"['다이소', '제품', '스트레스', '기억력', '그린', '라이트', '합치', '기억력', '정석', '제품', '나오', '하나', '가격', '합치', '구매']",중립,중립
캬,47,[],중립,중립
콜라겐이 먹는다고 흡수기 도나요,47,"['콜라겐', '흡수']",중립,중립
그냥 센트룸 드셔,47,"['센트', '드시']",중립,중립
눈은 안국약품 토비콤루테인지아잔틴,47,"['안국', '약품', '토비콤루테인지아잔틴']",중립,중립
격이 떨어지는 순간들~!,47,"['떨어지', '순간']",중립,중립
안국약품이 비교적 좋군요!,47,"['안국', '약품']",중립,중립
비타민d 는 진짜 아무거나 먹어도 되는 영양소임;;,49,"['비타민', '아무거', '영양소']",중립,중립
영상 못보겠다.. 음석이 겹쳐서 나옴,49,"['영상', '겹치', '나오']",중립,중립
뭘 두번 터치하래 ㅡㅡ,49,['터치'],중립,중립
"안녕하세요, 디렉터파이입니다. 본 영상은 전 제품 구매하여 제작한 영상입니다.",50,"['안녕', '디렉터', '파이', '영상', '제품', '구매', '제작', '영상']",중립,중립
3가지 제품 한번에 같이 먹어도 되나요 ??? 아침에 먹어야되나요?,50,"['가지', '제품', '아침']",중립,중립
이 영상에 나온 방법 그대~로 적용해서 월 1억 번 60대 컴맹의 스토리가 궁금하다면? 이 영상 클릭해보세요~! (▼클릭) https://youtu.be/jz6mQFKJVJw,51,"['영상', '나오', '방법', '적용', '컴맹', '스토리', '영상', '클릭', '클릭']",중립,중립
"강의수료 뿐만아니라 영업신고, 사업자등록까지 해야되지 않나요??",51,"['강의', '수료', '아니', '영업', '신고', '사업자', '등록']",중립,중립
건기식은 쿠팡에서 소명요청을 많이하는거 같은데요... 재고확보나 구매이력도 없이 그냥 올리기만하면 되나요? 올렸는데 만약 정품소명 하라고하면 어찌 대응하면 좋을까요?,51,"['건기', '쿠팡', '소명', '요청', '재고', '확보', '구매', '이력', '올리', '올리', '만약', '정품', '소명', '대응']",중립,중립
배송은 어떻게 하나요?. 매입을 해서 개별 배송인지 궁금합니다.,51,"['배송', '어떻', '매입', '개별', '배송', '궁금하']",중립,중립
건기식도주문들어오면매장가서픽업해서가격표제거후배송하시는거죠?,51,"['건기', '주문', '들어오', '매장', '픽업', '가격표', '제거', '배송']",중립,중립
다이소에 가격이 다 적혀 있는데 그냥 그대로 보내도 상관 없는거에요? 요즘 바코드가격으로 스티커없이도 되어잇던데 상관없아오?,51,"['다이소', '가격', '적히', '보내', '상관', '요즘', '바코드', '가격', '스티커', '상관없']",중립,중립
같은 제품 보니깐 다 무료배송인데 배송비 포장비는 어떻하나요?,51,"['제품', '무료', '배송', '배송', '포장', '어떻', '하나']",중립,중립
저 가격이 뻔히 있다면 쿠팡하고 다이소몰에서 비교해서 다이소몰에서 사는 사람도 있지 않을까요?,51,"['가격', '쿠팡', '다이소', '비교', '다이소', '사람']",중립,중립
다이소에 있는것을 쿠팡에서 사나요?,51,"['다이소', '쿠팡']",중립,중립
이런 영상은 많다 문제는 하나같이 배송비는 말을안해주네? 강의팔이라 그런가,51,"['영상', '문제', '배송비', '강의', '그렇']",중립,중립
100만 가자!,52,[],중립,중립
우와 혈당스파이크때문에 첫끼 이후 식곤증이 너무 심한 타입이라 애사비 등 찾아다니고있었는데 다이소에도 저런게 있군요 며칠내로 당장 사서 바나바잎추출물 먹어봐야겠어요!,52,"['혈당', '스파이크', '때문', '이후', '식곤증', '심하', '타입', '찾아다니', '다이소', '며칠', '당장', '바나바', '추출물']",중립,중립
미성년자 먹어도 될까요? 그리고 저기 있는거 멋대로 맞는거 골라서 조합해서 먹어도 문제 없는걸까요?,52,"['미성년자', '저기', '고르', '조합', '문제']",중립,중립
이제 직구 안해도 되겠네요,53,['직구'],중립,중립
당장 다이소에 달려간다,53,"['당장', '다이소', '달려가']",중립,중립
"확실히 의사는 영양소와 천연물에 대해서 잘 모름. 아연이라고 적혀 있으면 다 같은 아연이고 칼슘이라고 적혀 있으면 다같은줄 아는 모양. 조개껍질 갈아 넣어도 칼슘,고급 유기산 칼슘도 칼슘, 그러나 원료 가격부터 효과까지 천지차이 . 가격이 비싼건 이유가 있고 환자의 반응도 분명하게 차이남. 그래서 저가품은 조금 먹다가 굴러 다니다가 버리게 됨.오히려 돈 날리는 셈",53,"['의사', '영양소', '천연', '대하', '모르', '아연', '적히', '아연', '칼슘', '적히', '모양', '조개', '껍질', '칼슘', '고급', '유기산', '칼슘', '칼슘', '원료', '가격', '효과', '천지', '차이', '가격', '비싸', '이유', '환자', '반응', '차이', '저가', '구르', '다니', '버리', '날리']",중립,중립
아 다이소 눈영양제 사고 싶어서 검색해봅니다^^,54,"['다이소', '영양제', '검색']",중립,중립
😅😅😅😅😅😅🎉🎉🎉🎉🎉🎉,54,[],중립,중립
,55,[],중립,중립
티니핑 ..어린이 영양재랑 액상 마그네슘은 어떤가요?,56,"['티니핑', '어린이', '영양', '액상', '마그네슘', '어떻']",중립,중립
바나바잎은 단종ㅜㅜ,56,"['바나바', '단종']",중립,중립
약사들도 연합해서 일본 드럭스토어처럼 크게 만들면 해결 아님?,58,"['약사', '연합', '일본', '드럭', '스토어', '만들', '해결', '아니']",중립,중립
의사도 똑같은 개혁이 필요함,58,"['의사', '똑같', '개혁', '필요']",중립,중립
근데 솔직히 납품업체입장에선 저게당연한게맞음.비겁한게아니라 당신들같으면 하향할것같은 주식에 투자를하겠음?결국 자기돈아니니까 비겁하다고 표현하는게 올바르지 못하다고 말하고싶음.,58,"['납품업체', '입장', '저것', '당연', '아니', '당신', '하향', '주식', '투자', '자기', '아니', '표현', '올바르', '못하']",중립,중립
일일필요량 딱 100에 맞췄던데 보통은 몇천 몇백프로도 많던데요😊,58,"['일일', '필요량', '맞추', '보통', '프로']",중립,중립
일양은 다이소입점하고싶다고 들어올거같다,58,"['일양', '다이소', '입점', '들어오']",중립,중립
아 진짜 이젠 전문의약품(처방 필요함) 만 약국에서 팔겠네,58,"['이제', '전문', '의약품', '처방', '필요', '약국']",중립,중립
동국제약 마데카 리포좀 레티놀 좋음 ㅎㅎㅎㅎ 몬가 기분탓인거같긴한데 피부 밝아지는 너낌,58,"['동국', '제약', '마데카', '리포좀', '레티놀', '기분', '피부']",중립,중립
약사들..,58,['약사'],중립,중립
약사화교,58,"['약사', '화교']",중립,중립
처방은 의사가 하고 약은 제약회사가 만들고 약사들은 처방전보고 포장만 해서 주면되는 할짓없는 럭키편돌이 그자첸데 진작 이랬어야지,58,"['처방', '의사', '제약', '회사', '만들', '약사', '처방전', '포장', '럭키', '자체', '이렇']",중립,중립
여태껏 약사들 얼마나 해쳐먹은거냐,58,"['약사', '해치']",중립,중립
약싸개,58,['약싸개'],중립,중립
당뇨는 뭘 먹으려 하지말고 안먹으려 노력해야됩니다 먹어서 생기는병 그게 당뇨입니다,59,"['당뇨', '노력', '생기', '그것', '당뇨']",중립,중립
역시 결론은 건강한 식단과 운동이 기본이네요. 여기에 충분한 수면 까지 해주면 더욱더 좋을듯 합니다.,59,"['결론', '건강', '식단', '운동', '기본', '여기', '수면']",중립,중립
배우고 갑니다,59,['배우'],중립,중립
지금이분같은경우는 평소 혈당자체가 일반인보다 더 극적으로 좋으신분이에요 일반인보다 훨씬 건강하신분임... 저런건 이제 저처럼 관리가 잘 안된사람들이 먹어서 그걸 보여주면됩니다 바나바잎 영양제 저런거 관리안된사람이 먹게되면 사람마다 다르겠지만 약빨 잘받는사람들은 진짜 드라마틱하게 효과나옵니다 평소랑 똑같이먹었는데 한 3주정도 지나면 20~30정도 줄어드는게 눈에 보입니다... 평소 혈당 200씩나오는게 180정도까지도 떨어지더라구요ㅋㅋㅋㅋㅋㅋㅋㅋㅋㅋㅋㅋㅋㅋㅋㅋ,59,"['경우', '평소', '혈당', '자체', '일반인', '일반인', '건강', '관리', '사람', '그거', '보이', '바나바잎', '영양제', '관리', '사람', '사람', '다르', '사람', '효과', '나오', '평소', '정도', '지나', '정도', '보이', '평소', '혈당', '나오', '정도', '떨어지']",긍정,중립
"우리나라에 나와있는 영양제, 비타민, 혈당제등 건강보조, 기능식품은 성분이 거의 똑같은데 가격만 다르다.",59,"['우리', '나라', '나오', '영양제', '비타민', '혈당', '건강', '보조', '기능', '식품', '성분', '똑같', '가격', '다르']",중립,중립
5개월전에 ldl수치높아서 약먹어야된댔는데 빵먹고 과자먹고 평소랑 똑같은 패턴으로 생활하고ㅋ 약사가 쿄릭좋대서 쿄릭이랑 다이소 베르베린이랑 지마켓으로 산 혈당영양제먹었더니 정확히 159에서 121로 떨어짐ㅋ,59,"['개월', '수치', '과자', '평소', '똑같', '패턴', '생활', '약사', '쿄릭', '쿄릭', '다이소', '베르', '마켓', '혈당', '영양제', '떨어지']",중립,중립
의사선생님과 상담할꺼면 안먹는게 좋죠~,59,"['의사', '선생', '상담']",중립,중립
약만으로 해결되는 건 아무것도 없는듯,59,"['해결', '아무것']",중립,중립
약효를 보려면 먹으라는 양보다 5배는 더 먹어야 함,59,['약효'],중립,중립
"혈당이 그렇게 중요하면 제일 본질적인 탄수화물(포도당,과당등)을 적게 먹어야하는거 아님? 그리고 에너지가 필요하면 포도당(탄수화물)을 넣어주는게아니라 지방을 넣어주는 방법도 있는거고 지방은 인슐린이 반응안하는 에너지원이니까 운동하면 몸이 근육에 포도당이라는 에너지를 넣어줘야하니깐 인슐린이 포도당을 근육으로 보내서 혈당을 빨리 낮추는 처리는 할듯 결국 본질은 과도하게 포도당을 몸에 너무 많이 넣은탓",59,"['혈당', '그렇', '중요', '제일', '본질', '탄수화물', '포도당', '과당', '아니', '에너지', '필요', '포도당', '탄수화물', '아니', '지방', '방법', '지방', '인슐린', '반응', '에너지원', '운동', '근육', '포도당', '에너지', '인슐린', '포도당', '근육', '보내', '혈당', '낮추', '처리', '결국', '본질', '과도', '포도당']",중립,중립
마그네슘 설사난다,60,"['마그네슘', '설사']",중립,중립
허리에좋타 누가그러죠ㅠ,60,"['허리', '누구', '그러']",중립,중립
밀크시슬 이랑허리는왜 엉터리 광고내,60,"['밀크', '이랑', '허리', '엉터리', '광고']",중립,중립
,61,[],중립,중립
내가 아주 그냥 다이소때문에 거덜나것따. 이제 약까지....집이 다이소가 되어가고있단다😂😂😂😂,62,"['다이소', '때문', '거덜', '다이소']",중립,중립
눈 에도 여려가지로 좋아지나요,62,"['여리', '가지']",중립,중립
,64,[],중립,중립
AI도 약사냐,65,['약사'],중립,중립
어디 다이소에서 영양제 파나요.,65,"['어디', '다이소', '영양제']",중립,중립
왜 전부 대웅제약이에요?,65,['대웅제약'],중립,중립
올리브오일+레몬 알약액상형으로 나왔습니다😊,66,"['올리브', '오일', '레몬', '알약', '액상', '나오']",중립,중립
콜린 미오이노시톨은 어떤가요?,66,"['콜린', '미오이노시', '어떻']",중립,중립
갈슘도해주세요,67,['갈슘'],중립,중립
다이소에 많네,67,['다이소'],중립,중립
너문.싼. 약을. 도 음을.주셔넸요,68,[],중립,중립
오,69,[],중립,중립
근데 모른다는게 문제.,69,"['모르', '문제']",중립,중립
당신이나 많이드셔요,69,"['당신', '드시']",중립,중립
,70,[],중립,중립
👀제품 구매 방법👀 ✅영상 왼쪽 아래 제품 미리보기 클릭 📌원하는 제품 선택,71,"['제품', '구매', '방법', '영상', '왼쪽', '아래', '제품', '클릭', '제품', '선택']",중립,중립
전부다 같이 먹어도 되나요?,71,[],중립,중립
이거 걍 진짜 ㅈㄴ맛있음 특히복숭아 쫀-득해,72,"['이거', '맛있', '복숭아', '쫀득하']",중립,중립
비오틴 묵어보고 싶었는데 탐나네요... 머리털 지쿄 🥹,72,"['비오티', '탐나', '머리털', '지쿄']",중립,중립
,73,[],중립,중립
상큼🍊,74,[],중립,중립
ㅋㅋㅋㅋㅋㅋ저거 포도맛도 갠찮대용,74,"['저거', '포도']",중립,중립
저거 사러 다이소 다시 갈게요 ㅠㅋ,74,"['저거', '다이소']",중립,중립
다이소로 달려ㅓ어엉,74,"['다이소', '달리']",중립,중립
뽀로로 음료수 먹는방법이랑 비슷합니다,74,"['뽀로로', '음료수', '방법']",중립,중립
어우 잠깐 비주얼이,74,['비주얼'],중립,중립
알음은 여기서 쓰는 말이 아니고 앎이라고 해야됨,74,"['알음', '여기', '아니']",중립,중립
약간 오투랑 비슷한듯,74,[],중립,중립
아니 뽀로로 음료수 안마사봄?! (화난거 아니고 TTS말투임),74,"['뽀로로', '음료수', '안마사', '아니', '말투']",중립,중립
실리콘트레이 한번쓰고 안써요 잘 빠질거 같죠? 플라스틱보다 더 안빠져요 뚜껑구멍으로 물 넣는거? 더 불편해요,75,"['실리콘', '트레이', '빠지', '플라스틱', '빠지', '뚜껑', '구멍', '불편']",중립,중립
,76,[],중립,중립
,81,[],중립,중립
,83,[],중립,중립
,84,[],중립,중립
,90,[],중립,중립
,101,[],중립,중립
다이소에 없으면 ..약국에 가서 산화 미그네슘 구매해서 드세요..,104,"['다이소', '약국', '산화', '미그네슘', '구매', '드세']",중립,중립
마그밀 처방받아 먹으면 됨. 대표적인 산화마그네슘 계열 변비약,104,"['처방', '대표', '산화 마그네슘', '계열', '변비']",중립,중립
산화마그네슘 마그밀도 아주잘들어요,104,"['산화 마그네슘', '밀도']",중립,중립
"약사님 혹시 프로뉴트리션 광고 보셨나요? 아랫배만 불룩하고 땀을 다른 사람보다 많이 흘리는 사람 어쩌고 하면서 장내에 찌꺼기가 남아있어서 그걸 비워주네마네 하던데,,과대광고일까요? 진짜 살 빼도 아랫배만 안 빠지고 최근 피부도 완전 뒤집어져서 그 광고보니 혹하더라구여..궁금합니다.",104,"['약사', '프로', '트리', '광고', '아랫배', '사람', '흘리', '사람', '어쩌', '장내', '찌꺼기', '그거', '비우', '과대', '광고', '아랫배', '빠지', '최근', '피부', '뒤집어지', '광고', '혹하', '궁금하']",중립,중립
,107,[],중립,중립
,111,[],중립,중립
,116,[],중립,중립
,117,[],중립,중립
,118,[],중립,중립
,127,[],중립,중립
,128,[],중립,중립
,129,[],중립,중립
혹시 초고도 근시 20대인데 시력 조금씩 나빠지는거 느끼고 안구건조가 심합니다..! 안국건강 루테인만 챙겨먹어도 될까요? 아님 어떤거 챙겨먹으면 될까요..?,132,"['고도', '근시', '시력', '조금', '나빠지', '느끼', '안구', '건조', '심하', '건강', '루테', '챙기', '아니', '챙기']",긍정,중립
"굿모닝 입니다쌤~^^ 안토시아닌50mg,루테인10,아스타잔틴2,지아잔틴2이면 어떤가요? 비타민A가 없네요.",132,"['굿모닝', '안토시아닌', '루테', '아스타잔틴2', '지아잔틴2', '어떻', '비타민']",중립,중립
그게 뭔가요,132,['그것'],중립,중립
그게뭔지요?,132,['그것'],중립,중립
솔티스 이런거는 어떤가요?,132,"['솔티스', '어떻']",중립,중립
,133,[],중립,중립
다이소가서 눈에 보이면 무조건 사서 먹어봐야겠네요,134,"['다이소', '보이']",중립,중립
새로운 다이소 핫템이네여,134,"['새롭', '다이소', '핫템']",중립,중립
,135,[],중립,중립
50대 직장인 싱글녀가 퇴근 후 시간 보내는 법 >>> https://www.youtube.com/watch?v=Do6Rkz-xaJE&t=93s,136,"['직장인', '싱글', '퇴근', '시간', '보내']",중립,중립
,137,[],중립,중립
,139,[],중립,중립
,143,[],중립,중립
,144,[],중립,중립
,145,[],중립,중립
저 베르베린 500mg가 아니라 실제로는 100mg이던데...?,146,"['베르', '아니']",중립,중립
가격은 또 왜 이렇게 착해?!,149,"['가격', '이렇', '착하']",긍정,중립
아니 그냥 물에 타서 주면....,151,[],중립,중립
정말...제약회사 좋을 일이구나. 약사는 죽어가고. 개인의사는 죽어가고 대형병원 이사장들은 신나고.,152,"['제약', '회사', '약사', '개인', '의사', '병원', '이사장']",중립,중립
,153,[],중립,중립
왕자핑은 내가 먹어야겠다,156,['왕자'],중립,중립
,157,[],중립,중립
다이소에 리포좀 비타민 있던데. 약국거란 다른건가요?,158,"['다이소', '리포', '비타민', '약국', '다르']",중립,중립
,160,[],중립,중립
,161,[],중립,중립
,162,[],중립,중립
,163,[],중립,중립
,165,[],중립,중립
,166,[],중립,중립
두 박스 샀어요. 오늘 배송 왔어요. 장사의신 소송 다 이기고 힘내요.,168,"['박스', '배송', '장사', '소송', '이기', '힘내']",중립,중립
탈팡이라 네이버도 가격 같나요?,168,"['탈팡', '네이버', '가격']",중립,중립
뿌라스 은현장 열쩡! 잘 먹겠습니다^^,168,"['뿌라스', '현장', '열쩡']",중립,중립
이분은 정말 믿음간다 ~~~,168,['믿음'],중립,중립
은대표님은 인품이 명품입니다,168,"['대표', '인품', '명품']",중립,중립
형 밀키트 전부 주문해보는 중이야 홍삼도 사야해? 세의 먼저 조져줘 형,168,"['키트', '주문', '홍삼', '조지']",중립,중립
아니 어디서 사냐니깐요???,168,['어디'],중립,중립
"3박스 쿠팡으로 주분했어요, 잘 먹겠습니다",168,"['박스', '쿠팡', '주부']",중립,중립
장사의신이. 홍보 하시니 믿고 사겠습니다,168,"['장사', '홍보']",중립,중립
아놔 이른아침에 왠 군용텐트여 제대한지 30년이 넘어가는데 왠일이여 뭘 넣은거여 ~~선다니깐,168,"['이르', '아침', '군용', '텐트', '제대']",중립,중립
어제 도착해서 먹고 있습니다 진한게 아주 좋아 ~,168,"['도착', '진하']",중립,중립
"마그네슘, 바나바잎 추출물 오케오케",170,"['마그네슘', '추출물']",중립,중립
다이소가 영양제도 나오는 시대가 왔네,170,"['다이소', '영양제', '나오', '시대']",중립,중립
다이소 테아닌은 어떤가요? 종류도 많아서 궁금해요!,170,"['다이소', '테아닌', '어떻', '종류', '궁금하']",중립,중립
비타민씨는요?,170,['비타민'],중립,중립
"400*3=1,200 이것이 사칙연산이니까(끄덕)",170,"['이것', '연산']",중립,중립
파는곳 있음...?,170,[],중립,중립
,174,[],중립,중립
바나나잎이 아니었다니 ㄷㄷㄷ,175,"['바나나', '아니']",중립,중립
당뇨전단계가 아닌 당뇨환자들은 먹을필요 없나요? 당뇨약외에 추가로 섭취하는거로요,175,"['당뇨', '단계', '아니', '당뇨', '환자', '필요', '당뇨', '추가', '섭취']",중립,중립
언제 먹는게 좋나요,175,[],중립,중립
,176,[],중립,중립
다이소 다이소 다있네 큰 기업되고 있구나 희안하네 다이고오,181,"['다이소', '다이소', '기업']",중립,중립
말토덱스트린 덱스트린은 공장먹거리에ㅡㅡㅡㅡ걸러내야합니다. 약만두라면소스ㅡㅡㅡㅡㅡㅡㅡㅡ등등등,181,"['말토덱스트린', '덱스트린', '공장', '먹거리', '거르', '만두', '라면', '소스', '등등']",중립,중립
"여러분! 다이소 건강식품 라인업이 점점 화려해지네요! 💊 📍 영상 속 다이소 제품 정보 - 동화 부채표 편안활 5포 / 601618636 / 3,000원 - 동화 부채표 쌍화 5포 / 601618638 / 2,000원 - 동화 부채표 배도라지쌍화 5포 / 601618637 / 2,000원 - 동화 바이마그랩 마그네슘B 30정 / 601618643 / 3,000원 - 종근당 데일리와이즈 혈당컷 다이어트 12정 / 032306201 / 2,000원 - 종근당 데일리와이즈 리스펙타 유산균 6포 / 032306212 / 5,000원 - 종근당 데일리와이즈 초임계 알티지 오메가3 12캡슐 / 032306203 / 2,000원",184,"['여러분', '다이소', '건강식품', '라인업', '영상', '다이소', '제품', '정보', '동화', '부채', '동화', '부채', '동화', '부채표', '배도라지쌍화', '동화', '바이마그랩', '마그네슘', '종근당', '데일리', '와이즈', '혈당', '다이어트', '종근당', '데일리', '와이즈', '리스펙타', '유산균', '종근당', '데일리', '이즈', '초임', '알티', '오메가', '캡슐']",중립,중립
헐 ㅋㅋ 부채표 활명수 ㅋㅋㅋㅋ,184,"['부채표', '명수']",중립,중립
,186,[],중립,중립
쿠팡파트너스 활동의 일환으로 일정 수수료를 받을 수 있습니다😊,188,"['쿠팡', '파트너스', '활동', '일환', '일정', '수수료']",중립,중립
,189,[],중립,중립
,190,[],중립,중립
https://link.inpock.co.kr/moneytree55315,195,[],중립,중립
,197,[],중립,중립
건강을 위협하는 약사회는 해산하라,199,"['건강', '위협', '약사회', '해산']",중립,중립
약사회는 뭐하는 집단인가 고물가를 부축이는놈들인가,199,"['약사회', '집단', '물가', '부축']",중립,중립
남친 한테 “여보 다이소 건강보조 몇몇개는 철수 있대” 남친왈 약사들이 또 집단으로 랄지 떨어겠지 !!!! 뻔한거 집단 이기주의자들 의사 약사,199,"['남친', '다이소', '건강', '보조', '철수', '남친', '약사', '집단', '뻔하', '집단', '이기주의', '의사', '약사']",중립,중립
무조건 제재가야지 민주주의 국가에서,199,"['조건', '제재', '민주주의', '국가']",중립,중립
,200,[],중립,중립
함량이다름,202,"['함량', '다르']",중립,중립
지금은. 안팔아요,202,['지금'],중립,중립
,203,[],중립,중립
,205,[],중립,중립
꿀팁 ㄱㅅ,206,[],중립,중립
,207,[],중립,중립
,208,[],중립,중립
,209,[],중립,중립
하.. 가르시니아 캄보지아 추출물 들어간거 먹고있는데!!!!!! 장난하나 진짜,211,"['가르시니아 캄보지아', '추출물', '들어가', '장난']",중립,중립
,212,[],중립,중립
,213,[],중립,중립
,214,[],중립,중립
,215,[],중립,중립
오메가3.카무트효소.이너케어유산균 ㅡ다이소,216,"['오메가', '3카무트효소', '이너', '케어', '유산균', '다이소']",중립,중립
싼 만큼 양이너무적어서 싼게아니던데,216,"['만큼', '아니']",중립,중립
,217,[],중립,중립
,218,[],중립,중립
요거 ㅠㅠ 한여름엔 포장안에서도 거뭇하게 색이 바뀌더라구요….!!,219,"['요거', '여름', '포장', '바뀌']",중립,중립
마그밀이랑 같은 효과인가요?,219,['효과'],긍정,중립
비타민B는 어때요,220,"['비타민', '어떻']",중립,중립
레전드 바로 삽니다,222,['레전드'],중립,중립
"다이소몰 가보니, 단종이네요....",222,"['다이소', '단종']",중립,중립
생존권이 아니라 연에 몇억씩 벌고 싶은거지. 꼬우면 지들도 가격 낮춰서 팔면된다,223,"['생존', '아니', '꼬우', '가격', '낮추']",중립,중립
이런 일이 다 있나?,223,[],중립,중립
,225,[],중립,중립
,226,[],중립,중립
,227,[],중립,중립
,228,[],중립,중립
1번 3번 같이먹어도돼나요,230,[],중립,중립
,231,[],중립,중립
,232,[],중립,중립
창고형 약국 전국적으로 늘려야함 국민도 선택의 자유를 주라 약사들 오남용 우려 ᆢㅋㅋㅋ,233,"['창고', '약국', '전국', '늘리', '국민', '선택', '자유', '약사', '남용', '우려']",중립,중립
동네 약사들이 국민건강 걱정하는게 제일 역겨움,233,"['동네', '약사', '국민', '건강', '걱정', '역겹']",중립,중립
약사들은 수입 줄어들까봐 우려,233,"['약사', '수입', '줄어들', '우려']",중립,중립
전문의약품도 아닌데... 게다가 ‘건강기능식.품.’ 에 까지 발작하는것도 웃김.,233,"['전문', '의약품', '아니', '건강', '기능', '식품', '발작', '웃기']",중립,중립
본인 약국에 저렇게 손님들 오면 막을거냐고 아니잖아 그럼 다른 약국 간다고 뭐라 할게 아니지,233,"['본인', '약국', '저렇', '아니', '약국', '아니']",중립,중립
우리나라도 일본 드럭스토어 같은 곳이 필요해. 전국에 깔린 올리브영부터 시작해서 지에스25나 씨유 세븐일레븐도 그렇고 의약품 좀 팔아줘!,233,"['우리나라', '일본', '드럭', '스토어', '필요', '전국', '깔리', '올리브', '시작', '지에스', '씨유', '세븐일레븐', '그렇', '의약품']",중립,중립
법에 어긋나는거 없고 약사가 다 봐주는데 뭔문제임ㅋㅋ,233,"['어긋나', '약사', '문제']",중립,중립
약국 갈때마다 친절한분 한번도 못봤습니다. 매번 귀찮은 표정으로 응대하는데 약국안가고 여기가서 쇼핑하고싶습니다,233,"['약국', '친절', '귀찮', '표정', '응대', '약국', '여기', '쇼핑']",중립,중립
이유는 매우 간단함. 기존의 약국 주인 약사들이 약국 매도시 받을 수 있는 권리금이 하락하기 때문임. 월급쟁이 약사들에겐 아무런 영향 없음.,233,"['이유', '기존', '약국', '주인', '약사', '약국', '매도', '권리금', '하락', '때문', '월급', '약사', '영향']",중립,중립
공공성 따지는 놈들이 휴일에는 다 문쳐닫고 약국찾아 삼만리 하게 만드나 ㅋ,233,"['공공', '따지', '휴일', '약국', '삼만', '만들']",중립,중립
뭐 지 밥그릇 뺏기기 싫어서 징징 되는거지!,233,"['밥그릇', '뺏기']",중립,중립
약사 왜필요없는지 이제 다안다. 의약분업 없애는게 맞다,233,"['약사', '필요', '의약', '분업', '없애']",중립,중립
옆나라인 일본과 경제1인 미국만 해도 전문의약품 말고는 일반마트에서도 판매함,233,"['나라', '일본', '경제', '미국', '전문', '의약품', '일반', '마트', '판매']",중립,중립
약사들이 자기 밥그릇지키려는거지,233,"['약사', '자기', '밥그릇', '지키']",중립,중립
약사들이 이곳 별점테러 하더라,233,"['약사', '이곳', '별점', '테러']",중립,중립
더 생겨났음 합니다...,233,['생겨나'],중립,중립
동네 약국 들 이제는 폭리 덤탱이 고객 한테 했던거 돌려 받겠되어 시비 거는 동네 약국 시대 가 바뀌어 가고 있지요 소비자 가 바보 아니지~,233,"['동네', '약국', '이제', '폭리', '덤탱', '고객', '돌리', '시비', '동네', '약국', '시대', '바뀌', '소비자', '바보', '아니']",중립,중립
약사 우려 (돈),233,"['약사', '우려']",중립,중립
솔직히 약사들 쉽게 돈 버는 시대 끝났다.,233,"['약사', '시대']",중립,중립
저거 총책이 중국기업만 아니길...,233,"['저거', '총책', '중국', '기업', '아니']",중립,중립
강남역 등 번화가에도 개점하길 바란다.,233,"['강남역', '번화가', '개점', '바라']",중립,중립
"약사는 자판기로 빨리 대체하자 ""식후 30분"" 원툴로 월 수천씩 버는게 맞냐?",233,"['약사', '자판기', '대체', '식후', '수천']",중립,중립
헐 일본에서 있는 아직 우리 나라는,233,"['일본', '우리', '나라']",중립,중립
하루 세번 먹어라..이딴 소리는 나도 함,233,"['하루', '소리']",중립,중립
이제 약사들도 기름 좀 빠지고 고개 뻣뻣하게 쳐 들고 다니는것도 끝이나야지... 그동안 너무 마이 무따 아이가...전문성? 의사가 처방내리는거 대로 약짓는거는 전문성을 발휘하는거냐? 진짜 전문가는 신약개발 아님? 그게 꼬우면 제약회사나 들어가면 될것이고...이제 약국도 대형화 될거다 그래야 살아남는다...대도시는 손해볼게 없다.,233,"['약사', '기름', '빠지', '고개', '다니', '그동안', '마이', '무따', '아이', '전문', '의사', '처방', '내리', '전문', '발휘', '전문가', '신약', '개발', '아니', '그것', '꼬우', '제약', '회사', '들어가', '약국', '대형', '그렇', '살아남', '도시', '손해']",중립,중립
,234,[],중립,중립
베르베린!!!,235,"['베르', '베리']",중립,중립
다이소 베르베린 소개가 없어서 많이 궁금해요 ^^,235,"['다이소', '베르', '베리', '소개', '궁금하']",중립,중립
,236,[],중립,중립
,237,[],중립,중립
,238,[],중립,중립
,239,[],중립,중립
지금 잘 사먹고 있는 영양제네요. 일반 눈높이에 맞춘 설명 이해가 잘 됩니다,241,"['영양제', '일반', '눈높이', '맞추', '설명', '이해']",중립,중립
가격 정말 파격적이에요 😂,241,"['가격', '파격']",중립,중립
다이소 바나바잎이랑 녹차카테킨 같이 먹어도 되나요?,241,"['다이소', '녹차', '카테킨']",중립,중립
,242,[],중립,중립
다이소영양제 찾는다면? 종근당 데일리와이즈 2천원부터! 바로가기: https://www.daisomall.co.kr/ds/dsBrand/C212/00199,243,"['다이소', '영양제', '종근당', '데일리', '와이즈']",중립,중립
,244,[],중립,중립
,245,[],중립,중립
,246,[],중립,중립
종근당 영양제 소개해줘요,247,"['종근당', '영양제', '소개']",중립,중립
미인이시다😊,248,['미인'],중립,중립
약사님이신가요? 연예인이신가요? 외모가 빛이 나세요,248,"['약사', '연예인', '외모']",중립,중립
종합비타민에 3.6.각각100mg씩 들어있는데 섭취중단해야하나요?,248,"['종합', '비타민', '섭취', '중단']",중립,중립
그럼 비타민 비군 3개월 먹고 다음엔 아예 안 먹나요? 다음엔 언제 또 복용하나요?,248,"['비타민', '개월', '다음', '다음', '복용']",중립,중립
오! 뉴페이스,248,['페이스'],중립,중립
식물의 밥 되는 빛에 대한 얘기 https://youtu.be/P3h7T5VsrlY?si=-cMSEFZXyipULE2Z,249,"['식물', '대하', '얘기']",중립,중립
앞으로 영상제작시 필요 이상으로 화면을 흔들지 마셔요.어지럽고 핵심에 집중해서 보기가 어려위요,249,"['영상', '제작', '필요', '이상', '화면', '흔들', '어지럽', '핵심', '집중', '어리']",중립,중립
죽은 식물이 있는 화분에 꼭 꽃혀 있다고 해서 비석이라고 부릅니다.,249,"['식물', '화분', '비석', '부르']",중립,중립
저영양제 뚜껑그냥 빼면 빠져요 칼로 딸 필요 없이,249,"['영양제', '뚜껑', '빠지', '필요']",중립,중립
얼마간격으로 주는게좋을까요?,249,"['얼마', '간격']",중립,중립
완효성 비료가 왜 가정에서 쓰기 어려운 방식인가요? 소용량도 많이 나옵니다 오스모코트 등등 왤케 한국 원예 쪽은 발전이 없는지 참 옛날 사고 방식에 틀어 박혀서 유럽의 옛날 방식 고집 물반잔 주세요 가드닝,249,"['비료', '가정', '어렵', '방식', '용량', '나오', '오스모코트', '등등', '한국', '원예', '발전', '옛날', '사고', '방식', '박히', '유럽', '옛날', '방식', '고집']",중립,중립
어항물갈이한 물로줘도 직빵임,249,"['어항', '물갈이']",중립,중립
몬스테라 다육이도줘도 됐는것지요,249,['몬스테라'],중립,중립
영상의 다이소 식물 영양제 쓰시는 분들이 얼마나 있는지 모르겠지만 다이소 가시게 되면 비료성분 얼마나 들었는지 한 번 보세요. 비료는 거의 없고 그냥 통값이예요.,249,"['영상', '다이소', '식물', '영양제', '모르', '다이소', '비료', '성분', '비료']",중립,중립
가정용식물이 죽는 원인 9할이 과습입니다.,249,"['가정', '식물', '원인']",중립,중립
물얼마에 앰플 몇개 넣어야될까요? 겨우내 얼었다가 새싹이 올라와서 관리좀하려고해요~,249,"['얼마', '앰프', '새싹', '올라오', '관리']",중립,중립
음악소리 적게하지? 브이로그도 아니고 설명소리랑 섞여 시끄럽게 들려요.,249,"['음악', '소리', '브이', '로그', '아니', '설명', '소리', '섞이', '시끄럽', '들리']",중립,중립
이유튭은 질문에답글을 안달아주네. 영상을올려놓고 시청자가 그영상에 궁굼한점 질문하면 답글달아주는 성의정도는 보여줘야 영상시청하는 보람도 있는것이지 궁굼해서 질문했는데 싸그리 무시해버린다면 다시는영상 시청해주지 말아야한다.,249,"['이유', '질문', '영상', '올리', '시청자', '영상', '궁구', '질문', '성의', '정도', '보이', '영상', '시청', '보람', '질문', '무시', '버리', '영상', '시청']",중립,중립
알비료를 뿌려 둔 상태에서 다이소식물영양제를 자주 뿌려줘도 되나요?,249,"['비료', '뿌리', '상태', '다이소', '식물', '영양제', '뿌리']",중립,중립
대파는요??,249,[],중립,중립
몇칠에 한번식 주야되나요,249,['주야'],중립,중립
,250,[],중립,중립
,251,[],중립,중립
,252,[],중립,중립
,253,[],중립,중립
,254,[],중립,중립
'도시언니' 님의 제품이 궁금하다면👉https://gripapp.onelink.me/lpsd/ocdavpen,256,"['도시', '언니', '제품']",중립,중립
"라이브로 약 상담을 하는 도시언니 약사님의 이야기 어떻게 보셨나요? 질문 : 약사님의 상담 소통창구가 된 저희 앱의 이름은 무엇일까요? 힌트 : ㄱㄹ 정답을 맞춰주신 분 중 5명을 추첨하여 'Grip'에서 사용 가능한 3,000포인트를 드립니다! *당첨자에게는 선물 발송 및 기타 소득 신고를 위한 개인 정보를 요청 드릴 수 있으며, 개인 정보 수집 및 이용에 동의하지 않을 경우 당첨이 취소될 수 있습니다. *당첨자 발표는 6월 10일에 유튜브 채널 커뮤니티를 통해 진행됩니다. 연장 또는 조기 종료 될 수 있으며, 당첨자에게 별도 연락을 드리지 않습니다",256,"['라이브', '상담', '도시', '언니', '약사', '이야기', '어떻', '질문', '약사', '상담', '소통', '창구', '저희', '이름', '무엇', '힌트', '정답', '맞추', '추첨', '사용', '가능', '포인트', '드리', '당첨자', '선물', '발송', '기타', '소득', '신고', '위하', '개인', '정보', '요청', '드리', '개인', '정보', '수집', '이용', '동의', '경우', '당첨', '취소', '당첨자', '발표', '유튜브', '채널', '커뮤니티', '통하', '진행', '연장', '조기', '종료', '당첨자', '별도', '연락', '드리']",중립,중립
정답 그립! 도시언니같은 전문지식을 가진 그리퍼들이 많이 늘어나면 좋겠어요! 지식을 나눠주는 창구 도시언니 화이팅!,256,"['정답', '그립', '도시', '언니', '전문', '지식', '가지', '그리퍼', '늘어나', '지식', '나누', '창구', '도시', '언니']",중립,중립
칫솔 드시는줄 알고 들어왔습니다,258,"['칫솔', '드시', '들어오']",중립,중립
진짜 치과의사였나봐...,258,"['치과', '의사']",중립,중립
분명 구강용품 리뷰인데 다라이랑 족발밖에 안보인다는 나쁜 댓글은 ㄴㄴ,258,"['구강', '용품', '리뷰', '다라', '족발', '보이', '나쁘', '댓글']",중립,중립
다이大가 리뷰하는 다이小😂,258,"['다이', '리뷰', '다이']",중립,중립
다이소 X 다라이소 O 이게 맞습니다.,258,"['다이소', '다라이소', '이것']",중립,중립
그냥 소 아닌가요 ㄷㄷㄷ,258,['아니'],중립,중립
마술사가 아니였어? 날 속인거니?,258,"['마술사', '아니', '속이']",중립,중립
12:31 목마르셔서 삼키신걸로 알겠습니다,258,"['목마르', '삼키']",중립,중립
형님 죄송하지만 카메라가 좋아서 영상보기가 힘드네요 다라이만 땡겨서 영상제작좀 부탁드립니다,258,"['카메라', '영상', '힘들', '땡기', '영상', '제작', '부탁', '드리']",부정,중립
구강청결제 다 마셔버리는 테토직박,258,"['구강', '청결', '마시', '버리']",중립,중립
칫솔은 사서 뜯기 전에는 만져볼 수 없다보니 이런 리뷰 영상도 좋운 거 같아요,258,"['칫솔', '만지', '리뷰', '영상']",중립,중립
왜 뒤로 갈수록 먹방리뷰가 되는건데ㅋㅋㅋㅋ,258,"['먹방', '리뷰']",중립,중립
다라이는 이미 가지고 있어서 살 필요가 없다는 댓글 누구냐 ㅋㅋㅋㅋㅋㅋㅋㅋㅋ 개웃기네 ㅋㅋㅋㅋㅋㅋㅋㅋㅋㅋㅋ,258,"['다라', '가지', '필요', '댓글', '누구', '웃기']",중립,중립
오랜만에 켰는데 왤캐 고퀄리티됨? 허허 방송쟁이 다 됐구만,258,"['오랜만', '퀄리티', '방송']",중립,중립
0:16 그런댓글이 많았다구요? 매직박 차박브이로그 해주세요,258,"['댓글', '매직', '브이', '로그']",중립,중립
다이소는 신이야,258,['다이소'],중립,중립
라방인가요,259,[],중립,중립
저는 다육이 영양제 다이소에서 사서 사용합니다 칼슘제는 따로 구입해서 주고 있구요,268,"['영양제', '다이소', '사용', '칼슘', '구입']",중립,중립
마그네슘 카테킨ㅡ기름진음식 코큐텐 ㅡ기력,269,"['마그네슘', '카테킨', '기름지', '음식', '코큐텐', '기력']",중립,중립
그리 싼가요?,269,[],중립,중립
,270,[],중립,중립
,271,[],중립,중립
"-닥터블릿 멜라드림(30정) 1정당 멜라토닌2mg 함유 자기전 1알 드세요. -동국제약 리포좀 마그마 스피드(30정) 리포좀제형으로 흡수율이 좋음, 정당 마그네슘 120mg -오브맘 스트레스,쉼 30일분 1포당 테아닌200mg와 비타민B 함유 하루에 1포 드세요.",273,"['닥터', '드림', '정당', '멜라토닌', '함유', '드세', '동국', '제약', '리포', '마그마', '스피드', '제형', '흡수', '정당', '마그네슘', '오브', '스트레스', '아니', '비타민', '함유', '하루', '드세']",중립,중립
오늘 삿는데 너무 맛잇어서 내일 친구들 나눠줄려고요,275,"['내일', '친구', '나누']",중립,중립
어른도먹어돼요?,275,['어른'],중립,중립
네,275,[],중립,중립
생각 히고요,275,['생각'],중립,중립
근데 5000×7=35000인데,275,[],중립,중립
H😮ướng có thể làm được điều đó,275,[],중립,중립
함량이달이라도 돈없어서 영양제못사먹엇던 서민층도 사먹을수있는데에 다이소 박수!!,276,"['함량', '영양제', '서민', '다이소', '박수']",중립,중립
,278,[],중립,중립
,279,[],중립,중립
,280,[],중립,중립
,281,[],중립,중립
나 이거 7종세트 됐어,283,"['이거', '세트']",중립,중립
[메디트리] 코큐텐 코엔자임Q10 링크 : https://vo.la/2Em3Wjz,283,"['메디', '트리', '코큐텐', '코엔자임', '링크']",중립,중립
[다이소영양제] 멜라토닌편 닥터블릿 멜라드림(30정) 1정당 멜라토닌2mg 함유 자기전 1알 드세요.,286,"['다이소', '영양제', '멜라토닌', '닥터', '드림', '정당', '멜라토닌', '함유', '드세']",중립,중립
,287,[],중립,중립
😊😊😊😊😊😊,288,[],중립,중립
티니핑 영양제 던지시는겈ㅋ,289,"['영양제', '던지시는겈']",중립,중립
티니핑만 집어던진겉ㅋㅋㅋ,289,['던지'],중립,중립
요즘 다이소 많이 좋아졌어요,289,"['요즘', '다이소']",중립,중립
예쁘게의 기준이 다른가봐요^^,289,"['예쁘', '기준', '다르']",중립,중립
불타는 효자,289,"['불타', '효자']",중립,중립
불이나는 효자,289,['효자'],중립,중립
효자,289,['효자'],중립,중립
*티니팡*,289,['티니팡'],중립,중립
디알엑스 월즈 가보자 화이팅,289,"['디알', '엑스', '월즈']",중립,중립
티니핑 사망,289,"['티니핑', '사망']",중립,중립
ㅋㅋㅋㅋ크,289,[],중립,중립
친구분 한테 취두부 국물얼려서 민트초코 라고하고 먹여주세요,289,"['친구', '취두부', '국물', '얼리', '민트', '초코', '먹이']",중립,중립
효자 3빠,289,['효자'],중립,중립
,290,[],중립,중립
선생님🎉🎉🎉,291,['선생'],중립,중립
오늘 다이소 가야겠네요😊,292,['다이소'],중립,중립
와...다이소에 젤리 영양식품은 미쳤다 갓이소...ㄷㄷㄷ,295,"['와다이소', '젤리', '영양', '식품', '미치']",중립,중립
오 ~로라 핑!! 쳘분스틱;;!!!,295,['스틱'],중립,중립
머가 젤 마씨써여??,295,['마씨써여'],중립,중립
,296,[],중립,중립
,299,[],중립,중립
,300,[],중립,중립
,301,[],중립,중립
,302,[],중립,중립
"[다이소영양제] 루테인 편 요약 : 3번 제품으로 고르세요. 1. 대웅제약 루테인(30정) 루테인20mg 과 비타민A 2. 종근당건강 눈건강엔 루테인지아잔틴(18캡슐) 루테인지아잔틴 합 20mg 과 비타민A E D B, 아연 3. 안국 토비콤 루테인 지아잔틴 미니(30캡슐) 루테인지아잔틴 합 20mg 와 비타민A 4. 안국 토비톰 루테인 지아잔틴(24캡슐) 루테인지아잔틴 합 20mg 과 비타민A E D B C, 아연",304,"['다이소', '영양제', '루테', '요약', '제품', '고르', '대웅제약', '루테', '루테', '비타민', '종근당', '건강', '건강', '루테', '캡슐', '루테인지아잔틴', '비타민', '아연', '안국', '토비콤', '루테', '지아', '미니', '캡슐', '루테인지아잔틴', '비타민', '토비', '루테', '지아', '잔틴', '캡슐', '루테인지아잔틴', '비타민', '아연']",중립,중립
,305,[],중립,중립
,306,[],중립,중립
바나바잎 3000원인디,307,['바나바잎'],중립,중립
,309,[],중립,중립
,310,[],중립,중립
,311,[],중립,중립
,312,[],중립,중립
,314,[],중립,중립
제가 필요한거네요 ㅎ...,315,['필요'],중립,중립
요새 피곤한데 다이소걸로 입문해볼까,315,"['피곤', '다이소', '입문']",중립,중립
,316,[],중립,중립
,317,[],중립,중립
,321,[],중립,중립
,322,[],중립,중립
,323,[],중립,중립
,324,[],중립,중립
와우 다이소에 티니핑영양제까지😁😁,325,"['다이소', '영양제']",중립,중립
지금 가봐야겠어요~ 아이들영앙제가 있다는건 처음알았어요~,325,"['아이', '처음']",중립,중립
화분에 심을때는 비료를 뿌리에 바로 주면 안된다는데 어디에 줍니까?,326,"['화분', '비료', '뿌리', '어디']",중립,중립
이제 영양제 살 때도 그냥 다이소가면 끝!! 😎,328,"['영양제', '다이소']",중립,중립
1ㅃ 다,328,[],중립,중립
제품 이름이 뭔가요?,329,"['제품', '이름']",중립,중립
내일 다이소갈건데 ~~ 잘 찾아봐야지 ~~,332,"['다이소', '찾아보']",중립,중립
엄마심부름 가야겠당!,332,"['엄마', '심부름']",중립,중립
ㅎㅎㅎ 다이소 가야징,332,['다이소'],중립,중립
,333,[],중립,중립
[다이소영양제] 혈압관리 편 대웅제약 코엔자임Q10 1캡슐 100mg 으로 아침 식후에 드세요. 혈압약과 같이드셔도 무방합니다. 대웅제약 rTG오메가3 한캡슐당 EPA+DHA 500mg 고지혈증이나 만성염증이 있으신 분들은 아침이나 점심 식사 후 2알 드세요. 대웅제약 마그네슘 한정당 마그네슘 315mg 저녁식후나 자기전에 1알 드세요.,334,"['다이소', '영양제', '혈압', '관리', '대웅제약', '코엔자임', '캡슐', '아침', '식후', '드세', '혈압', '드시', '무방하', '대웅제약', '오메가', '캡슐', '고지혈증', '만성', '염증', '아침', '점심', '식사', '드세', '대웅제약', '마그네슘', '정당', '마그네슘', '저녁', '식후', '드세']",중립,중립
고정댓글은 어디에?,334,"['고정', '댓글', '어디']",중립,중립
어느 정도 비율로 희석하나용,335,"['정도', '비율', '희석']",중립,중립
"예쁜식물? 👉🏻 채널 링크 클릭하고 구경오세요👀💛 식물, 그냥 피플랜트야🌿",335,"['예쁘', '식물', '채널', '링크', '클릭', '구경', '식물', '플랜트']",중립,중립
고정댓글이어디있어요?,336,"['고정', '댓글', '어디']",중립,중립
,339,[],중립,중립
이거사려면 다이소어디을가나요,340,"['이거', '다이소', '어디']",중립,중립
,341,[],중립,중립
물에 타먹는건줄알고 물에 타먹는데 ㄷㄷㄷ,342,[],중립,중립
,343,[],중립,중립
,344,[],중립,중립
멋진 모양의 괴근식물을 키우는 방법이 궁금하다면 링크를 클릭해 주세요 https://www.youtube.com/watch?v=5ojNc_IaGFs,345,"['멋지', '모양', '식물', '키우', '방법', '링크', '클릭']",중립,중립
저거 커피 알비료 쓰면 식물 다죽는거 볼수 있습니다 양적게줘도 한방에 골로 가요,345,"['저거', '커피', '비료', '식물']",중립,중립
다이소 비료 잘 골라서 쓰세요 ㅠㅠ 강아지 고양이 있는집은 유독할수도있습니다,345,"['다이소', '비료', '고르', '강아지', '고양이', '유독']",중립,중립
,346,[],중립,중립
다이소 없는거만 빼고 다있소,347,['다이소'],중립,중립
,348,[],중립,중립
,349,[],중립,중립
,350,[],중립,중립
,351,[],중립,중립
상품 구경하는 방법 영상 하단의 @소개제품보기 터치하면 유튜브 프로필 상단에 소개제품보기 링크가 있습니다 (상품번호 6),352,"['상품', '구경', '방법', '영상', '하단', '소개', '제품', '터치', '유튜브', '프로필', '상단', '소개', '제품', '링크', '상품', '번호']",중립,중립
,353,[],중립,중립
,354,[],중립,중립
,355,[],중립,중립
,356,[],중립,중립
,357,[],중립,중립
,358,[],중립,중립
"<제품을 구매하시려면, 프로필 중간의 링크를 클릭해주세요> ""이 포스팅은 쿠팡파트너스 활동의 일환으로 이에 따른 일정액의 수수료를 제공받습니다."" https://link.coupang.com/a/cvc65v",359,"['제품', '구매', '프로필', '중간', '링크', '클릭', '포스팅', '쿠팡', '파트너스', '활동', '일환', '따르', '일정액', '수수료', '제공']",중립,중립
,361,[],중립,중립
,362,[],중립,중립
,363,[],중립,중립
,364,[],중립,중립
,366,[],중립,중립
,367,[],중립,중립
😊,368,[],중립,중립
중국 개식품 인가요 국내산이면 믿음이가요,368,"['중국', '식품', '국내', '믿음']",중립,중립
반대로 생각하면 대용량이면 일단 샀을때 나한테 맞는지 확인없이 사니 안맞으면 다 버려야됨 근데 소포장이면 먹다 남겨도 버리기는 수월한거지,369,"['반대', '생각', '용량', '확인', '버리', '포장', '남기', '버리']",중립,중립
오😮😮,369,[],중립,중립
"대웅제약 바나바잎추출물 식후혈당 상승을 막아줘요. 더불어 인슐린 작용을 도와주는 크롬도 같이있습니다. 아침식사와 함께 드세요. 대웅제약 베르베린500 인도매자나무열매 추출물로 함량은 1정당 500mg 하루 1~3정 복용가능하며, 식후에 드세요.",371,"['대웅제약', '추출물', '식후', '혈당', '상승', '더불', '인슐린', '작용', '도와주', '크롬', '아침', '식사', '드세', '대웅제약', '베르베린', '나무', '열매', '추출물', '함량', '하루', '복용', '가능', '식후', '드세']",중립,중립
,372,[],중립,중립
,373,[],중립,중립
국자는 접시에 올려두고 쓰면 되는데 거치대가 필요하다는 생각은 해본적이 없어요,374,"['국자', '접시', '올리', '거치대', '필요', '생각']",중립,중립
깔끔한부엌!!수납정리!!굿!!!!!!,374,"['부엌', '수납', '정리']",중립,중립
"어머, 선팅지 궁금했었는데 빛차단이 잘되긴하나보네요! 제품 링크도 달아주시면 더 좋을것 같아요!😊",374,"['선팅', '차단', '제품', '링크']",중립,중립
저도 다이소 행주걸이 샀는데... 행주만 걸어도 자꾸 기울어져서 떨어졌어요 어떻게 저래 딱 붙였어요?,374,"['다이소', '행주', '걸이', '행주', '기울어지', '떨어지', '어떻', '저렇', '붙이']",중립,중립
기기 정보 공유가능할까요?,374,"['기기', '정보', '공유', '가능']",중립,중립
설명이 넘 빨라서 듣기 어렵네요!,374,"['설명', '빠르', '어렵']",중립,중립
Why are ur nails yellow,375,[],중립,중립
이제 영양제까지 선전하시나 봐요~~,376,"['영양제', '선전']",중립,중립
원장님 ㅇ몇가지섞어서 먹어도되나요 라이코펜 폴리스 3가지이상섞어 복용되나요🎉,376,"['원장', '가지', '라이코펜', '폴리스', '가지', '이상', '복용']",중립,중립
답변부탁드려요원장님🎉,376,"['답변', '부탁', '드리', '원장']",중립,중립
영향제 쿠팡에서 사지요,376,"['영향', '쿠팡']",중립,중립
아따 행님 거 말씀좀 간략히 빨리좀 하쑈잉 ㅡㅡ,376,"['말씀', '하쑈잉']",중립,중립
,378,[],중립,중립
,381,[],중립,중립
우와,382,[],중립,중립
저 스티커 뽑았는데 프린세스 쁠리에 나왔어요,382,"['스티커', '프린세스', '쁠리', '나오']",중립,중립
오메 여러종류 많네 ...,382,['종류'],중립,중립
귀여워 태리,382,"['귀여워', '태리']",중립,중립
오메 다 예뿌네♡,382,['예뿌네'],중립,중립
예뿌당,382,['예뿌'],중립,중립
스티커좋겠다,382,['스티커'],중립,중립
"쥐에스에 하츄핑 담요 나온거 아시나요?!화이트 데이 제품으로 쥐에스에 하츄핑 담요,단체로 다이어리,육샌펜 이르케 나왔어요!!",382,"['에스', '하츄핑', '담요', '나오', '화이트', '데이', '제품', '쥐에스', '하츄핑', '담요', '단체', '다이어리', '나오']",중립,중립
왙태리좋겟다,382,['왙태리'],중립,중립
약국에도 있나?,382,['약국'],중립,중립
각고 싶네요 ㅎㅎ,382,[],중립,중립
,383,[],중립,중립
,384,[],중립,중립
,385,[],중립,중립
,386,[],중립,중립
너무너무 깔끔하네요!!,388,['깔끔'],중립,중립
,389,[],중립,중립
,390,[],중립,중립
,392,[],중립,중립
,393,[],중립,중립
-자연관 이뮨멀티비타민미네랄(4병) 15종 영양소 멀티비타민&미네랄 -자연관 스파이크컷 바나바잎＆카테킨(4병) 코로솔산1.3mg(바나바추출물)&녹차카테킨으로 혈당케어 -자연관 이지슬로 엑스트라버진 올리브오일＆레몬(4병) 엑스트라버진 올리브유 2캡슐 + 레몬즙 -자연관 바이탈 밀크씨슬＆비타민B(4병) 비타민B7종 + 밀크씨슬130mg + 아연으로 간건강초점,394,"['자연관', '이뮨', '멀티', '비타민', '미네랄', '영양소', '멀티', '비타민', '미네랄', '자연관', '스파이크', '카테킨', '추출물', '녹차', '카테킨', '혈당', '케어', '자연', '이지', '슬로', '엑스트라', '버진', '올리브', '오일', '레몬', '엑스트라', '버진', '올리브유', '캡슐', '레몬', '자연관', '이탈', '밀크', '비타민', '비타민', '밀크', '아연', '건강', '초점']",중립,중립
,396,[],중립,중립
또 보고싶은 리뷰템이 있다면 댓글에 알려주세요🤸‍♀️🤸🤸‍♂️🧡🧡,399,"['리뷰', '댓글', '알리']",중립,중립
,401,[],중립,중립
,403,[],중립,중립
[다이소 영양제] 눈 영양제 골라드림 1. 안국 토비콤 루테인 지아잔틴 미니(30캡슐) 루테인지아잔틴 합 20mg 와 비타민A 하루에 1알 식사 후 드세요. 2. 대웅제약 rTG오메가3 한캡슐당 EPA+DHA 500mg 고지혈증이나 만성염증이 있으신 분들은 아침이나 점심 식사 후 2알 드세요. 3. 안국 토비콤 아이포커스 미니(20캡슐) 아스타잔틴5mg 와 비타민A 하루에 1알 식사 후 드세요.,404,"['다이소', '영양제', '영양제', '고르', '드리', '안국', '토비콤', '루테', '지아', '미니', '캡슐', '루테인지아잔틴', '비타민', '하루', '식사', '드세', '대웅제약', '오메가', '캡슐', '고지혈증', '만성', '염증', '아침', '점심', '식사', '드세', '안국', '토비콤', '포커스', '미니', '캡슐', '스타', '비타민', '하루', '식사', '드세']",중립,중립
대웅제약이 전문브랜드가 아니면 어디가 전문브랜든가요?ㅋㅋ,405,"['대웅제약', '전문', '브랜드', '아니', '어디', '전문', '브랜드']",중립,중립
,406,[],중립,중립
,407,[],중립,중립
,408,[],중립,중립
,409,[],중립,중립
,410,[],중립,중립
,411,[],중립,중립
,413,[],중립,중립
,414,[],중립,중립
오호😅 오천원,415,['오천'],중립,중립
다이소가 진짜 다 장악하느구나,416,"['다이소', '장악']",중립,중립
,417,[],중립,중립
"이 콘텐츠는 쿠팡 파트너스 활동의 일환으로, 이에 따른 일정액의 수수료를 제공받습니다 🧐영상 속 제품 구매하고 싶다면? 👉프로필 밑 링크에서 확인해 주세요!",418,"['콘텐츠', '쿠팡', '파트너스', '활동', '일환', '따르', '일정액', '수수료', '제공', '영상', '제품', '구매', '프로필', '링크', '확인']",중립,중립
다이소에서토비콤루테인사먹고있어요,418,"['다이소', '루테']",중립,중립
,419,[],중립,중립
"[다이소영양제] 테아닌편 오브맘 스트레스,쉼 30일분 1포당 테아닌200mg와 비타민B 함유 하루에 1포 드세요.",420,"['다이소', '영양제', '아니', '오브', '스트레스', '아니', '비타민', '함유', '하루', '드세']",중립,중립
,421,[],중립,중립
,422,[],중립,중립
,423,[],중립,중립
올리브영에 없는게 없네요,425,['올리브'],중립,중립
,426,[],중립,중립
,427,[],중립,중립
,428,[],중립,중립
,429,[],중립,중립
,430,[],중립,중립
,431,[],중립,중립
아 맞으셨구나 진짜 잘하셨어요,432,[],중립,중립
눈매와 입술이 매력있음,432,"['눈매', '입술', '매력']",중립,중립
유튜브 라이브도 진행해주세요,432,"['유튜브', '라이브', '진행']",중립,중립
실제후기궁금,433,['후기'],중립,중립
,434,[],중립,중립
,435,[],중립,중립
,436,[],중립,중립
,437,[],중립,중립
,438,[],중립,중립
영양제도 있네요 나중에가면 한번 봐야겠어요,439,"['영양제', '나중']",중립,중립
욜로~ 욜로~ 말 그대로 다아~이써용~~🎉😮🎉,439,['아이'],중립,중립
다이소~~~ 다있소~~^^영양제도 있네요,439,"['다이소', '다있소', '영양제']",중립,중립
,440,[],중립,중립
,441,[],중립,중립
,442,[],중립,중립
,443,[],중립,중립
,444,[],중립,중립
,446,[],중립,중립
,447,[],중립,중립
,448,[],중립,중립
,449,[],중립,중립
,450,[],중립,중립
,451,[],중립,중립
,452,[],중립,중립
,454,[],중립,중립
,455,[],중립,중립
,456,[],중립,중립
,457,[],중립,중립
,458,[],중립,중립
,459,[],중립,중립
,460,[],중립,중립
궁금한 내용은 아래로 연락주세요⬇⬇ https://bit.ly/4sWzvMO,461,"['내용', '아래', '연락']",중립,중립
검색어 열심히 찾아서 들와써용 감쟈합니다! 아쟈스!,461,"['검색어', '들오', '감쟈', '아쟈스']",중립,중립
비오틴은 어떨까요?,461,"['비오티', '어떻']",중립,중립
"고려은단 비타민c랑 판토텐산 b5 먹고 토리든 세럼, 메디포엘 시카크림 바르면서 관리중인데 두 달만에 여드름이랑 속건조 싹 사라짐",462,"['고려은단', '비타민', '토리', '메디', '시카', '크림', '바르', '관리', '여드름', '건조', '사라지']",중립,중립
유산균만해서 점수 해주세요ㅎ,462,"['유산균', '점수']",중립,중립
오쏘몰드시지말고 온누리약국에서만 파는 글루콤이라는 영양제가 훨씬 더 좋습니다,462,"['오쏘몰', '드시', '온누리', '약국', '영양제']",중립,중립
ㄹㅇ 고려은단 비타민c 가즈아,462,"['고려은단', '비타민', '가즈아']",중립,중립
CJ 바이오코어 피부 유산균도 다뤄주세요!!!!,462,"['바이오', '코어', '피부', '유산균', '다루']",중립,중립
10점인거 모아서 설명해주세욯ㅎㅎ,462,"['모으', '설명']",중립,중립
유산균만으로 되어있는 컨텐츠도 궁금해요.,462,"['유산균', '컨텐츠', '궁금하']",중립,중립
이노시톨이랑 질유산균 영상도 만들어주세요,462,"['유산균', '영상', '만들']",중립,중립
이런. 유산군 엄청 먹었는데. 1점이라니,462,['유산'],중립,중립
Peet가 여러사람 살렸네,462,"['사람', '살리']",중립,중립
락토핏은 😋맛있어서ㅋㅋ. 영양제 아예 안먹는 사람들은 젭알 저런거라도 좀 드세유:),462,"['락토핏은', '맛있', '영양제', '사람', '드세']",중립,중립
나레이션 목소리 왜이래,462,"['나레이션', '목소리', '이렇']",중립,중립
보조 여성목소리..ai인가요? 뭔가좀..,462,"['보조', '여성', '목소리']",중립,중립
다단계에서는 저 비타민c 엄청 까던데 ㅋㅋ 막 태우면서 석유기름찌꺼기 라고 그러고,462,"['다단계', '비타민', '태우', '석유', '기름', '찌꺼기', '그러']",중립,중립
어린이 유산균도 해주세요!,462,"['어린이', '유산균']",중립,중립
드시모네도 궁금해여 ㅋㅋ가격만 아니면 좋을거같긴한데,462,"['드시모네', '궁금하', '가격', '아니']",중립,중립
락토핏 다이어트는용 ..?,462,"['락토핏', '다이어트']",중립,중립
도피러스알엑스 거기에 la5들어가있던데 그거먹어야겠네,462,"['도피러스', '엑스', '거기', '들어가', '그거']",중립,중립
오늘 메이크업영상 쪄주세용🤍,463,"['메이크업', '영상']",중립,중립
보현님 화장품영상 많이 올려주세요😊,463,"['보현', '화장품', '영상', '올리']",중립,중립
언니 환연 1~4 통틀어서 제 최애 출연자에요.. 환연4 리액션 찍어주심 안될까용??,463,"['언니', '통틀', '최애', '출연자', '리액션']",중립,중립
저도 열심히 해야겠어요ㅎㅎ,463,[],중립,중립
보현님 다이어트 영상을 잘 볼게요,463,"['보현', '다이어트', '영상']",중립,중립
보현님 넘 예쁘세요..!! 혹시 카메라 여쭤봐도 될까요?? 넘 뽀용하게 나와서 💓,463,"['보현', '예쁘', '카메라', '여쭈', '나오']",중립,중립
생강귤피차 정보 궁금해요오 !!!!,463,"['생강', '피차', '정보', '궁금하']",중립,중립
日本語字幕つけてほしいな♡,463,[],중립,중립
비타민d 제품명 궁금해요!,463,"['비타민', '제품명', '궁금하']",중립,중립
언니 이소티논 먹는 주기가 너무 궁금해요..!!,463,"['언니', '이소티논', '주기', '궁금하']",중립,중립
살이 빠지신건가 얼굴이 좀 달라진것 같아용..!,463,"['빠지', '얼굴', '달라지']",중립,중립
철분젤리 정보가 안나오는데 어디껀가요??,463,"['철분', '젤리', '정보', '나오', '어디']",중립,중립
후라이팬 웍? 정보좀주세용,463,"['후라이팬', '정보']",중립,중립
11:17 비타민d 정보가 너무 흐릿해서 궁금합니다 ㅠ.ㅠ!!,463,"['비타민', '정보', '궁금하']",중립,중립
😮😮,463,[],중립,중립
보현님 저도 얼마전부터 피지 조절제 복용중인데 혹시 술약속 같은건 어떻게 하실까요? ㅠ 6개월정도는 복용을 해야한다는데 몇개월동안 술을 아예 안드셨을까요? ㅠ,463,"['보현', '얼마', '피지', '조절', '복용', '약속', '개월', '정도', '복용', '개월', '동안', '드시']",중립,중립
언닝 투명케이스인데 뒤에 연두색 집있구 그거 케이수 어디껀지 궁금해요!!,463,"['투명', '케이스', '연두색', '그거', '케이', '어디', '궁금하']",중립,중립
전해질워터랑 레몬수랑 어떻게 같이 마시시나요? ㅜㅜ 저도 둘 다 필요한데 어떻게 마셔야 할지를 모르겠어요…,463,"['전해질', '워터', '레몬', '어떻', '마시', '필요', '어떻', '마시', '모르']",중립,중립
안경 왜케 잘 어울리는 거예용~~,464,"['안경', '어울리']",중립,중립
위시 최애 멤버가 누구에요? ㅎ,464,"['위시', '최애', '멤버', '누구']",중립,중립
언니 니트 정보 부탁드려도 돼요?! 넘 예뻐요옹,465,"['언니', '니트', '정보', '부탁', '드리', '예쁘']",중립,중립
메컵 너무 예뻐요,465,['예쁘'],중립,중립
언니…입술 모에요…? 넘예뻐…,465,"['언니', '입술', '예쁘']",중립,중립
언니 목걸이 너무 예쁜데 정보 궁금해요!!!!,465,"['언니', '목걸이', '예쁘', '정보', '궁금하']",중립,중립
사..사..ㄹ..에휴..모르겠다..ㅜ,465,"['사사에휴', '모르']",중립,중립
왜 자꾸 혼자 회춘하심.. 나 어쩌나. . 😮,465,"['회춘', '어쩌']",중립,중립
,466,[],중립,중립
눈밑이 바르르 떨렸는데 그게 마그네슘 때문이였군요ㅠ,467,"['떨리', '그것', '마그네슘', '때문']",중립,중립
네????????? 30대 중반이요?????????20대 초반이 아니구요??????,469,"['중반', '초반', '아니']",중립,중립
? 30대 중반이라고요? 20대 중반으로 봤는데..,469,"['중반', '중반']",중립,중립
"컵 정보좀알려주세효,,//",469,"['정보', '알리']",중립,중립
헉 상의 너무 이뽀요!! 정보 알수있나요..?,469,"['이뽀요', '정보']",중립,중립
"건기식...오메가3,루테인,카베진,유산균,밀크씨슬먹음",469,"['건기', '오메가', '루테', '유산균', '밀크']",중립,중립
약사가 개인상담해주고 건강기능식품을 소분해주는곳인가보네요. 약사가 아닌 의사컨셉 약국인가봐요,470,"['약사', '개인', '상담', '건강', '기능', '식품', '약사', '아니', '의사', '컨셉', '약국']",중립,중립
,472,[],중립,중립
★마그랩X천하장사 콜라보 올리브영 단독기획★ 포스트레스 10+10 https://vo.la/ZIJiYh 마칼디 60정+60정 https://vo.la/IrLOde 지금 올리브영 구매 ㄱㄱ,473,"['천하장사', '콜라', '올리브', '단독', '기획', '스트레스', '마칼디', '올리브', '구매']",중립,중립
🔻퓨레카 워터믹스🔻 https://oy.run/KXtfWdjzw10UYl,475,"['퓨레카', '워터', '믹스']",중립,중립
드디어~~!! 너무 기다렸어요~~!!!,478,['기다리'],중립,중립
저도기뻐요🎉🎉🎉,478,['기쁘'],중립,중립
잘됐다 올영에서 사야지,478,[],중립,중립
🎉🎉🎉🎉🎉🎉국민영웅 에스더포물러!!!여에스더박사님!!!,478,"['국민', '영웅', '에스더', '무르', '여에스더', '박사']",중립,중립
일본에서 구입 방법 알려주세요,478,"['일본', '구입', '방법', '알리']",중립,중립
,479,[],중립,중립
,480,[],중립,중립
영수증 보니 구입한 총 수량이 32개 더라구요. (올영 직원들 선물 포함된 수량) 50만원 정도 나올 만 하네요.ㅋㅋㅋ,481,"['영수증', '구입', '수량', '직원', '선물', '포함', '수량', '정도', '나오']",중립,중립
ㅋ ㅋ😂😂😅,481,[],중립,중립
,482,[],중립,중립
,483,[],중립,중립
,484,[],중립,중립
,485,[],중립,중립
드. 디. 어. 할레루야~~!!!!,488,['할레루'],중립,중립
에스더님은 공주님 ㅎ,488,"['에스더', '공주']",중립,중립
저두 오늘 올리브영가서 구입했어요,488,"['올리브', '구입']",중립,중립
도곡동 올리브영 줄서는 사람으로 인산인해 되기를 기도합니다 에스터님 빵 터졌어요~ 넘 귀욤이세욤~~~ㅋㅋ,488,"['도곡동', '올리브', '사람', '인산인해', '기도', '에스터', '터지', '귀욤이세욤']",중립,중립
멀티비타민 미네랄 당뇨병이 있는데 섭취해도 되나요,488,"['멀티', '비타민', '미네랄', '당뇨병', '섭취']",중립,중립
일본에서는 어떻게 구입해요 매번 한국에 부탁하기가 좀,488,"['일본', '어떻', '구입', '한국', '부탁']",중립,중립
,490,[],중립,중립
,491,[],중립,중립
,493,[],중립,중립
,494,[],중립,중립
,495,[],중립,중립
같이 먹을 코엔자임Q10도 부탁드려요🙏🏻,496,"['코엔자임', '부탁드리']",중립,중립
선생님 해링오일 먹고있는데 오메가3도 같이 섭취해도 되나요?,496,"['선생', '오일', '오메가', '섭취']",중립,중립
"혈행개선 목적으로 헤ㅇ클레스 오메가3 이지 먹고있는데, 먹고난 후 위장 트러블을 겪어요.. 식물성 오메가3는 위장 장애가 덜한지요?",496,"['개선', '목적', '헤클레스', '오메가', '위장', '트러블', '식물', '오메가', '위장', '장애']",중립,중립
식물성 동물성 같이먹을려면 한꺼번에 식물성한알 동물성한알 같이먹으면 되나요,496,"['식물', '동물', '식물', '동물']",중립,중립
넵넵,496,[],중립,중립
감시합니다!!,496,['감시'],중립,중립
"음식물로도 영양분을 섭취하니.. 비타민, 오메가3 등 영양제를 다 먹을 필요없이 반만 먹어야 될것 같아요",496,"['음식물', '영양분', '섭취', '비타민', '오메가', '영양제', '필요']",중립,중립
원하던 정보에요~^^,497,"['원하', '정보']",중립,중립
요즘 마케팅이 너무 심한데 찐정보 알려주시니 든든합니다,497,"['요즘', '마케팅', '심하', '정보', '알리']",중립,중립
하루에 2개라면 아침 저녁 하나씩 해서 2번 먹으면 되나요? 한번에 2개를 먹어야 하나요?,497,"['하루', '아침', '저녁', '하나']",중립,중립
어떤거를 제일 추첨하시나엽,497,['추첨'],중립,중립
처방전없이도 살수 있는 약들이지용? 앗 그런데 가격대가 좀 있네요 ㅎㅎ;,497,"['처방전', '지용', '가격대']",중립,중립
식약처에서 건강기능식품으로 인정 받은 제품은 아닌가요?,497,"['식약처', '건강', '기능', '식품', '인정', '제품', '아니']",중립,중립
글루따디온~,497,[],중립,중립
글루타치온 순함량은 어떻게 확인하나요,497,"['함량', '어떻', '확인']",중립,중립
언제 먹어여하나요?,497,['하나'],중립,중립
,498,[],중립,중립
,499,[],중립,중립
,501,[],중립,중립
,502,[],중립,중립
,503,[],중립,중립
,504,[],중립,중립
,505,[],중립,중립
유산균은 진짜 여자들힌테 필수템 ㅋㅋ 저는 이것두 먹구 질균형제 쓰면서 냄새 가려움도 잡았어요❣ 내 효자들...,506,"['유산균', '여자', '필수', '이것', '균형', '냄새', '가렵', '효자']",중립,중립
오 유산균 프로폴리스 없었는데 사서먹어봐야겠네요🫡,507,"['유산균', '프로폴리스']",중립,중립
,508,[],중립,중립
제품 정보는 아래 링크 https://bit.ly/4pj1rsS,509,"['제품', '정보', '아래', '링크']",중립,중립
💎 영상 속 나오는 제품 정보 💎 ✅ http://bit.ly/4q5Alq2,510,"['영상', '나오', '제품', '정보']",중립,중립
자세한 후기는 블로그에 정리해두었습니다 😊 👉 블로그 바로가기 https://m.blog.naver.com/0620jj/224188027653,511,"['후기', '블로그', '정리', '블로그']",중립,중립
,512,[],중립,중립
,513,[],중립,중립
맛잇어보여요!!!💗💗💗,514,['보이'],중립,중립
,515,[],중립,중립
,516,[],중립,중립
💎 영상 속 나오는 제품 정보 💎 ✅http://bit.ly/4q5Alq2 또는 제 채널 오시면 프로필 아래 링크 클릭 <제 채널 메인 링크 클릭 38번 찾기>,517,"['영상', '나오', '제품', '정보', '채널', '프로필', '아래', '링크', '클릭', '채널', '메인', '링크', '클릭']",중립,중립
김희선이 한 마흔다섯 정도인가요?,517,"['김희선', '마흔', '다섯', '정도']",중립,중립
,518,[],중립,중립
"👉 이거 찾는 사람 많아서 링크 남김 https://link.coupang.com/a/d6faj1 이 포스팅은 쿠팡 파트너스 활동의 일환으로, 이에 따른 일정액의 수수료를 제공받습니다.",519,"['이거', '사람', '링크', '남기', '포스팅', '쿠팡', '파트너스', '활동', '일환', '따르', '일정액', '수수료', '제공']",중립,중립
저는 채소맛보다 달아서 놀랐어요 선생님 제품이였군요! 단백질에 타서 꾸준히 좀 먹어봐야겠어요,520,"['채소', '놀라', '선생', '제품', '단백질']",중립,중립
밀잇 시리얼맛 진짜 맛있더라구요 ㅎㅎ 물만 타도 맛있다고 하신 이유가 있는듯해요 ~~~,520,"['시리얼', '맛있', '맛있', '이유']",중립,중립
마지막에 마시는 쉐이크같은거는 알레르기에 상관없나요? 제가 키위알레르기라서요,520,"['마지막', '마시', '쉐이크', '알레르기', '상관', '키위', '알레르기']",중립,중립
오늘 이종민선상님 테레비 나오는구먼ㅡ sbs 보석이네 ㅋㅋ 그래. 이정도 분이면 진즉에 나왔어야지 ㅎㅎ,520,"['선상', '테레비', '나오', '보석', '정도', '나오']",중립,중립
쉐이크베이비 초코 탄수화물 16g 인데 잘못 표기되어있네요,520,"['쉐이크', '베이비', '초코', '탄수화물', '표기']",중립,중립
배리웨이가 없다니...!ㅠㅠ,520,"['배리', '웨이']",중립,중립
"선생님! 급한일이 있어서 5일 쉐이크 마시며 다이어트하려고 하려해요 쉐이크베이비 기준 하루에 3팩씩 먹으면 나트륨은 약1400, 식이섬유는 약 18그램정돈데 나트륨이나 식이섬유 보충이 필요할까요?",520,"['선생', '급하', '쉐이크', '마시', '다이어트', '쉐이크', '베이비', '기준', '하루', '나트륨', '식이', '섬유', '그램', '정도', '나트륨', '식이', '섬유', '보충', '필요']",중립,중립
지금 크런틴 먹고 광명찾았는데 대용량으로 안 사면 5천원꼴이라 대체품 찾는중 ㅠ 영라뉴 밖에 없나,520,"['광명', '용량', '대체', '영라뉴']",중립,중립
wpi로 먹는게 젤 깔끔하지 않나 난 셀렉스 1팩 목넘김 차음료처럼 깔끔하게 되있는거 있는데 그거 먹거나 신타6 한스쿱 단백질 25g짜리 먹는데 분리 대두 단백은 이 대두라는게 원재료가 gmo일 가능성이 너무 높아서,520,"['깔끔', '렉스', '넘기', '음료', '그거', '한스', '단백질', '분리', '대두', '단백', '대두', '원재료', '가능']",중립,중립
근무하시는 병원 어디인지 궁금해요!,520,"['근무', '병원', '어디', '궁금하']",중립,중립
"지금까지 원장님 단백질 쉐이크 1편 리뷰 보고 영라뉴만 먹어왔는데, 이제 갈아타봅니다. 26년은 새로운 단백질 쉐이크로 다시 다이어트 다짐. 매해 하는 신년다짐..ㅎㅎㅎ",520,"['지금', '원장', '단백질', '쉐이크', '리뷰', '영라뉴', '갈아타', '새롭', '단백질', '쉐이크', '다이어트', '다짐', '신년', '다짐']",중립,중립
잇더핏이랑 코코밥도 해주세요!! 제 최애 단쉐인데,520,"['잇더핏', '코코', '최애', '단쉐']",중립,중립
그래서 1 위가 뭐라는거임?,520,[],중립,중립
체중조절용 조제식품 이라고 되어있는것과 기타가공품이라고 되어있는거 차이가 있을까요??,520,"['체중', '조절', '조제', '식품', '기타', '가공품', '차이']",중립,중립
그래서 본인이 먹는게뭐라는건지,520,['본인'],중립,중립
이거보고 비오틴을 먹기 시작했습니다.ㅎ,522,"['이거', '비오', '시작']",중립,중립
"글루타치온, 비타민 C,D는 저도 중요하다는 얘기 들어봤어요.😲 진짜 건강보다 중요한건 없는 것 같아요. 오연서 배우님도 무엇보다 건강 챙기시고 감기 조심하세요. 😃",522,"['비타민', '중요', '얘기', '건강', '중요', '오연서', '배우', '무엇', '건강', '챙기', '감기', '조심']",긍정,중립
오연서가 나의비타민,522,"['오연서', '비타민']",중립,중립
드라마 화이팅 오연서 화이팅 최진혁 화이팅 뿌꾸 화이팅 이상호 화이팅,522,"['드라마', '화이팅', '오연서', '최진', '화이팅', '뿌꾸', '화이팅', '이상호']",중립,중립
안먹는 영양제가 하나도 없으셔 😮,522,"['영양제', '하나']",중립,중립
✌🏻itamin🏋🏻‍♀️,522,[],중립,중립
뉴트리데이랑 이거랑 뭘 먹어야 하나요??,523,"['트리', '데이', '이거']",중립,중립
선생님 정형외과에서 발톱꿰매다가 에이즈 걸릴수도 잇나요?,523,"['선생', '정형외과', '발톱', '꿰매', '에이즈', '걸리']",중립,중립
막내가 5살인 딸 셋을 키우는 워킹맘입니다. 늦잠보다 깊은 통잠 한 번 자보는게 작은 소원이기도 합니다. 마음이 급해 올영에서 바로 한 박스 주문했어요~ 안방에서 혼자 애 셋 데리고 자는데 10년 넘게 새벽에 안깨고 잔 적이 없었던 것 같아요~ 코자아 먹고 내일은 이른 새벽에 안깨고 새벽 4시까지만 통잠 잤으면 좋겠습니다.,524,"['막내', '키우', '워킹맘', '늦잠', '소원', '마음', '급하', '박스', '주문', '안방', '혼자', '데리', '새벽', '코자아', '내일', '이르', '새벽', '새벽']",중립,중립
코자아! 저도 선물받아서 먹어보고 부모님에게도 나눠주고 있었는데! 몰입하다보니 낮에 예민해지고 저녁에 공허해질때 코자아 한잔 들이키면 바로 꿀잠자요!💤,524,"['코자아', '선물', '부모', '나누', '몰입', '저녁', '코자아', '들이키']",중립,중립
올리브영 예전부터 제 딸도 좋아했어요. 지금은 초4. 수면이 중요한 요즘 마셔보고 싶어요.,524,"['올리브', '예전', '지금', '수면', '중요', '요즘', '마시']",중립,중립
갓생 사업가가 무슨 의미에요?,524,"['사업가', '의미']",중립,중립
,525,[],중립,중립
,526,[],중립,중립
제품 정보는 아래 링크 https://bit.ly/4pj1rsS,528,"['제품', '정보', '아래', '링크']",중립,중립
💎 영상 속 나오는 제품 정보 💎 ✅ http://bit.ly/4q5Alq2,529,"['영상', '나오', '제품', '정보']",중립,중립
볼이 참 긔여워,530,['긔여워'],중립,중립
우왕 1등 ❣️,530,['우왕'],중립,중립
😊😊,530,[],중립,중립
可愛いすぎます🤎。、,530,[],중립,중립
나 고정 시켜줭 ㅠㅠ,530,['고정'],중립,중립
그래서 원장님은 지금 어떤 아르기닌을 드시고 계시는지가 제일 궁금해요!!,532,"['원장', '아르기닌', '드시', '계시', '궁금하']",중립,중립
새해복마니바드세요!!!,532,"['새해', '드세']",중립,중립
어쩜 이리 똑부러지고 이쁘게 생기셨노^^,532,"['부러지', '이쁘', '생기']",중립,중립
명품 닥터 올케어 CMG제약회사는 어때요? 식약처인증이고 기능성입니다,532,"['명품', '닥터', '케어', '제약', '회사', '어떻', '식약처', '인증', '기능']",중립,중립
안녕하세요. 질문드릴 게 있습니다. 22:30에 오르니틴과 시트룰린이 함께 있는 것보다 시트룰린만 있다는 것을 높게 평가하셨는데 이유를 알 수 있을까요? 오르니틴이 아르기닌과 시트롤린 작용 과정에서 생기는 요소를 준해해주는 걸로 알고 있는데…,532,"['안녕', '질문', '드리', '오르', '시트', '시트', '평가', '이유', '오르', '아르기닌', '시트', '작용', '과정', '생기', '요소', '준하']",중립,중립
대전의 딸 자랑스럽습니다. 석회성 건염도 혹시 잘 아시나요.,532,"['대전', '자랑', '석회', '건염']",중립,중립
"쏜리서치제품을 먹고있는데요, 과다 복용만 아니면 다른 아르기닌 제품이랑 같이 복용해도 되는걸까요?",532,"['리서치', '제품', '과다', '복용', '아니', '아르기닌', '제품', '복용']",중립,중립
공복에 아르기닌을 먹고 아침밥을 먹어도 상관이없나요?,532,"['공복', '아르기닌', '아침밥', '상관']",중립,중립
thanks,532,[],중립,중립
이렇게 이쁜데...,532,"['이렇', '이쁘']",중립,중립
아르기닌 지금까지 난 무얼 먹고 있던거지… 이거 보고 다시 사요,532,"['아르기닌', '지금', '무어', '이거']",중립,중립
님처럼 미드 성형하고 먹어야하는 영양제가 뭔가요?,532,"['미드', '성형', '영양제']",중립,중립
,533,[],중립,중립
💎 영상 속 나오는 제품 정보 💎 ✅ http://bit.ly/4q5Alq2 💎 영상 속 나오는 제품 정보 💎 ✅ http://bit.ly/4q5Alq2,534,"['영상', '나오', '제품', '정보', '영상', '나오', '제품', '정보']",중립,중립
올리브오일 그냥 먹으면 무슨 맛임?,534,"['올리브', '오일']",중립,중립
,535,[],중립,중립
이걸요? 제가요? 왜요 😂😂😂,536,['이거'],중립,중립
👇👇침침한눈 너무 불편할 때 '이것'을 드세요👇👇 https://www.youtube.com/watch?v=VEHtLbcras8,538,"['불편', '이것', '드세']",중립,중립
,539,[],중립,중립
,540,[],중립,중립
,541,[],중립,중립
,542,[],중립,중립
👉비염 축농증 후비루 완전정복! 상쾌한의원의 특별한 치료법을 보고싶으시면 https://youtu.be/w-MMv2sm-CU 👉 실제로 완쾌된 환자분들의 치료후기가 보고 싶으시다면 클릭해 보세요 https://cleansoom.com/%EC%B9%98%EB%A3%8C%ED%9B%84%EA%B8%B0/,543,"['비염', '축농증', '후비루', '완전정복', '상쾌하', '의원', '특별', '치료법', '완쾌', '환자', '치료', '후기', '클릭']",중립,중립
원장님 실력이 대단하십니다,543,"['원장', '실력']",중립,중립
후각이 상실 되었는데 회복될수 있나요?,543,"['후각', '상실', '회복']",중립,중립
,544,[],중립,중립
,545,[],중립,중립
,546,[],중립,중립
,547,[],중립,중립
,548,[],중립,중립
@little_yaksa 고려은단 비타민 함량이 낮다고 해서 일부러 안먹었는데요 해외거에 비하면 미량인가요?,549,"['고려은단', '비타민', '함량', '해외', '비하', '미량']",중립,중립
,550,[],중립,중립
,551,[],중립,중립
,552,[],중립,중립
,553,[],중립,중립
,554,[],중립,중립
,555,[],중립,중립
,556,[],중립,중립
,557,[],중립,중립
,558,[],중립,중립
,559,[],중립,중립
,560,[],중립,중립
#에스더포뮬러 #파워퍼프걸 #파워퍼프걸에디션 #파워퍼프걸콜라보 #여에스더글루타치온 #글루타치온필름 #종합비타민 #멀티비타민 #오메가3 #밀크씨슬 #이뮨샷 #이뮨비타민 #이뮨비타민샷 #비타민C #리포좀비타민C #올리브영 #올리브영영양제,562,"['에스더', '포뮬러', '파워', '퍼프', '파워', '퍼프', '에디션', '파워', '퍼프', '콜라', '여에스더', '필름', '종합', '비타민', '멀티', '비타민', '오메가', '밀크', '이뮨샷', '이뮨', '비타민', '이뮨', '비타민', '비타민', '리포', '비타민', '올리브', '올리브', '영양제']",중립,중립
,563,[],중립,중립
,564,[],중립,중립
,565,[],중립,중립
,566,[],중립,중립
,567,[],중립,중립
,568,[],중립,중립
,570,[],중립,중립
,571,[],중립,중립
,572,[],중립,중립
,573,[],중립,중립
,574,[],중립,중립
,575,[],중립,중립
,576,[],중립,중립
,577,[],중립,중립
,578,[],중립,중립
,579,[],중립,중립
,580,[],중립,중립
,582,[],중립,중립
,584,[],중립,중립
@moonej04 비타민c,585,['비타민'],중립,중립
,586,[],중립,중립
,587,[],중립,중립
,588,[],중립,중립
,589,[],중립,중립
,590,[],중립,중립
,591,[],중립,중립
,592,[],중립,중립
,593,[],중립,중립
,594,[],중립,중립
,595,[],중립,중립
,596,[],중립,중립
,597,[],중립,중립
,598,[],중립,중립
,599,[],중립,중립
#건강특별시 #동아동 #알짜동생 #셀파렉스 #비타민C #비타민 #즉시비타민 #편의점비타민 #편의점영양제 #영양제 #건강기능식품,600,"['건강', '특별시', '동아', '알짜', '동생', '렉스', '비타민', '비타민', '즉시', '비타민', '편의점', '비타민', '편의점', '영양제', '영양제', '건강', '기능', '식품']",중립,중립
,601,[],중립,중립
,602,[],중립,중립
,603,[],중립,중립
,604,[],중립,중립
,605,[],중립,중립
,606,[],중립,중립
,607,[],중립,중립
,608,[],중립,중립
,609,[],중립,중립
,610,[],중립,중립
,611,[],중립,중립
,612,[],중립,중립
,613,[],중립,중립
,614,[],중립,중립
,615,[],중립,중립
,616,[],중립,중립
,617,[],중립,중립
,618,[],중립,중립
,619,[],중립,중립
,620,[],중립,중립
,621,[],중립,중립
,622,[],중립,중립
,623,[],중립,중립
,624,[],중립,중립
,625,[],중립,중립
,626,[],중립,중립
,627,[],중립,중립
,628,[],중립,중립
,629,[],중립,중립
,630,[],중립,중립
,631,[],중립,중립
,632,[],중립,중립
,633,[],중립,중립
,634,[],중립,중립
,635,[],중립,중립
,636,[],중립,중립
,637,[],중립,중립
,638,[],중립,중립
,639,[],중립,중립
,640,[],중립,중립
,641,[],중립,중립
,642,[],중립,중립
,643,[],중립,중립
,644,[],중립,중립
,645,[],중립,중립
,646,[],중립,중립
,647,[],중립,중립
,648,[],중립,중립
,649,[],중립,중립
,650,[],중립,중립
,651,[],중립,중립
,652,[],중립,중립
,653,[],중립,중립
,654,[],중립,중립
,655,[],중립,중립
,656,[],중립,중립
,657,[],중립,중립
,658,[],중립,중립
,659,[],중립,중립
,660,[],중립,중립
,661,[],중립,중립
,662,[],중립,중립
,663,[],중립,중립
,664,[],중립,중립
,665,[],중립,중립
,666,[],중립,중립
,667,[],중립,중립
,668,[],중립,중립
,669,[],중립,중립
,670,[],중립,중립
,671,[],중립,중립
,672,[],중립,중립
,673,[],중립,중립
,674,[],중립,중립
,675,[],중립,중립
,676,[],중립,중립
,677,[],중립,중립
,678,[],중립,중립
,679,[],중립,중립
,680,[],중립,중립
,681,[],중립,중립
